timestamp,stack_free,task_name[0],task_name[1],task_name[2],task_name[3],task_name[4],task_name[5],task_name[6],task_name[7],task_name[8],task_name[9],task_name[10],task_name[11],task_name[12],task_name[13],task_name[14],task_name[15]
2488096078,516,115,101,110,115,111,114,115,0,0,0,0,0,0,0,0,0
2488096223,876,99,111,109,109,97,110,100,101,114,0,0,0,0,0,0,0
2489096820,2372,99,111,109,109,97,110,100,101,114,95,108,111,119,95,112,114
2489096835,588,112,120,52,105,111,0,0,0,0,0,0,0,0,0,0,0
2490099630,700,109,97,118,108,105,110,107,95,105,102,48,0,0,0,0,0
2490099642,332,109,97,118,108,105,110,107,95,114,99,118,95,105,102,48,0
2491100759,636,109,97,118,108,105,110,107,95,105,102,49,0,0,0,0,0
2491100771,332,109,97,118,108,105,110,107,95,114,99,118,95,105,102,49,0
2492101888,332,108,111,103,95,119,114,105,116,101,114,95,102,105,108,101,0
2492101903,428,108,111,103,103,101,114,0,0,0,0,0,0,0,0,0,0
2493104234,804,97,116,116,105,116,117,100,101,95,101,115,116,105,109,97,116
2493104287,3372,108,112,95,101,115,116,105,109,97,116,111,114,0,0,0,0
2494104845,500,109,99,95,97,116,116,95,99,111,110,116,114,111,108,0,0
2494104863,828,109,99,95,112,111,115,95,99,111,110,116,114,111,108,0,0
2495108261,900,110,97,118,105,103,97,116,111,114,0,0,0,0,0,0,0
2495108703,876,104,112,119,111,114,107,0,0,0,0,0,0,0,0,0,0
2496108929,1116,108,112,119,111,114,107,0,0,0,0,0,0,0,0,0,0
2496108946,804,105,110,105,116,0,0,0,0,0,0,0,0,0,0,0,0
2497112447,500,103,112,115,0,0,0,0,0,0,0,0,0,0,0,0,0
2497112460,476,100,97,116,97,109,97,110,0,0,0,0,0,0,0,0,0
2498113696,516,115,101,110,115,111,114,115,0,0,0,0,0,0,0,0,0
2498113714,876,99,111,109,109,97,110,100,101,114,0,0,0,0,0,0,0
2499116462,2372,99,111,109,109,97,110,100,101,114,95,108,111,119,95,112,114
2499116476,588,112,120,52,105,111,0,0,0,0,0,0,0,0,0,0,0
2500117611,700,109,97,118,108,105,110,107,95,105,102,48,0,0,0,0,0
2500117622,332,109,97,118,108,105,110,107,95,114,99,118,95,105,102,48,0
2501119285,636,109,97,118,108,105,110,107,95,105,102,49,0,0,0,0,0
2501119300,332,109,97,118,108,105,110,107,95,114,99,118,95,105,102,49,0
2502120857,332,108,111,103,95,119,114,105,116,101,114,95,102,105,108,101,0
2502120913,428,108,111,103,103,101,114,0,0,0,0,0,0,0,0,0,0
2503121971,804,97,116,116,105,116,117,100,101,95,101,115,116,105,109,97,116
2503122043,3372,108,112,95,101,115,116,105,109,97,116,111,114,0,0,0,0
2504122838,500,109,99,95,97,116,116,95,99,111,110,116,114,111,108,0,0
2504122964,828,109,99,95,112,111,115,95,99,111,110,116,114,111,108,0,0
2505125954,900,110,97,118,105,103,97,116,111,114,0,0,0,0,0,0,0
2505125995,876,104,112,119,111,114,107,0,0,0,0,0,0,0,0,0,0
2506126627,1116,108,112,119,111,114,107,0,0,0,0,0,0,0,0,0,0
2506126644,804,105,110,105,116,0,0,0,0,0,0,0,0,0,0,0,0
2507127898,500,103,112,115,0,0,0,0,0,0,0,0,0,0,0,0,0
2507127915,476,100,97,116,97,109,97,110,0,0,0,0,0,0,0,0,0
2508129158,516,115,101,110,115,111,114,115,0,0,0,0,0,0,0,0,0
2508129187,876,99,111,109,109,97,110,100,101,114,0,0,0,0,0,0,0
2509129791,2372,99,111,109,109,97,110,100,101,114,95,108,111,119,95,112,114
2509129805,588,112,120,52,105,111,0,0,0,0,0,0,0,0,0,0,0
2510131386,700,109,97,118,108,105,110,107,95,105,102,48,0,0,0,0,0
2510131398,332,109,97,118,108,105,110,107,95,114,99,118,95,105,102,48,0
2511134680,636,109,97,118,108,105,110,107,95,105,102,49,0,0,0,0,0
2511134695,332,109,97,118,108,105,110,107,95,114,99,118,95,105,102,49,0
2512138428,332,108,111,103,95,119,114,105,116,101,114,95,102,105,108,101,0
2512138443,428,108,111,103,103,101,114,0,0,0,0,0,0,0,0,0,0
2513140810,804,97,116,116,105,116,117,100,101,95,101,115,116,105,109,97,116
2513140863,3372,108,112,95,101,115,116,105,109,97,116,111,114,0,0,0,0
2514142504,500,109,99,95,97,116,116,95,99,111,110,116,114,111,108,0,0
2514142523,828,109,99,95,112,111,115,95,99,111,110,116,114,111,108,0,0
2515143465,900,110,97,118,105,103,97,116,111,114,0,0,0,0,0,0,0
2515143505,876,104,112,119,111,114,107,0,0,0,0,0,0,0,0,0,0
2516144969,1116,108,112,119,111,114,107,0,0,0,0,0,0,0,0,0,0
2516144992,804,105,110,105,116,0,0,0,0,0,0,0,0,0,0,0,0
2517146836,500,103,112,115,0,0,0,0,0,0,0,0,0,0,0,0,0
2517146857,476,100,97,116,97,109,97,110,0,0,0,0,0,0,0,0,0
2518147945,516,115,101,110,115,111,114,115,0,0,0,0,0,0,0,0,0
2518147970,876,99,111,109,109,97,110,100,101,114,0,0,0,0,0,0,0
2519149509,2372,99,111,109,109,97,110,100,101,114,95,108,111,119,95,112,114
2519149524,588,112,120,52,105,111,0,0,0,0,0,0,0,0,0,0,0
2520149898,700,109,97,118,108,105,110,107,95,105,102,48,0,0,0,0,0
2520149913,332,109,97,118,108,105,110,107,95,114,99,118,95,105,102,48,0
2521151646,636,109,97,118,108,105,110,107,95,105,102,49,0,0,0,0,0
2521151662,332,109,97,118,108,105,110,107,95,114,99,118,95,105,102,49,0
2522153010,332,108,111,103,95,119,114,105,116,101,114,95,102,105,108,101,0
2522153032,428,108,111,103,103,101,114,0,0,0,0,0,0,0,0,0,0
2523154297,804,97,116,116,105,116,117,100,101,95,101,115,116,105,109,97,116
2523154352,3372,108,112,95,101,115,116,105,109,97,116,111,114,0,0,0,0
2524156684,500,109,99,95,97,116,116,95,99,111,110,116,114,111,108,0,0
2524156713,828,109,99,95,112,111,115,95,99,111,110,116,114,111,108,0,0
2525157965,900,110,97,118,105,103,97,116,111,114,0,0,0,0,0,0,0
2525158039,876,104,112,119,111,114,107,0,0,0,0,0,0,0,0,0,0
2526158636,1116,108,112,119,111,114,107,0,0,0,0,0,0,0,0,0,0
2526158653,804,105,110,105,116,0,0,0,0,0,0,0,0,0,0,0,0
2527160033,500,103,112,115,0,0,0,0,0,0,0,0,0,0,0,0,0
2527160046,476,100,97,116,97,109,97,110,0,0,0,0,0,0,0,0,0
2528163268,516,115,101,110,115,111,114,115,0,0,0,0,0,0,0,0,0
2528163299,876,99,111,109,109,97,110,100,101,114,0,0,0,0,0,0,0
2529170508,2372,99,111,109,109,97,110,100,101,114,95,108,111,119,95,112,114
2529170522,588,112,120,52,105,111,0,0,0,0,0,0,0,0,0,0,0
2530172905,700,109,97,118,108,105,110,107,95,105,102,48,0,0,0,0,0
2530172916,332,109,97,118,108,105,110,107,95,114,99,118,95,105,102,48,0
2531174502,636,109,97,118,108,105,110,107,95,105,102,49,0,0,0,0,0
2531174513,332,109,97,118,108,105,110,107,95,114,99,118,95,105,102,49,0
2532175457,332,108,111,103,95,119,114,105,116,101,114,95,102,105,108,101,0
2532175472,428,108,111,103,103,101,114,0,0,0,0,0,0,0,0,0,0
2533176799,804,97,116,116,105,116,117,100,101,95,101,115,116,105,109,97,116
2533176852,3372,108,112,95,101,115,116,105,109,97,116,111,114,0,0,0,0
2534178443,500,109,99,95,97,116,116,95,99,111,110,116,114,111,108,0,0
2534178462,828,109,99,95,112,111,115,95,99,111,110,116,114,111,108,0,0
2535180238,900,110,97,118,105,103,97,116,111,114,0,0,0,0,0,0,0
2535180278,876,104,112,119,111,114,107,0,0,0,0,0,0,0,0,0,0
2536181797,1116,108,112,119,111,114,107,0,0,0,0,0,0,0,0,0,0
2536181814,804,105,110,105,116,0,0,0,0,0,0,0,0,0,0,0,0
2537184180,500,103,112,115,0,0,0,0,0,0,0,0,0,0,0,0,0
2537184193,476,100,97,116,97,109,97,110,0,0,0,0,0,0,0,0,0
2538184822,516,115,101,110,115,111,114,115,0,0,0,0,0,0,0,0,0
2538184847,876,99,111,109,109,97,110,100,101,114,0,0,0,0,0,0,0
2539188246,2372,99,111,109,109,97,110,100,101,114,95,108,111,119,95,112,114
2539188267,588,112,120,52,105,111,0,0,0,0,0,0,0,0,0,0,0
2540188786,700,109,97,118,108,105,110,107,95,105,102,48,0,0,0,0,0
2540188801,332,109,97,118,108,105,110,107,95,114,99,118,95,105,102,48,0
2541190015,636,109,97,118,108,105,110,107,95,105,102,49,0,0,0,0,0
2541190040,332,109,97,118,108,105,110,107,95,114,99,118,95,105,102,49,0
2542191159,332,108,111,103,95,119,114,105,116,101,114,95,102,105,108,101,0
2542191182,428,108,111,103,103,101,114,0,0,0,0,0,0,0,0,0,0
2543192133,804,97,116,116,105,116,117,100,101,95,101,115,116,105,109,97,116
2543192185,3372,108,112,95,101,115,116,105,109,97,116,111,114,0,0,0,0
2544194499,500,109,99,95,97,116,116,95,99,111,110,116,114,111,108,0,0
2544194518,828,109,99,95,112,111,115,95,99,111,110,116,114,111,108,0,0
2545195746,900,110,97,118,105,103,97,116,111,114,0,0,0,0,0,0,0
2545195786,876,104,112,119,111,114,107,0,0,0,0,0,0,0,0,0,0
2547197980,500,103,112,115,0,0,0,0,0,0,0,0,0,0,0,0,0
2547198395,476,100,97,116,97,109,97,110,0,0,0,0,0,0,0,0,0
2548200831,516,115,101,110,115,111,114,115,0,0,0,0,0,0,0,0,0
2548200861,876,99,111,109,109,97,110,100,101,114,0,0,0,0,0,0,0
2549203273,2372,99,111,109,109,97,110,100,101,114,95,108,111,119,95,112,114
2549203401,588,112,120,52,105,111,0,0,0,0,0,0,0,0,0,0,0
2550204466,700,109,97,118,108,105,110,107,95,105,102,48,0,0,0,0,0
2550204477,332,109,97,118,108,105,110,107,95,114,99,118,95,105,102,48,0
2551205841,636,109,97,118,108,105,110,107,95,105,102,49,0,0,0,0,0
2551205852,332,109,97,118,108,105,110,107,95,114,99,118,95,105,102,49,0
2552208000,332,108,111,103,95,119,114,105,116,101,114,95,102,105,108,101,0
2552208022,428,108,111,103,103,101,114,0,0,0,0,0,0,0,0,0,0
2553208992,804,97,116,116,105,116,117,100,101,95,101,115,116,105,109,97,116
2553209051,3372,108,112,95,101,115,116,105,109,97,116,111,114,0,0,0,0
2554210606,500,109,99,95,97,116,116,95,99,111,110,116,114,111,108,0,0
2554210629,828,109,99,95,112,111,115,95,99,111,110,116,114,111,108,0,0
2555211613,900,110,97,118,105,103,97,116,111,114,0,0,0,0,0,0,0
2555211653,876,104,112,119,111,114,107,0,0,0,0,0,0,0,0,0,0
2556213148,1116,108,112,119,111,114,107,0,0,0,0,0,0,0,0,0,0
2556213164,804,105,110,105,116,0,0,0,0,0,0,0,0,0,0,0,0
2557214830,500,103,112,115,0,0,0,0,0,0,0,0,0,0,0,0,0
2557214843,476,100,97,116,97,109,97,110,0,0,0,0,0,0,0,0,0
2558216449,516,115,101,110,115,111,114,115,0,0,0,0,0,0,0,0,0
2558216467,876,99,111,109,109,97,110,100,101,114,0,0,0,0,0,0,0
2559217814,2372,99,111,109,109,97,110,100,101,114,95,108,111,119,95,112,114
2559217828,588,112,120,52,105,111,0,0,0,0,0,0,0,0,0,0,0
2560220177,700,109,97,118,108,105,110,107,95,105,102,48,0,0,0,0,0
2560220192,332,109,97,118,108,105,110,107,95,114,99,118,95,105,102,48,0
2561224007,636,109,97,118,108,105,110,107,95,105,102,49,0,0,0,0,0
2561224019,332,109,97,118,108,105,110,107,95,114,99,118,95,105,102,49,0
2562227619,332,108,111,103,95,119,114,105,116,101,114,95,102,105,108,101,0
2562227639,428,108,111,103,103,101,114,0,0,0,0,0,0,0,0,0,0
2563228827,804,97,116,116,105,116,117,100,101,95,101,115,116,105,109,97,116
2563228901,3372,108,112,95,101,115,116,105,109,97,116,111,114,0,0,0,0
2564229702,500,109,99,95,97,116,116,95,99,111,110,116,114,111,108,0,0
2564229727,828,109,99,95,112,111,115,95,99,111,110,116,114,111,108,0,0
2565231665,900,110,97,118,105,103,97,116,111,114,0,0,0,0,0,0,0
2565231923,876,104,112,119,111,114,107,0,0,0,0,0,0,0,0,0,0
2566233188,1116,108,112,119,111,114,107,0,0,0,0,0,0,0,0,0,0
2566233215,804,105,110,105,116,0,0,0,0,0,0,0,0,0,0,0,0
2567235396,500,103,112,115,0,0,0,0,0,0,0,0,0,0,0,0,0
2567235412,476,100,97,116,97,109,97,110,0,0,0,0,0,0,0,0,0
2568238558,516,115,101,110,115,111,114,115,0,0,0,0,0,0,0,0,0
2568238576,876,99,111,109,109,97,110,100,101,114,0,0,0,0,0,0,0
2569240066,2372,99,111,109,109,97,110,100,101,114,95,108,111,119,95,112,114
2569240121,588,112,120,52,105,111,0,0,0,0,0,0,0,0,0,0,0
2570240761,700,109,97,118,108,105,110,107,95,105,102,48,0,0,0,0,0
2570240772,332,109,97,118,108,105,110,107,95,114,99,118,95,105,102,48,0
2571242293,636,109,97,118,108,105,110,107,95,105,102,49,0,0,0,0,0
2571242384,332,109,97,118,108,105,110,107,95,114,99,118,95,105,102,49,0
2572244694,332,108,111,103,95,119,114,105,116,101,114,95,102,105,108,101,0
2572244709,428,108,111,103,103,101,114,0,0,0,0,0,0,0,0,0,0
2573245983,804,97,116,116,105,116,117,100,101,95,101,115,116,105,109,97,116
2573246065,3372,108,112,95,101,115,116,105,109,97,116,111,114,0,0,0,0
2574247758,500,109,99,95,97,116,116,95,99,111,110,116,114,111,108,0,0
2574247783,828,109,99,95,112,111,115,95,99,111,110,116,114,111,108,0,0
2575249305,900,110,97,118,105,103,97,116,111,114,0,0,0,0,0,0,0
2575249566,876,104,112,119,111,114,107,0,0,0,0,0,0,0,0,0,0
2576250721,1116,108,112,119,111,114,107,0,0,0,0,0,0,0,0,0,0
2576250742,804,105,110,105,116,0,0,0,0,0,0,0,0,0,0,0,0
2577252179,500,103,112,115,0,0,0,0,0,0,0,0,0,0,0,0,0
2577252199,476,100,97,116,97,109,97,110,0,0,0,0,0,0,0,0,0
2578253698,516,115,101,110,115,111,114,115,0,0,0,0,0,0,0,0,0
2578253719,876,99,111,109,109,97,110,100,101,114,0,0,0,0,0,0,0
2579259583,2372,99,111,109,109,97,110,100,101,114,95,108,111,119,95,112,114
2579259604,588,112,120,52,105,111,0,0,0,0,0,0,0,0,0,0,0
2580261640,700,109,97,118,108,105,110,107,95,105,102,48,0,0,0,0,0
2580261652,332,109,97,118,108,105,110,107,95,114,99,118,95,105,102,48,0
2581263972,636,109,97,118,108,105,110,107,95,105,102,49,0,0,0,0,0
2581263983,332,109,97,118,108,105,110,107,95,114,99,118,95,105,102,49,0
2582265650,332,108,111,103,95,119,114,105,116,101,114,95,102,105,108,101,0
2582265665,428,108,111,103,103,101,114,0,0,0,0,0,0,0,0,0,0
2583268143,804,97,116,116,105,116,117,100,101,95,101,115,116,105,109,97,116
2583269889,3372,108,112,95,101,115,116,105,109,97,116,111,114,0,0,0,0
2584270681,500,109,99,95,97,116,116,95,99,111,110,116,114,111,108,0,0
2584270750,828,109,99,95,112,111,115,95,99,111,110,116,114,111,108,0,0
2585272272,900,110,97,118,105,103,97,116,111,114,0,0,0,0,0,0,0
2585272691,876,104,112,119,111,114,107,0,0,0,0,0,0,0,0,0,0
2586273769,1116,108,112,119,111,114,107,0,0,0,0,0,0,0,0,0,0
2586273786,804,105,110,105,116,0,0,0,0,0,0,0,0,0,0,0,0
2587275438,500,103,112,115,0,0,0,0,0,0,0,0,0,0,0,0,0
2587275451,476,100,97,116,97,109,97,110,0,0,0,0,0,0,0,0,0
2588276630,516,115,101,110,115,111,114,115,0,0,0,0,0,0,0,0,0
2588276648,876,99,111,109,109,97,110,100,101,114,0,0,0,0,0,0,0
2589278039,2372,99,111,109,109,97,110,100,101,114,95,108,111,119,95,112,114
2589278053,588,112,120,52,105,111,0,0,0,0,0,0,0,0,0,0,0
2590279161,700,109,97,118,108,105,110,107,95,105,102,48,0,0,0,0,0
2590279173,332,109,97,118,108,105,110,107,95,114,99,118,95,105,102,48,0
2591279904,636,109,97,118,108,105,110,107,95,105,102,49,0,0,0,0,0
2591279915,332,109,97,118,108,105,110,107,95,114,99,118,95,105,102,49,0
2592281061,332,108,111,103,95,119,114,105,116,101,114,95,102,105,108,101,0
2592281087,428,108,111,103,103,101,114,0,0,0,0,0,0,0,0,0,0
2593281960,804,97,116,116,105,116,117,100,101,95,101,115,116,105,109,97,116
2593282012,3372,108,112,95,101,115,116,105,109,97,116,111,114,0,0,0,0
2594283862,500,109,99,95,97,116,116,95,99,111,110,116,114,111,108,0,0
2594283880,828,109,99,95,112,111,115,95,99,111,110,116,114,111,108,0,0
2595286467,900,110,97,118,105,103,97,116,111,114,0,0,0,0,0,0,0
2595286527,876,104,112,119,111,114,107,0,0,0,0,0,0,0,0,0,0
2596288276,1116,108,112,119,111,114,107,0,0,0,0,0,0,0,0,0,0
2596288300,804,105,110,105,116,0,0,0,0,0,0,0,0,0,0,0,0
2597289460,500,103,112,115,0,0,0,0,0,0,0,0,0,0,0,0,0
2597289480,476,100,97,116,97,109,97,110,0,0,0,0,0,0,0,0,0
2598291585,516,115,101,110,115,111,114,115,0,0,0,0,0,0,0,0,0
2598291603,876,99,111,109,109,97,110,100,101,114,0,0,0,0,0,0,0
2599293507,2372,99,111,109,109,97,110,100,101,114,95,108,111,119,95,112,114
2599293521,588,112,120,52,105,111,0,0,0,0,0,0,0,0,0,0,0
2600296194,700,109,97,118,108,105,110,107,95,105,102,48,0,0,0,0,0
2600296206,332,109,97,118,108,105,110,107,95,114,99,118,95,105,102,48,0
2601298057,636,109,97,118,108,105,110,107,95,105,102,49,0,0,0,0,0
2601298069,332,109,97,118,108,105,110,107,95,114,99,118,95,105,102,49,0
2602299900,332,108,111,103,95,119,114,105,116,101,114,95,102,105,108,101,0
2602299915,428,108,111,103,103,101,114,0,0,0,0,0,0,0,0,0,0
2603302761,804,97,116,116,105,116,117,100,101,95,101,115,116,105,109,97,116
2603302817,3372,108,112,95,101,115,116,105,109,97,116,111,114,0,0,0,0
2604304314,500,109,99,95,97,116,116,95,99,111,110,116,114,111,108,0,0
2604308428,828,109,99,95,112,111,115,95,99,111,110,116,114,111,108,0,0
2605309968,900,110,97,118,105,103,97,116,111,114,0,0,0,0,0,0,0
2605310039,876,104,112,119,111,114,107,0,0,0,0,0,0,0,0,0,0
2606313611,1116,108,112,119,111,114,107,0,0,0,0,0,0,0,0,0,0
2606313628,804,105,110,105,116,0,0,0,0,0,0,0,0,0,0,0,0
2607315126,500,103,112,115,0,0,0,0,0,0,0,0,0,0,0,0,0
2607315139,476,100,97,116,97,109,97,110,0,0,0,0,0,0,0,0,0
2608316892,516,115,101,110,115,111,114,115,0,0,0,0,0,0,0,0,0
2608316917,876,99,111,109,109,97,110,100,101,114,0,0,0,0,0,0,0
2609318041,2372,99,111,109,109,97,110,100,101,114,95,108,111,119,95,112,114
2609318056,588,112,120,52,105,111,0,0,0,0,0,0,0,0,0,0,0
2610320015,700,109,97,118,108,105,110,107,95,105,102,48,0,0,0,0,0
2610320040,332,109,97,118,108,105,110,107,95,114,99,118,95,105,102,48,0
2611322021,636,109,97,118,108,105,110,107,95,105,102,49,0,0,0,0,0
2611322045,332,109,97,118,108,105,110,107,95,114,99,118,95,105,102,49,0
2612325121,332,108,111,103,95,119,114,105,116,101,114,95,102,105,108,101,0
2612325140,428,108,111,103,103,101,114,0,0,0,0,0,0,0,0,0,0
2613327989,804,97,116,116,105,116,117,100,101,95,101,115,116,105,109,97,116
2613328073,3372,108,112,95,101,115,116,105,109,97,116,111,114,0,0,0,0
2614329251,500,109,99,95,97,116,116,95,99,111,110,116,114,111,108,0,0
2614329280,828,109,99,95,112,111,115,95,99,111,110,116,114,111,108,0,0
2615330585,900,110,97,118,105,103,97,116,111,114,0,0,0,0,0,0,0
2615330625,876,104,112,119,111,114,107,0,0,0,0,0,0,0,0,0,0
2616332310,1116,108,112,119,111,114,107,0,0,0,0,0,0,0,0,0,0
2616333262,804,105,110,105,116,0,0,0,0,0,0,0,0,0,0,0,0
2617337069,500,103,112,115,0,0,0,0,0,0,0,0,0,0,0,0,0
2617337090,476,100,97,116,97,109,97,110,0,0,0,0,0,0,0,0,0
2618341065,516,115,101,110,115,111,114,115,0,0,0,0,0,0,0,0,0
2618341083,876,99,111,109,109,97,110,100,101,114,0,0,0,0,0,0,0
2619344261,2372,99,111,109,109,97,110,100,101,114,95,108,111,119,95,112,114
2619344275,588,112,120,52,105,111,0,0,0,0,0,0,0,0,0,0,0
2620346762,700,109,97,118,108,105,110,107,95,105,102,48,0,0,0,0,0
2620346781,332,109,97,118,108,105,110,107,95,114,99,118,95,105,102,48,0
2621348040,636,109,97,118,108,105,110,107,95,105,102,49,0,0,0,0,0
2621348055,332,109,97,118,108,105,110,107,95,114,99,118,95,105,102,49,0
2622349899,332,108,111,103,95,119,114,105,116,101,114,95,102,105,108,101,0
2622349922,428,108,111,103,103,101,114,0,0,0,0,0,0,0,0,0,0
2623353135,804,97,116,116,105,116,117,100,101,95,101,115,116,105,109,97,116
2623353188,3372,108,112,95,101,115,116,105,109,97,116,111,114,0,0,0,0
2624354531,500,109,99,95,97,116,116,95,99,111,110,116,114,111,108,0,0
2624354549,828,109,99,95,112,111,115,95,99,111,110,116,114,111,108,0,0
2625356101,900,110,97,118,105,103,97,116,111,114,0,0,0,0,0,0,0
2625356208,876,104,112,119,111,114,107,0,0,0,0,0,0,0,0,0,0
2626358133,1116,108,112,119,111,114,107,0,0,0,0,0,0,0,0,0,0
2626358157,804,105,110,105,116,0,0,0,0,0,0,0,0,0,0,0,0
2627361209,500,103,112,115,0,0,0,0,0,0,0,0,0,0,0,0,0
2627361222,476,100,97,116,97,109,97,110,0,0,0,0,0,0,0,0,0
2628361806,516,115,101,110,115,111,114,115,0,0,0,0,0,0,0,0,0
2628361824,876,99,111,109,109,97,110,100,101,114,0,0,0,0,0,0,0
2629362645,2372,99,111,109,109,97,110,100,101,114,95,108,111,119,95,112,114
2629362659,588,112,120,52,105,111,0,0,0,0,0,0,0,0,0,0,0
2630364022,700,109,97,118,108,105,110,107,95,105,102,48,0,0,0,0,0
2630364033,332,109,97,118,108,105,110,107,95,114,99,118,95,105,102,48,0
2631364768,636,109,97,118,108,105,110,107,95,105,102,49,0,0,0,0,0
2631364780,332,109,97,118,108,105,110,107,95,114,99,118,95,105,102,49,0
2632366550,332,108,111,103,95,119,114,105,116,101,114,95,102,105,108,101,0
2632366573,428,108,111,103,103,101,114,0,0,0,0,0,0,0,0,0,0
2633368756,804,97,116,116,105,116,117,100,101,95,101,115,116,105,109,97,116
2633368868,3372,108,112,95,101,115,116,105,109,97,116,111,114,0,0,0,0
2634369671,500,109,99,95,97,116,116,95,99,111,110,116,114,111,108,0,0
2634369689,828,109,99,95,112,111,115,95,99,111,110,116,114,111,108,0,0
2635371761,900,110,97,118,105,103,97,116,111,114,0,0,0,0,0,0,0
2635371917,876,104,112,119,111,114,107,0,0,0,0,0,0,0,0,0,0
2636373641,1116,108,112,119,111,114,107,0,0,0,0,0,0,0,0,0,0
2636373658,804,105,110,105,116,0,0,0,0,0,0,0,0,0,0,0,0
2637374500,500,103,112,115,0,0,0,0,0,0,0,0,0,0,0,0,0
2637374513,476,100,97,116,97,109,97,110,0,0,0,0,0,0,0,0,0
2638375748,516,115,101,110,115,111,114,115,0,0,0,0,0,0,0,0,0
2638375765,876,99,111,109,109,97,110,100,101,114,0,0,0,0,0,0,0
2639377356,2372,99,111,109,109,97,110,100,101,114,95,108,111,119,95,112,114
2639377371,588,112,120,52,105,111,0,0,0,0,0,0,0,0,0,0,0
2640378384,700,109,97,118,108,105,110,107,95,105,102,48,0,0,0,0,0
2640378395,332,109,97,118,108,105,110,107,95,114,99,118,95,105,102,48,0
2641380036,636,109,97,118,108,105,110,107,95,105,102,49,0,0,0,0,0
2641380047,332,109,97,118,108,105,110,107,95,114,99,118,95,105,102,49,0
2642381612,332,108,111,103,95,119,114,105,116,101,114,95,102,105,108,101,0
2642381627,428,108,111,103,103,101,114,0,0,0,0,0,0,0,0,0,0
2643383066,804,97,116,116,105,116,117,100,101,95,101,115,116,105,109,97,116
2643383123,3372,108,112,95,101,115,116,105,109,97,116,111,114,0,0,0,0
2644385649,500,109,99,95,97,116,116,95,99,111,110,116,114,111,108,0,0
2644385678,828,109,99,95,112,111,115,95,99,111,110,116,114,111,108,0,0
2645385584,900,110,97,118,105,103,97,116,111,114,0,0,0,0,0,0,0
2645385625,876,104,112,119,111,114,107,0,0,0,0,0,0,0,0,0,0
2646389954,1116,108,112,119,111,114,107,0,0,0,0,0,0,0,0,0,0
2646389971,804,105,110,105,116,0,0,0,0,0,0,0,0,0,0,0,0
2647391247,500,103,112,115,0,0,0,0,0,0,0,0,0,0,0,0,0
2647391260,476,100,97,116,97,109,97,110,0,0,0,0,0,0,0,0,0
2648392143,516,115,101,110,115,111,114,115,0,0,0,0,0,0,0,0,0
2648392161,876,99,111,109,109,97,110,100,101,114,0,0,0,0,0,0,0
2649392550,2372,99,111,109,109,97,110,100,101,114,95,108,111,119,95,112,114
2649392564,588,112,120,52,105,111,0,0,0,0,0,0,0,0,0,0,0
2650393628,700,109,97,118,108,105,110,107,95,105,102,48,0,0,0,0,0
2650393639,332,109,97,118,108,105,110,107,95,114,99,118,95,105,102,48,0
2651395305,636,109,97,118,108,105,110,107,95,105,102,49,0,0,0,0,0
2651395319,332,109,97,118,108,105,110,107,95,114,99,118,95,105,102,49,0
2652396560,332,108,111,103,95,119,114,105,116,101,114,95,102,105,108,101,0
2652396575,428,108,111,103,103,101,114,0,0,0,0,0,0,0,0,0,0
2653400060,804,97,116,116,105,116,117,100,101,95,101,115,116,105,109,97,116
2653400135,3372,108,112,95,101,115,116,105,109,97,116,111,114,0,0,0,0
2654400759,500,109,99,95,97,116,116,95,99,111,110,116,114,111,108,0,0
2654400778,828,109,99,95,112,111,115,95,99,111,110,116,114,111,108,0,0
2655401902,900,110,97,118,105,103,97,116,111,114,0,0,0,0,0,0,0
2655402036,876,104,112,119,111,114,107,0,0,0,0,0,0,0,0,0,0
2656403961,1116,108,112,119,111,114,107,0,0,0,0,0,0,0,0,0,0
2656403978,804,105,110,105,116,0,0,0,0,0,0,0,0,0,0,0,0
2657405129,500,103,112,115,0,0,0,0,0,0,0,0,0,0,0,0,0
2657405142,476,100,97,116,97,109,97,110,0,0,0,0,0,0,0,0,0
2658408063,516,115,101,110,115,111,114,115,0,0,0,0,0,0,0,0,0
2658408131,876,99,111,109,109,97,110,100,101,114,0,0,0,0,0,0,0
2659409514,2372,99,111,109,109,97,110,100,101,114,95,108,111,119,95,112,114
2659409528,588,112,120,52,105,111,0,0,0,0,0,0,0,0,0,0,0
2660411589,700,109,97,118,108,105,110,107,95,105,102,48,0,0,0,0,0
2660411605,332,109,97,118,108,105,110,107,95,114,99,118,95,105,102,48,0
2661412913,636,109,97,118,108,105,110,107,95,105,102,49,0,0,0,0,0
2661412924,332,109,97,118,108,105,110,107,95,114,99,118,95,105,102,49,0
2662413742,332,108,111,103,95,119,114,105,116,101,114,95,102,105,108,101,0
2662413757,428,108,111,103,103,101,114,0,0,0,0,0,0,0,0,0,0
2663414503,804,97,116,116,105,116,117,100,101,95,101,115,116,105,109,97,116
2663414556,3372,108,112,95,101,115,116,105,109,97,116,111,114,0,0,0,0
2664416077,500,109,99,95,97,116,116,95,99,111,110,116,114,111,108,0,0
2664416098,828,109,99,95,112,111,115,95,99,111,110,116,114,111,108,0,0
2665417249,900,110,97,118,105,103,97,116,111,114,0,0,0,0,0,0,0
2665417367,876,104,112,119,111,114,107,0,0,0,0,0,0,0,0,0,0
2666420232,1116,108,112,119,111,114,107,0,0,0,0,0,0,0,0,0,0
2666420249,804,105,110,105,116,0,0,0,0,0,0,0,0,0,0,0,0
2668422414,516,115,101,110,115,111,114,115,0,0,0,0,0,0,0,0,0
2668422438,876,99,111,109,109,97,110,100,101,114,0,0,0,0,0,0,0
2669444138,2372,99,111,109,109,97,110,100,101,114,95,108,111,119,95,112,114
2669444161,588,112,120,52,105,111,0,0,0,0,0,0,0,0,0,0,0
2670444950,700,109,97,118,108,105,110,107,95,105,102,48,0,0,0,0,0
2670444965,332,109,97,118,108,105,110,107,95,114,99,118,95,105,102,48,0
2671448212,636,109,97,118,108,105,110,107,95,105,102,49,0,0,0,0,0
2671448224,332,109,97,118,108,105,110,107,95,114,99,118,95,105,102,49,0
2672451145,332,108,111,103,95,119,114,105,116,101,114,95,102,105,108,101,0
2672451160,428,108,111,103,103,101,114,0,0,0,0,0,0,0,0,0,0
2673452147,804,97,116,116,105,116,117,100,101,95,101,115,116,105,109,97,116
2673452201,3372,108,112,95,101,115,116,105,109,97,116,111,114,0,0,0,0
2674452743,500,109,99,95,97,116,116,95,99,111,110,116,114,111,108,0,0
2674452762,828,109,99,95,112,111,115,95,99,111,110,116,114,111,108,0,0
2675454534,900,110,97,118,105,103,97,116,111,114,0,0,0,0,0,0,0
2675454574,876,104,112,119,111,114,107,0,0,0,0,0,0,0,0,0,0
2676456132,1116,108,112,119,111,114,107,0,0,0,0,0,0,0,0,0,0
2676456230,804,105,110,105,116,0,0,0,0,0,0,0,0,0,0,0,0
2677458438,500,103,112,115,0,0,0,0,0,0,0,0,0,0,0,0,0
2677458455,476,100,97,116,97,109,97,110,0,0,0,0,0,0,0,0,0
2678460121,516,115,101,110,115,111,114,115,0,0,0,0,0,0,0,0,0
2678460138,876,99,111,109,109,97,110,100,101,114,0,0,0,0,0,0,0
2679461781,2372,99,111,109,109,97,110,100,101,114,95,108,111,119,95,112,114
2679461795,588,112,120,52,105,111,0,0,0,0,0,0,0,0,0,0,0
2680463215,700,109,97,118,108,105,110,107,95,105,102,48,0,0,0,0,0
2680463226,332,109,97,118,108,105,110,107,95,114,99,118,95,105,102,48,0
2681463460,636,109,97,118,108,105,110,107,95,105,102,49,0,0,0,0,0
2681463471,332,109,97,118,108,105,110,107,95,114,99,118,95,105,102,49,0
2682464892,332,108,111,103,95,119,114,105,116,101,114,95,102,105,108,101,0
2682464915,428,108,111,103,103,101,114,0,0,0,0,0,0,0,0,0,0
2683467662,804,97,116,116,105,116,117,100,101,95,101,115,116,105,109,97,116
2683467979,3372,108,112,95,101,115,116,105,109,97,116,111,114,0,0,0,0
2684468995,500,109,99,95,97,116,116,95,99,111,110,116,114,111,108,0,0
2684469020,828,109,99,95,112,111,115,95,99,111,110,116,114,111,108,0,0
2685470177,900,110,97,118,105,103,97,116,111,114,0,0,0,0,0,0,0
2685470638,876,104,112,119,111,114,107,0,0,0,0,0,0,0,0,0,0
2686472923,1116,108,112,119,111,114,107,0,0,0,0,0,0,0,0,0,0
2686472940,804,105,110,105,116,0,0,0,0,0,0,0,0,0,0,0,0
2687473971,500,103,112,115,0,0,0,0,0,0,0,0,0,0,0,0,0
2687473984,476,100,97,116,97,109,97,110,0,0,0,0,0,0,0,0,0
2688473688,516,115,101,110,115,111,114,115,0,0,0,0,0,0,0,0,0
2688473713,876,99,111,109,109,97,110,100,101,114,0,0,0,0,0,0,0
2689475157,2372,99,111,109,109,97,110,100,101,114,95,108,111,119,95,112,114
2689475199,588,112,120,52,105,111,0,0,0,0,0,0,0,0,0,0,0
2690476746,700,109,97,118,108,105,110,107,95,105,102,48,0,0,0,0,0
2690476757,332,109,97,118,108,105,110,107,95,114,99,118,95,105,102,48,0
2691479095,636,109,97,118,108,105,110,107,95,105,102,49,0,0,0,0,0
2691479106,332,109,97,118,108,105,110,107,95,114,99,118,95,105,102,49,0
2692480099,332,108,111,103,95,119,114,105,116,101,114,95,102,105,108,101,0
2692480114,428,108,111,103,103,101,114,0,0,0,0,0,0,0,0,0,0
2693482014,804,97,116,116,105,116,117,100,101,95,101,115,116,105,109,97,116
2693482393,3372,108,112,95,101,115,116,105,109,97,116,111,114,0,0,0,0
2694483571,500,109,99,95,97,116,116,95,99,111,110,116,114,111,108,0,0
2694483593,828,109,99,95,112,111,115,95,99,111,110,116,114,111,108,0,0
2695486764,900,110,97,118,105,103,97,116,111,114,0,0,0,0,0,0,0
2695486829,876,104,112,119,111,114,107,0,0,0,0,0,0,0,0,0,0
2696487950,1116,108,112,119,111,114,107,0,0,0,0,0,0,0,0,0,0
2696487973,804,105,110,105,116,0,0,0,0,0,0,0,0,0,0,0,0
2697489178,500,103,112,115,0,0,0,0,0,0,0,0,0,0,0,0,0
2697489192,476,100,97,116,97,109,97,110,0,0,0,0,0,0,0,0,0
2698489634,516,115,101,110,115,111,114,115,0,0,0,0,0,0,0,0,0
2698489651,876,99,111,109,109,97,110,100,101,114,0,0,0,0,0,0,0
2699491209,2372,99,111,109,109,97,110,100,101,114,95,108,111,119,95,112,114
2699491231,588,112,120,52,105,111,0,0,0,0,0,0,0,0,0,0,0
2700492767,700,109,97,118,108,105,110,107,95,105,102,48,0,0,0,0,0
2700492778,332,109,97,118,108,105,110,107,95,114,99,118,95,105,102,48,0
2701494612,636,109,97,118,108,105,110,107,95,105,102,49,0,0,0,0,0
2701494623,332,109,97,118,108,105,110,107,95,114,99,118,95,105,102,49,0
2702495523,332,108,111,103,95,119,114,105,116,101,114,95,102,105,108,101,0
2702495538,428,108,111,103,103,101,114,0,0,0,0,0,0,0,0,0,0
2703496997,804,97,116,116,105,116,117,100,101,95,101,115,116,105,109,97,116
2703497057,3372,108,112,95,101,115,116,105,109,97,116,111,114,0,0,0,0
2704499124,500,109,99,95,97,116,116,95,99,111,110,116,114,111,108,0,0
2704499142,828,109,99,95,112,111,115,95,99,111,110,116,114,111,108,0,0
2705500451,900,110,97,118,105,103,97,116,111,114,0,0,0,0,0,0,0
2705501648,876,104,112,119,111,114,107,0,0,0,0,0,0,0,0,0,0
2706503791,1116,108,112,119,111,114,107,0,0,0,0,0,0,0,0,0,0
2706503886,804,105,110,105,116,0,0,0,0,0,0,0,0,0,0,0,0
2707504928,500,103,112,115,0,0,0,0,0,0,0,0,0,0,0,0,0
2707504941,476,100,97,116,97,109,97,110,0,0,0,0,0,0,0,0,0
2708508253,516,115,101,110,115,111,114,115,0,0,0,0,0,0,0,0,0
2708508277,876,99,111,109,109,97,110,100,101,114,0,0,0,0,0,0,0
2709509021,2372,99,111,109,109,97,110,100,101,114,95,108,111,119,95,112,114
2709509042,588,112,120,52,105,111,0,0,0,0,0,0,0,0,0,0,0
2710510067,700,109,97,118,108,105,110,107,95,105,102,48,0,0,0,0,0
2710510256,332,109,97,118,108,105,110,107,95,114,99,118,95,105,102,48,0
2711511953,636,109,97,118,108,105,110,107,95,105,102,49,0,0,0,0,0
2711511972,332,109,97,118,108,105,110,107,95,114,99,118,95,105,102,49,0
2712512951,332,108,111,103,95,119,114,105,116,101,114,95,102,105,108,101,0
2712512966,428,108,111,103,103,101,114,0,0,0,0,0,0,0,0,0,0
2713513746,804,97,116,116,105,116,117,100,101,95,101,115,116,105,109,97,116
2713513799,3372,108,112,95,101,115,116,105,109,97,116,111,114,0,0,0,0
2714515774,500,109,99,95,97,116,116,95,99,111,110,116,114,111,108,0,0
2714515900,828,109,99,95,112,111,115,95,99,111,110,116,114,111,108,0,0
2715517082,900,110,97,118,105,103,97,116,111,114,0,0,0,0,0,0,0
2715517127,876,104,112,119,111,114,107,0,0,0,0,0,0,0,0,0,0
2716517984,1116,108,112,119,111,114,107,0,0,0,0,0,0,0,0,0,0
2716518001,804,105,110,105,116,0,0,0,0,0,0,0,0,0,0,0,0
2717520223,500,103,112,115,0,0,0,0,0,0,0,0,0,0,0,0,0
2717520243,476,100,97,116,97,109,97,110,0,0,0,0,0,0,0,0,0
2718521329,516,115,101,110,115,111,114,115,0,0,0,0,0,0,0,0,0
2718521347,876,99,111,109,109,97,110,100,101,114,0,0,0,0,0,0,0
2719523113,2372,99,111,109,109,97,110,100,101,114,95,108,111,119,95,112,114
2719523128,588,112,120,52,105,111,0,0,0,0,0,0,0,0,0,0,0
2720523660,700,109,97,118,108,105,110,107,95,105,102,48,0,0,0,0,0
2720523740,332,109,97,118,108,105,110,107,95,114,99,118,95,105,102,48,0
2721526569,636,109,97,118,108,105,110,107,95,105,102,49,0,0,0,0,0
2721526587,332,109,97,118,108,105,110,107,95,114,99,118,95,105,102,49,0
2722527874,332,108,111,103,95,119,114,105,116,101,114,95,102,105,108,101,0
2722527897,428,108,111,103,103,101,114,0,0,0,0,0,0,0,0,0,0
2723529642,804,97,116,116,105,116,117,100,101,95,101,115,116,105,109,97,116
2723529713,3372,108,112,95,101,115,116,105,109,97,116,111,114,0,0,0,0
2724531208,500,109,99,95,97,116,116,95,99,111,110,116,114,111,108,0,0
2724531237,828,109,99,95,112,111,115,95,99,111,110,116,114,111,108,0,0
2725532742,900,110,97,118,105,103,97,116,111,114,0,0,0,0,0,0,0
2725532806,876,104,112,119,111,114,107,0,0,0,0,0,0,0,0,0,0
2726536778,1116,108,112,119,111,114,107,0,0,0,0,0,0,0,0,0,0
2726536795,804,105,110,105,116,0,0,0,0,0,0,0,0,0,0,0,0
2727538803,500,103,112,115,0,0,0,0,0,0,0,0,0,0,0,0,0
2727538823,476,100,97,116,97,109,97,110,0,0,0,0,0,0,0,0,0
2728539459,516,115,101,110,115,111,114,115,0,0,0,0,0,0,0,0,0
2728539477,876,99,111,109,109,97,110,100,101,114,0,0,0,0,0,0,0
2729541717,2372,99,111,109,109,97,110,100,101,114,95,108,111,119,95,112,114
2729541732,588,112,120,52,105,111,0,0,0,0,0,0,0,0,0,0,0
2730542756,700,109,97,118,108,105,110,107,95,105,102,48,0,0,0,0,0
2730542767,332,109,97,118,108,105,110,107,95,114,99,118,95,105,102,48,0
2731544053,636,109,97,118,108,105,110,107,95,105,102,49,0,0,0,0,0
2731544064,332,109,97,118,108,105,110,107,95,114,99,118,95,105,102,49,0
2732545716,332,108,111,103,95,119,114,105,116,101,114,95,102,105,108,101,0
2732545742,428,108,111,103,103,101,114,0,0,0,0,0,0,0,0,0,0
2733547774,804,97,116,116,105,116,117,100,101,95,101,115,116,105,109,97,116
2733547945,3372,108,112,95,101,115,116,105,109,97,116,111,114,0,0,0,0
2734549096,500,109,99,95,97,116,116,95,99,111,110,116,114,111,108,0,0
2734549121,828,109,99,95,112,111,115,95,99,111,110,116,114,111,108,0,0
2735548786,900,110,97,118,105,103,97,116,111,114,0,0,0,0,0,0,0
2735548851,876,104,112,119,111,114,107,0,0,0,0,0,0,0,0,0,0
2736550535,1116,108,112,119,111,114,107,0,0,0,0,0,0,0,0,0,0
2736550552,804,105,110,105,116,0,0,0,0,0,0,0,0,0,0,0,0
2737551938,500,103,112,115,0,0,0,0,0,0,0,0,0,0,0,0,0
2737551951,476,100,97,116,97,109,97,110,0,0,0,0,0,0,0,0,0
2738553138,516,115,101,110,115,111,114,115,0,0,0,0,0,0,0,0,0
2738553156,876,99,111,109,109,97,110,100,101,114,0,0,0,0,0,0,0
2739554354,2372,99,111,109,109,97,110,100,101,114,95,108,111,119,95,112,114
2739554369,588,112,120,52,105,111,0,0,0,0,0,0,0,0,0,0,0
2740556434,700,109,97,118,108,105,110,107,95,105,102,48,0,0,0,0,0
2740556453,332,109,97,118,108,105,110,107,95,114,99,118,95,105,102,48,0
2741557790,636,109,97,118,108,105,110,107,95,105,102,49,0,0,0,0,0
2741557802,332,109,97,118,108,105,110,107,95,114,99,118,95,105,102,49,0
2742559524,332,108,111,103,95,119,114,105,116,101,114,95,102,105,108,101,0
2742559547,428,108,111,103,103,101,114,0,0,0,0,0,0,0,0,0,0
2743560785,804,97,116,116,105,116,117,100,101,95,101,115,116,105,109,97,116
2743560871,3372,108,112,95,101,115,116,105,109,97,116,111,114,0,0,0,0
2744561931,500,109,99,95,97,116,116,95,99,111,110,116,114,111,108,0,0
2744561950,828,109,99,95,112,111,115,95,99,111,110,116,114,111,108,0,0
2745563493,900,110,97,118,105,103,97,116,111,114,0,0,0,0,0,0,0
2745563557,876,104,112,119,111,114,107,0,0,0,0,0,0,0,0,0,0
2746567759,1116,108,112,119,111,114,107,0,0,0,0,0,0,0,0,0,0
2746567901,804,105,110,105,116,0,0,0,0,0,0,0,0,0,0,0,0
2747569003,500,103,112,115,0,0,0,0,0,0,0,0,0,0,0,0,0
2747569016,476,100,97,116,97,109,97,110,0,0,0,0,0,0,0,0,0
2748572270,516,115,101,110,115,111,114,115,0,0,0,0,0,0,0,0,0
2748572295,876,99,111,109,109,97,110,100,101,114,0,0,0,0,0,0,0
2749572813,2372,99,111,109,109,97,110,100,101,114,95,108,111,119,95,112,114
2749572828,588,112,120,52,105,111,0,0,0,0,0,0,0,0,0,0,0
2750573963,700,109,97,118,108,105,110,107,95,105,102,48,0,0,0,0,0
2750573975,332,109,97,118,108,105,110,107,95,114,99,118,95,105,102,48,0
2751576213,636,109,97,118,108,105,110,107,95,105,102,49,0,0,0,0,0
2751576225,332,109,97,118,108,105,110,107,95,114,99,118,95,105,102,49,0
2752577064,332,108,111,103,95,119,114,105,116,101,114,95,102,105,108,101,0
2752577087,428,108,111,103,103,101,114,0,0,0,0,0,0,0,0,0,0
2753578049,804,97,116,116,105,116,117,100,101,95,101,115,116,105,109,97,116
2753578151,3372,108,112,95,101,115,116,105,109,97,116,111,114,0,0,0,0
2754579131,500,109,99,95,97,116,116,95,99,111,110,116,114,111,108,0,0
2754579149,828,109,99,95,112,111,115,95,99,111,110,116,114,111,108,0,0
2755580035,900,110,97,118,105,103,97,116,111,114,0,0,0,0,0,0,0
2755580075,876,104,112,119,111,114,107,0,0,0,0,0,0,0,0,0,0
2756581023,1116,108,112,119,111,114,107,0,0,0,0,0,0,0,0,0,0
2756581040,804,105,110,105,116,0,0,0,0,0,0,0,0,0,0,0,0
2757581705,500,103,112,115,0,0,0,0,0,0,0,0,0,0,0,0,0
2757581765,476,100,97,116,97,109,97,110,0,0,0,0,0,0,0,0,0
2758583957,516,115,101,110,115,111,114,115,0,0,0,0,0,0,0,0,0
2758583975,876,99,111,109,109,97,110,100,101,114,0,0,0,0,0,0,0
2759584927,2372,99,111,109,109,97,110,100,101,114,95,108,111,119,95,112,114
2759584941,588,112,120,52,105,111,0,0,0,0,0,0,0,0,0,0,0
2760586818,700,109,97,118,108,105,110,107,95,105,102,48,0,0,0,0,0
2760586830,332,109,97,118,108,105,110,107,95,114,99,118,95,105,102,48,0
2761588995,636,109,97,118,108,105,110,107,95,105,102,49,0,0,0,0,0
2761589006,332,109,97,118,108,105,110,107,95,114,99,118,95,105,102,49,0
2762589708,332,108,111,103,95,119,114,105,116,101,114,95,102,105,108,101,0
2762589731,428,108,111,103,103,101,114,0,0,0,0,0,0,0,0,0,0
2763591948,804,97,116,116,105,116,117,100,101,95,101,115,116,105,109,97,116
2763592000,3372,108,112,95,101,115,116,105,109,97,116,111,114,0,0,0,0
2764593149,500,109,99,95,97,116,116,95,99,111,110,116,114,111,108,0,0
2764593168,828,109,99,95,112,111,115,95,99,111,110,116,114,111,108,0,0
2765593969,900,110,97,118,105,103,97,116,111,114,0,0,0,0,0,0,0
2765594029,876,104,112,119,111,114,107,0,0,0,0,0,0,0,0,0,0
2766596050,1116,108,112,119,111,114,107,0,0,0,0,0,0,0,0,0,0
2766596066,804,105,110,105,116,0,0,0,0,0,0,0,0,0,0,0,0
2767598071,500,103,112,115,0,0,0,0,0,0,0,0,0,0,0,0,0
2767598313,476,100,97,116,97,109,97,110,0,0,0,0,0,0,0,0,0
2768600262,516,115,101,110,115,111,114,115,0,0,0,0,0,0,0,0,0
2768600279,876,99,111,109,109,97,110,100,101,114,0,0,0,0,0,0,0
2769600550,2372,99,111,109,109,97,110,100,101,114,95,108,111,119,95,112,114
2769600564,588,112,120,52,105,111,0,0,0,0,0,0,0,0,0,0,0
2770603799,700,109,97,118,108,105,110,107,95,105,102,48,0,0,0,0,0
2770603810,332,109,97,118,108,105,110,107,95,114,99,118,95,105,102,48,0
2771604944,636,109,97,118,108,105,110,107,95,105,102,49,0,0,0,0,0
2771604955,332,109,97,118,108,105,110,107,95,114,99,118,95,105,102,49,0
2772606058,332,108,111,103,95,119,114,105,116,101,114,95,102,105,108,101,0
2772606075,428,108,111,103,103,101,114,0,0,0,0,0,0,0,0,0,0
2773609000,804,97,116,116,105,116,117,100,101,95,101,115,116,105,109,97,116
2773609059,3372,108,112,95,101,115,116,105,109,97,116,111,114,0,0,0,0
2774609749,500,109,99,95,97,116,116,95,99,111,110,116,114,111,108,0,0
2774609767,828,109,99,95,112,111,115,95,99,111,110,116,114,111,108,0,0
2775613049,900,110,97,118,105,103,97,116,111,114,0,0,0,0,0,0,0
2775613098,876,104,112,119,111,114,107,0,0,0,0,0,0,0,0,0,0
2776613697,1116,108,112,119,111,114,107,0,0,0,0,0,0,0,0,0,0
2776613714,804,105,110,105,116,0,0,0,0,0,0,0,0,0,0,0,0
2777615061,500,103,112,115,0,0,0,0,0,0,0,0,0,0,0,0,0
2777615074,476,100,97,116,97,109,97,110,0,0,0,0,0,0,0,0,0
2778615527,516,115,101,110,115,111,114,115,0,0,0,0,0,0,0,0,0
2778615545,876,99,111,109,109,97,110,100,101,114,0,0,0,0,0,0,0
2779617134,2372,99,111,109,109,97,110,100,101,114,95,108,111,119,95,112,114
2779617149,588,112,120,52,105,111,0,0,0,0,0,0,0,0,0,0,0
2780617890,700,109,97,118,108,105,110,107,95,105,102,48,0,0,0,0,0
2780617902,332,109,97,118,108,105,110,107,95,114,99,118,95,105,102,48,0
2781620568,636,109,97,118,108,105,110,107,95,105,102,49,0,0,0,0,0
2781620587,332,109,97,118,108,105,110,107,95,114,99,118,95,105,102,49,0
2782621856,332,108,111,103,95,119,114,105,116,101,114,95,102,105,108,101,0
2782621871,428,108,111,103,103,101,114,0,0,0,0,0,0,0,0,0,0
2783623611,804,97,116,116,105,116,117,100,101,95,101,115,116,105,109,97,116
2783623664,3372,108,112,95,101,115,116,105,109,97,116,111,114,0,0,0,0
2784624764,500,109,99,95,97,116,116,95,99,111,110,116,114,111,108,0,0
2784624783,828,109,99,95,112,111,115,95,99,111,110,116,114,111,108,0,0
2785626014,900,110,97,118,105,103,97,116,111,114,0,0,0,0,0,0,0
2785626294,876,104,112,119,111,114,107,0,0,0,0,0,0,0,0,0,0
2786627427,1116,108,112,119,111,114,107,0,0,0,0,0,0,0,0,0,0
2786627451,804,105,110,105,116,0,0,0,0,0,0,0,0,0,0,0,0
2787629790,500,103,112,115,0,0,0,0,0,0,0,0,0,0,0,0,0
2787629810,476,100,97,116,97,109,97,110,0,0,0,0,0,0,0,0,0
2789634739,2372,99,111,109,109,97,110,100,101,114,95,108,111,119,95,112,114
2789634761,588,112,120,52,105,111,0,0,0,0,0,0,0,0,0,0,0
2790635759,700,109,97,118,108,105,110,107,95,105,102,48,0,0,0,0,0
2790635770,332,109,97,118,108,105,110,107,95,114,99,118,95,105,102,48,0
2791638652,636,109,97,118,108,105,110,107,95,105,102,49,0,0,0,0,0
2791638706,332,109,97,118,108,105,110,107,95,114,99,118,95,105,102,49,0
2792640128,332,108,111,103,95,119,114,105,116,101,114,95,102,105,108,101,0
2792640143,428,108,111,103,103,101,114,0,0,0,0,0,0,0,0,0,0
2793640465,804,97,116,116,105,116,117,100,101,95,101,115,116,105,109,97,116
2793640593,3372,108,112,95,101,115,116,105,109,97,116,111,114,0,0,0,0
2794640845,500,109,99,95,97,116,116,95,99,111,110,116,114,111,108,0,0
2794640863,828,109,99,95,112,111,115,95,99,111,110,116,114,111,108,0,0
2795643468,900,110,97,118,105,103,97,116,111,114,0,0,0,0,0,0,0
2795643509,876,104,112,119,111,114,107,0,0,0,0,0,0,0,0,0,0
2796644565,1116,108,112,119,111,114,107,0,0,0,0,0,0,0,0,0,0
2796644582,804,105,110,105,116,0,0,0,0,0,0,0,0,0,0,0,0
2797649036,500,103,112,115,0,0,0,0,0,0,0,0,0,0,0,0,0
2797649049,476,100,97,116,97,109,97,110,0,0,0,0,0,0,0,0,0
2798653222,516,115,101,110,115,111,114,115,0,0,0,0,0,0,0,0,0
2798653240,876,99,111,109,109,97,110,100,101,114,0,0,0,0,0,0,0
2799657664,2372,99,111,109,109,97,110,100,101,114,95,108,111,119,95,112,114
2799657678,588,112,120,52,105,111,0,0,0,0,0,0,0,0,0,0,0
2800658799,700,109,97,118,108,105,110,107,95,105,102,48,0,0,0,0,0
2800658818,332,109,97,118,108,105,110,107,95,114,99,118,95,105,102,48,0
2801660158,636,109,97,118,108,105,110,107,95,105,102,49,0,0,0,0,0
2801660173,332,109,97,118,108,105,110,107,95,114,99,118,95,105,102,49,0
2802663947,332,108,111,103,95,119,114,105,116,101,114,95,102,105,108,101,0
2802664000,428,108,111,103,103,101,114,0,0,0,0,0,0,0,0,0,0
2803665976,804,97,116,116,105,116,117,100,101,95,101,115,116,105,109,97,116
2803666056,3372,108,112,95,101,115,116,105,109,97,116,111,114,0,0,0,0
2804667613,500,109,99,95,97,116,116,95,99,111,110,116,114,111,108,0,0
2804667638,828,109,99,95,112,111,115,95,99,111,110,116,114,111,108,0,0
2805668718,900,110,97,118,105,103,97,116,111,114,0,0,0,0,0,0,0
2805668792,876,104,112,119,111,114,107,0,0,0,0,0,0,0,0,0,0
2806669776,1116,108,112,119,111,114,107,0,0,0,0,0,0,0,0,0,0
2806669793,804,105,110,105,116,0,0,0,0,0,0,0,0,0,0,0,0
2807672267,500,103,112,115,0,0,0,0,0,0,0,0,0,0,0,0,0
2807672284,476,100,97,116,97,109,97,110,0,0,0,0,0,0,0,0,0
2808673688,516,115,101,110,115,111,114,115,0,0,0,0,0,0,0,0,0
2808673706,876,99,111,109,109,97,110,100,101,114,0,0,0,0,0,0,0
2809674599,2372,99,111,109,109,97,110,100,101,114,95,108,111,119,95,112,114
2809674614,588,112,120,52,105,111,0,0,0,0,0,0,0,0,0,0,0
2810675778,700,109,97,118,108,105,110,107,95,105,102,48,0,0,0,0,0
2810675790,332,109,97,118,108,105,110,107,95,114,99,118,95,105,102,48,0
2811676719,636,109,97,118,108,105,110,107,95,105,102,49,0,0,0,0,0
2811676731,332,109,97,118,108,105,110,107,95,114,99,118,95,105,102,49,0
2812677580,332,108,111,103,95,119,114,105,116,101,114,95,102,105,108,101,0
2812677595,428,108,111,103,103,101,114,0,0,0,0,0,0,0,0,0,0
2813678712,804,97,116,116,105,116,117,100,101,95,101,115,116,105,109,97,116
2813678796,3372,108,112,95,101,115,116,105,109,97,116,111,114,0,0,0,0
2814680163,500,109,99,95,97,116,116,95,99,111,110,116,114,111,108,0,0
2814680182,828,109,99,95,112,111,115,95,99,111,110,116,114,111,108,0,0
2815681499,900,110,97,118,105,103,97,116,111,114,0,0,0,0,0,0,0
2815681539,876,104,112,119,111,114,107,0,0,0,0,0,0,0,0,0,0
2816683115,1116,108,112,119,111,114,107,0,0,0,0,0,0,0,0,0,0
2816683137,804,105,110,105,116,0,0,0,0,0,0,0,0,0,0,0,0
2817684398,500,103,112,115,0,0,0,0,0,0,0,0,0,0,0,0,0
2817684415,476,100,97,116,97,109,97,110,0,0,0,0,0,0,0,0,0
2818686762,516,115,101,110,115,111,114,115,0,0,0,0,0,0,0,0,0
2818686787,876,99,111,109,109,97,110,100,101,114,0,0,0,0,0,0,0
2819688312,2372,99,111,109,109,97,110,100,101,114,95,108,111,119,95,112,114
2819688335,588,112,120,52,105,111,0,0,0,0,0,0,0,0,0,0,0
2820690292,700,109,97,118,108,105,110,107,95,105,102,48,0,0,0,0,0
2820690307,332,109,97,118,108,105,110,107,95,114,99,118,95,105,102,48,0
2821692115,636,109,97,118,108,105,110,107,95,105,102,49,0,0,0,0,0
2821692126,332,109,97,118,108,105,110,107,95,114,99,118,95,105,102,49,0
2822694752,332,108,111,103,95,119,114,105,116,101,114,95,102,105,108,101,0
2822694775,428,108,111,103,103,101,114,0,0,0,0,0,0,0,0,0,0
2823696469,804,97,116,116,105,116,117,100,101,95,101,115,116,105,109,97,116
2823696703,3372,108,112,95,101,115,116,105,109,97,116,111,114,0,0,0,0
2824697986,500,109,99,95,97,116,116,95,99,111,110,116,114,111,108,0,0
2824698011,828,109,99,95,112,111,115,95,99,111,110,116,114,111,108,0,0
2825698568,900,110,97,118,105,103,97,116,111,114,0,0,0,0,0,0,0
2825698608,876,104,112,119,111,114,107,0,0,0,0,0,0,0,0,0,0
2826701492,1116,108,112,119,111,114,107,0,0,0,0,0,0,0,0,0,0
2826701509,804,105,110,105,116,0,0,0,0,0,0,0,0,0,0,0,0
2827702844,500,103,112,115,0,0,0,0,0,0,0,0,0,0,0,0,0
2827702857,476,100,97,116,97,109,97,110,0,0,0,0,0,0,0,0,0
2828704021,516,115,101,110,115,111,114,115,0,0,0,0,0,0,0,0,0
2828704045,876,99,111,109,109,97,110,100,101,114,0,0,0,0,0,0,0
2829705717,2372,99,111,109,109,97,110,100,101,114,95,108,111,119,95,112,114
2829705738,588,112,120,52,105,111,0,0,0,0,0,0,0,0,0,0,0
2830706637,700,109,97,118,108,105,110,107,95,105,102,48,0,0,0,0,0
2830706656,332,109,97,118,108,105,110,107,95,114,99,118,95,105,102,48,0
2831708829,636,109,97,118,108,105,110,107,95,105,102,49,0,0,0,0,0
2831708844,332,109,97,118,108,105,110,107,95,114,99,118,95,105,102,49,0
2832709609,332,108,111,103,95,119,114,105,116,101,114,95,102,105,108,101,0
2832709636,428,108,111,103,103,101,114,0,0,0,0,0,0,0,0,0,0
2833711152,804,97,116,116,105,116,117,100,101,95,101,115,116,105,109,97,116
2833711205,3372,108,112,95,101,115,116,105,109,97,116,111,114,0,0,0,0
2834712897,500,109,99,95,97,116,116,95,99,111,110,116,114,111,108,0,0
2834712916,828,109,99,95,112,111,115,95,99,111,110,116,114,111,108,0,0
2835713696,900,110,97,118,105,103,97,116,111,114,0,0,0,0,0,0,0
2835713737,876,104,112,119,111,114,107,0,0,0,0,0,0,0,0,0,0
2836715221,1116,108,112,119,111,114,107,0,0,0,0,0,0,0,0,0,0
2836715237,804,105,110,105,116,0,0,0,0,0,0,0,0,0,0,0,0
2837716904,500,103,112,115,0,0,0,0,0,0,0,0,0,0,0,0,0
2837716917,476,100,97,116,97,109,97,110,0,0,0,0,0,0,0,0,0
2838718452,516,115,101,110,115,111,114,115,0,0,0,0,0,0,0,0,0
2838718477,876,99,111,109,109,97,110,100,101,114,0,0,0,0,0,0,0
2839720057,2372,99,111,109,109,97,110,100,101,114,95,108,111,119,95,112,114
2839720078,588,112,120,52,105,111,0,0,0,0,0,0,0,0,0,0,0
2840721959,700,109,97,118,108,105,110,107,95,105,102,48,0,0,0,0,0
2840721978,332,109,97,118,108,105,110,107,95,114,99,118,95,105,102,48,0
2841725686,636,109,97,118,108,105,110,107,95,105,102,49,0,0,0,0,0
2841725705,332,109,97,118,108,105,110,107,95,114,99,118,95,105,102,49,0
2842729505,332,108,111,103,95,119,114,105,116,101,114,95,102,105,108,101,0
2842729520,428,108,111,103,103,101,114,0,0,0,0,0,0,0,0,0,0
2843731273,804,97,116,116,105,116,117,100,101,95,101,115,116,105,109,97,116
2843731349,3372,108,112,95,101,115,116,105,109,97,116,111,114,0,0,0,0
2844733571,500,109,99,95,97,116,116,95,99,111,110,116,114,111,108,0,0
2844733589,828,109,99,95,112,111,115,95,99,111,110,116,114,111,108,0,0
2845738795,900,110,97,118,105,103,97,116,111,114,0,0,0,0,0,0,0
2845738856,876,104,112,119,111,114,107,0,0,0,0,0,0,0,0,0,0
2846740911,1116,108,112,119,111,114,107,0,0,0,0,0,0,0,0,0,0
2846741063,804,105,110,105,116,0,0,0,0,0,0,0,0,0,0,0,0
2847741908,500,103,112,115,0,0,0,0,0,0,0,0,0,0,0,0,0
2847741921,476,100,97,116,97,109,97,110,0,0,0,0,0,0,0,0,0
2848743535,516,115,101,110,115,111,114,115,0,0,0,0,0,0,0,0,0
2848743552,876,99,111,109,109,97,110,100,101,114,0,0,0,0,0,0,0
2849744560,2372,99,111,109,109,97,110,100,101,114,95,108,111,119,95,112,114
2849744574,588,112,120,52,105,111,0,0,0,0,0,0,0,0,0,0,0
2850745877,700,109,97,118,108,105,110,107,95,105,102,48,0,0,0,0,0
2850745896,332,109,97,118,108,105,110,107,95,114,99,118,95,105,102,48,0
2851751146,636,109,97,118,108,105,110,107,95,105,102,49,0,0,0,0,0
2851751158,332,109,97,118,108,105,110,107,95,114,99,118,95,105,102,49,0
2852752872,332,108,111,103,95,119,114,105,116,101,114,95,102,105,108,101,0
2852752895,428,108,111,103,103,101,114,0,0,0,0,0,0,0,0,0,0
2853753821,804,97,116,116,105,116,117,100,101,95,101,115,116,105,109,97,116
2853753874,3372,108,112,95,101,115,116,105,109,97,116,111,114,0,0,0,0
2854754537,500,109,99,95,97,116,116,95,99,111,110,116,114,111,108,0,0
2854754556,828,109,99,95,112,111,115,95,99,111,110,116,114,111,108,0,0
2855755516,900,110,97,118,105,103,97,116,111,114,0,0,0,0,0,0,0
2855755619,876,104,112,119,111,114,107,0,0,0,0,0,0,0,0,0,0
2856757735,1116,108,112,119,111,114,107,0,0,0,0,0,0,0,0,0,0
2856757759,804,105,110,105,116,0,0,0,0,0,0,0,0,0,0,0,0
