timestamp,system_id,component_id,onboard_control_sensors_present,onboard_control_sensors_enabled,onboard_control_sensors_health,nav_state,arming_state,hil_state,failsafe,system_type,is_rotary_wing,is_vtol,vtol_fw_permanent_stab,in_transition_mode,in_transition_to_fw,rc_signal_lost,rc_input_mode,data_link_lost,data_link_lost_counter,engine_failure,engine_failure_cmd,mission_failure
2488399071,1,1,0,0,0,1,2,0,0,2,1,0,0,0,0,0,0,0,2,0,0,0
2488671516,1,1,0,0,0,1,2,0,0,2,1,0,0,0,0,0,0,0,2,0,0,0
2488897127,1,1,0,0,0,1,2,0,0,2,1,0,0,0,0,0,0,0,2,0,0,0
2489125981,1,1,0,0,0,1,2,0,0,2,1,0,0,0,0,0,0,0,2,0,0,0
2489355646,1,1,0,0,0,1,2,0,0,2,1,0,0,0,0,0,0,0,2,0,0,0
2489596114,1,1,0,0,0,1,2,0,0,2,1,0,0,0,0,0,0,0,2,0,0,0
2489836062,1,1,0,0,0,1,2,0,0,2,1,0,0,0,0,0,0,0,2,0,0,0
2490076146,1,1,0,0,0,1,2,0,0,2,1,0,0,0,0,0,0,0,2,0,0,0
2490314524,1,1,0,0,0,1,2,0,0,2,1,0,0,0,0,0,0,0,2,0,0,0
2490552092,1,1,0,0,0,1,2,0,0,2,1,0,0,0,0,0,0,0,2,0,0,0
2490784414,1,1,0,0,0,1,2,0,0,2,1,0,0,0,0,0,0,0,2,0,0,0
2491020723,1,1,0,0,0,1,2,0,0,2,1,0,0,0,0,0,0,0,2,0,0,0
2491245673,1,1,0,0,0,1,2,0,0,2,1,0,0,0,0,0,0,0,2,0,0,0
2491472800,1,1,0,0,0,1,2,0,0,2,1,0,0,0,0,0,0,0,2,0,0,0
2491699633,1,1,0,0,0,1,2,0,0,2,1,0,0,0,0,0,0,0,2,0,0,0
2491934010,1,1,0,0,0,1,2,0,0,2,1,0,0,0,0,0,0,0,2,0,0,0
2492170737,1,1,0,0,0,1,2,0,0,2,1,0,0,0,0,0,0,0,2,0,0,0
2492400135,1,1,0,0,0,1,2,0,0,2,1,0,0,0,0,0,0,0,2,0,0,0
2492638447,1,1,0,0,0,1,2,0,0,2,1,0,0,0,0,0,0,0,2,0,0,0
2492872207,1,1,0,0,0,1,2,0,0,2,1,0,0,0,0,0,0,0,2,0,0,0
2493101593,1,1,0,0,0,1,2,0,0,2,1,0,0,0,0,0,0,0,2,0,0,0
2493335649,1,1,0,0,0,1,2,0,0,2,1,0,0,0,0,0,0,0,2,0,0,0
2493575589,1,1,0,0,0,1,2,0,0,2,1,0,0,0,0,0,0,0,2,0,0,0
2493809244,1,1,0,0,0,1,2,0,0,2,1,0,0,0,0,0,0,0,2,0,0,0
2494034307,1,1,0,0,0,1,2,0,0,2,1,0,0,0,0,0,0,0,2,0,0,0
2494261169,1,1,0,0,0,1,2,0,0,2,1,0,0,0,0,0,0,0,2,0,0,0
2494494294,1,1,0,0,0,1,2,0,0,2,1,0,0,0,0,0,0,0,2,0,0,0
2494719520,1,1,0,0,0,1,2,0,0,2,1,0,0,0,0,0,0,0,2,0,0,0
2494946695,1,1,0,0,0,1,2,0,0,2,1,0,0,0,0,0,0,0,2,0,0,0
2495186487,1,1,0,0,0,1,2,0,0,2,1,0,0,0,0,0,0,0,2,0,0,0
2495426673,1,1,0,0,0,1,2,0,0,2,1,0,0,0,0,0,0,0,2,0,0,0
2495666665,1,1,0,0,0,1,2,0,0,2,1,0,0,0,0,0,0,0,2,0,0,0
2495907557,1,1,0,0,0,1,2,0,0,2,1,0,0,0,0,0,0,0,2,0,0,0
2496140586,1,1,0,0,0,1,2,0,0,2,1,0,0,0,0,0,0,0,2,0,0,0
2496366746,1,1,0,0,0,1,2,0,0,2,1,0,0,0,0,0,0,0,2,0,0,0
2496592225,1,1,0,0,0,1,2,0,0,2,1,0,0,0,0,0,0,0,2,0,0,0
2496821680,1,1,0,0,0,1,2,0,0,2,1,0,0,0,0,0,0,0,2,0,0,0
2497052713,1,1,0,0,0,1,2,0,0,2,1,0,0,0,0,0,0,0,2,0,0,0
2497285734,1,1,0,0,0,1,2,0,0,2,1,0,0,0,0,0,0,0,2,0,0,0
2497519486,1,1,0,0,0,1,2,0,0,2,1,0,0,0,0,0,0,0,2,0,0,0
2497753372,1,1,0,0,0,1,2,0,0,2,1,0,0,0,0,0,0,0,2,0,0,0
2497985725,1,1,0,0,0,1,2,0,0,2,1,0,0,0,0,0,0,0,2,0,0,0
2498223544,1,1,0,0,0,1,2,0,0,2,1,0,0,0,0,0,0,0,2,0,0,0
2498455368,1,1,0,0,0,1,2,0,0,2,1,0,0,0,0,0,0,0,2,0,0,0
2498687577,1,1,0,0,0,1,2,0,0,2,1,0,0,0,0,0,0,0,2,0,0,0
2498927889,1,1,0,0,0,1,2,0,0,2,1,0,0,0,0,0,0,0,2,0,0,0
2499163695,1,1,0,0,0,1,2,0,0,2,1,0,0,0,0,0,0,0,2,0,0,0
2499396766,1,1,0,0,0,1,2,0,0,2,1,0,0,0,0,0,0,0,2,0,0,0
2499623511,1,1,0,0,0,1,2,0,0,2,1,0,0,0,0,0,0,0,2,0,0,0
2499853891,1,1,0,0,0,1,2,0,0,2,1,0,0,0,0,0,0,0,2,0,0,0
2500079488,1,1,0,0,0,1,2,0,0,2,1,0,0,0,0,0,0,0,2,0,0,0
2500307610,1,1,0,0,0,1,2,0,0,2,1,0,0,0,0,0,0,0,2,0,0,0
2500546784,1,1,0,0,0,1,2,0,0,2,1,0,0,0,0,0,0,0,2,0,0,0
2500786759,1,1,0,0,0,1,2,0,0,2,1,0,0,0,0,0,0,0,2,0,0,0
2501027170,1,1,0,0,0,1,2,0,0,2,1,0,0,0,0,0,0,0,2,0,0,0
2501266673,1,1,0,0,0,1,2,0,0,2,1,0,0,0,0,0,0,0,2,0,0,0
2501507868,1,1,0,0,0,1,2,0,0,2,1,0,0,0,0,0,0,0,2,0,0,0
2501747421,1,1,0,0,0,1,2,0,0,2,1,0,0,0,0,0,0,0,2,0,0,0
2501987581,1,1,0,0,0,1,2,0,0,2,1,0,0,0,0,0,0,0,2,0,0,0
2502219299,1,1,0,0,0,1,2,0,0,2,1,0,0,0,0,0,0,0,2,0,0,0
2502456549,1,1,0,0,0,1,2,0,0,2,1,0,0,0,0,0,0,0,2,0,0,0
2502693561,1,1,0,0,0,1,2,0,0,2,1,0,0,0,0,0,0,0,2,0,0,0
2502929748,1,1,0,0,0,1,2,0,0,2,1,0,0,0,0,0,0,0,2,0,0,0
2503157933,1,1,0,0,0,1,2,0,0,2,1,0,0,0,0,0,0,0,2,0,0,0
2503384957,1,1,0,0,0,1,2,0,0,2,1,0,0,0,0,0,0,0,2,0,0,0
2503613178,1,1,0,0,0,1,2,0,0,2,1,0,0,0,0,0,0,0,2,0,0,0
2503839608,1,1,0,0,0,1,2,0,0,2,1,0,0,0,0,0,0,0,2,0,0,0
2504070811,1,1,0,0,0,1,2,0,0,2,1,0,0,0,0,0,0,0,2,0,0,0
2504310783,1,1,0,0,0,1,2,0,0,2,1,0,0,0,0,0,0,0,2,0,0,0
2504550737,1,1,0,0,0,1,2,0,0,2,1,0,0,0,0,0,0,0,2,0,0,0
2504791246,1,1,0,0,0,1,2,0,0,2,1,0,0,0,0,0,0,0,2,0,0,0
2505030854,1,1,0,0,0,1,2,0,0,2,1,0,0,0,0,0,0,0,2,0,0,0
2505264995,1,1,0,0,0,1,2,0,0,2,1,0,0,0,0,0,0,0,2,0,0,0
2505492702,1,1,0,0,0,1,2,0,0,2,1,0,0,0,0,0,0,0,2,0,0,0
2505718543,1,1,0,0,0,1,2,0,0,2,1,0,0,0,0,0,0,0,2,0,0,0
2505946657,1,1,0,0,0,1,2,0,0,2,1,0,0,0,0,0,0,0,2,0,0,0
2506169846,1,1,0,0,0,1,2,0,0,2,1,0,0,0,0,0,0,0,2,0,0,0
2506409787,1,1,0,0,0,1,2,0,0,2,1,0,0,0,0,0,0,0,2,0,0,0
2506638487,1,1,0,0,0,1,2,0,0,2,1,0,0,0,0,0,0,0,2,0,0,0
2506866512,1,1,0,0,0,1,2,0,0,2,1,0,0,0,0,0,0,0,2,0,0,0
2507098671,1,1,0,0,0,1,2,0,0,2,1,0,0,0,0,0,0,0,2,0,0,0
2507331484,1,1,0,0,0,1,2,0,0,2,1,0,0,0,0,0,0,0,2,0,0,0
2507567473,1,1,0,0,0,1,2,0,0,2,1,0,0,0,0,0,0,0,2,0,0,0
2507805094,1,1,0,0,0,1,2,0,0,2,1,0,0,0,0,0,0,0,2,0,0,0
2508044937,1,1,0,0,0,1,2,0,0,2,1,0,0,0,0,0,0,0,2,0,0,0
2508284764,1,1,0,0,0,1,2,0,0,2,1,0,0,0,0,0,0,0,2,0,0,0
2508514971,1,1,0,0,0,1,2,0,0,2,1,0,0,0,0,0,0,0,2,0,0,0
2508746995,1,1,0,0,0,1,2,0,0,2,1,0,0,0,0,0,0,0,2,0,0,0
2508973749,1,1,0,0,0,1,2,0,0,2,1,0,0,0,0,0,0,0,2,0,0,0
2509206796,1,1,0,0,0,1,2,0,0,2,1,0,0,0,0,0,0,0,2,0,0,0
2509433697,1,1,0,0,0,1,2,0,0,2,1,0,0,0,0,0,0,0,2,0,0,0
2509671663,1,1,0,0,0,1,2,0,0,2,1,0,0,0,0,0,0,0,2,0,0,0
2509910826,1,1,0,0,0,1,2,0,0,2,1,0,0,0,0,0,0,0,2,0,0,0
2510151183,1,1,0,0,0,1,2,0,0,2,1,0,0,0,0,0,0,0,2,0,0,0
2510390842,1,1,0,0,0,1,2,0,0,2,1,0,0,0,0,0,0,0,2,0,0,0
2510624827,1,1,0,0,0,1,2,0,0,2,1,0,0,0,0,0,0,0,2,0,0,0
2510852768,1,1,0,0,0,1,2,0,0,2,1,0,0,0,0,0,0,0,2,0,0,0
2511082185,1,1,0,0,0,1,2,0,0,2,1,0,0,0,0,0,0,0,2,0,0,0
2511306599,1,1,0,0,0,1,2,0,0,2,1,0,0,0,0,0,0,0,2,0,0,0
2511534792,1,1,0,0,0,1,2,0,0,2,1,0,0,0,0,0,0,0,2,0,0,0
2511765745,1,1,0,0,0,1,2,0,0,2,1,0,0,0,0,0,0,0,2,0,0,0
2512001868,1,1,0,0,0,1,2,0,0,2,1,0,0,0,0,0,0,0,2,0,0,0
2512242775,1,1,0,0,0,1,2,0,0,2,1,0,0,0,0,0,0,0,2,0,0,0
2512477770,1,1,0,0,0,1,2,0,0,2,1,0,0,0,0,0,0,0,2,0,0,0
2512714671,1,1,0,0,0,1,2,0,0,2,1,0,0,0,0,0,0,0,2,0,0,0
2512947646,1,1,0,0,0,1,2,0,0,2,1,0,0,0,0,0,0,0,2,0,0,0
2513191254,1,1,0,0,0,1,2,0,0,2,1,0,0,0,0,0,0,0,2,0,0,0
2513424845,1,1,0,0,0,1,2,0,0,2,1,0,0,0,0,0,0,0,2,0,0,0
2513665004,1,1,0,0,0,1,2,0,0,2,1,0,0,0,0,0,0,0,2,0,0,0
2513902270,1,1,0,0,0,1,2,0,0,2,1,0,0,0,0,0,0,0,2,0,0,0
2514134725,1,1,0,0,0,1,2,0,0,2,1,0,0,0,0,0,0,0,2,0,0,0
2514359485,1,1,0,0,0,1,2,0,0,2,1,0,0,0,0,0,0,0,2,0,0,0
2514589919,1,1,0,0,0,1,2,0,0,2,1,0,0,0,0,0,0,0,2,0,0,0
2514815585,1,1,0,0,0,1,2,0,0,2,1,0,0,0,0,0,0,0,2,0,0,0
2515042446,1,1,0,0,0,1,2,0,0,2,1,0,0,0,0,0,0,0,2,0,0,0
2515282502,1,1,0,0,0,1,2,0,0,2,1,0,0,0,0,0,0,0,2,0,0,0
2515522498,1,1,0,0,0,1,2,0,0,2,1,0,0,0,0,0,0,0,2,0,0,0
2515762840,1,1,0,0,0,1,2,0,0,2,1,0,0,0,0,0,0,0,2,0,0,0
2516008065,1,1,0,0,0,1,2,0,0,2,1,0,0,0,0,0,0,0,2,0,0,0
2516242893,1,1,0,0,0,1,2,0,0,2,1,0,0,0,0,0,0,0,2,0,0,0
2516469876,1,1,0,0,0,1,2,0,0,2,1,0,0,0,0,0,0,0,2,0,0,0
2516700161,1,1,0,0,0,1,2,0,0,2,1,0,0,0,0,0,0,0,2,0,0,0
2516925722,1,1,0,0,0,1,2,0,0,2,1,0,0,0,0,0,0,0,2,0,0,0
2517154580,1,1,0,0,0,1,2,0,0,2,1,0,0,0,0,0,0,0,2,0,0,0
2517386633,1,1,0,0,0,1,2,0,0,2,1,0,0,0,0,0,0,0,2,0,0,0
2517621793,1,1,0,0,0,1,2,0,0,2,1,0,0,0,0,0,0,0,2,0,0,0
2517857913,1,1,0,0,0,1,2,0,0,2,1,0,0,0,0,0,0,0,2,0,0,0
2518091184,1,1,0,0,0,1,2,0,0,2,1,0,0,0,0,0,0,0,2,0,0,0
2518324285,1,1,0,0,0,1,2,0,0,2,1,0,0,0,0,0,0,0,2,0,0,0
2518559357,1,1,0,0,0,1,2,0,0,2,1,0,0,0,0,0,0,0,2,0,0,0
2518789118,1,1,0,0,0,1,2,0,0,2,1,0,0,0,0,0,0,0,2,0,0,0
2519023857,1,1,0,0,0,1,2,0,0,2,1,0,0,0,0,0,0,0,2,0,0,0
2519255412,1,1,0,0,0,1,2,0,0,2,1,0,0,0,0,0,0,0,2,0,0,0
2519485670,1,1,0,0,0,1,2,0,0,2,1,0,0,0,0,0,0,0,2,0,0,0
2519714754,1,1,0,0,0,1,2,0,0,2,1,0,0,0,0,0,0,0,2,0,0,0
2519941694,1,1,0,0,0,1,2,0,0,2,1,0,0,0,0,0,0,0,2,0,0,0
2520171652,1,1,0,0,0,1,2,0,0,2,1,0,0,0,0,0,0,0,2,0,0,0
2520396914,1,1,0,0,0,1,2,0,0,2,1,0,0,0,0,0,0,0,2,0,0,0
2520636039,1,1,0,0,0,1,2,0,0,2,1,0,0,0,0,0,0,0,2,0,0,0
2520876378,1,1,0,0,0,1,2,0,0,2,1,0,0,0,0,0,0,0,2,0,0,0
2521115931,1,1,0,0,0,1,2,0,0,2,1,0,0,0,0,0,0,0,2,0,0,0
2521355978,1,1,0,0,0,1,2,0,0,2,1,0,0,0,0,0,0,0,2,0,0,0
2521592405,1,1,0,0,0,1,2,0,0,2,1,0,0,0,0,0,0,0,2,0,0,0
2521821168,1,1,0,0,0,1,2,0,0,2,1,0,0,0,0,0,0,0,2,0,0,0
2522052708,1,1,0,0,0,1,2,0,0,2,1,0,0,0,0,0,0,0,2,0,0,0
2522281828,1,1,0,0,0,1,2,0,0,2,1,0,0,0,0,0,0,0,2,0,0,0
2522512244,1,1,0,0,0,1,2,0,0,2,1,0,0,0,0,0,0,0,2,0,0,0
2522741956,1,1,0,0,0,1,2,0,0,2,1,0,0,0,0,0,0,0,2,0,0,0
2522976532,1,1,0,0,0,1,2,0,0,2,1,0,0,0,0,0,0,0,2,0,0,0
2523214335,1,1,0,0,0,1,2,0,0,2,1,0,0,0,0,0,0,0,2,0,0,0
2523450944,1,1,0,0,0,1,2,0,0,2,1,0,0,0,0,0,0,0,2,0,0,0
2523687752,1,1,0,0,0,1,2,0,0,2,1,0,0,0,0,0,0,0,2,0,0,0
2523920811,1,1,0,0,0,1,2,0,0,2,1,0,0,0,0,0,0,0,2,0,0,0
2524152409,1,1,0,0,0,1,2,0,0,2,1,0,0,0,0,0,0,0,2,0,0,0
2524387344,1,1,0,0,0,1,2,0,0,2,1,0,0,0,0,0,0,0,2,0,0,0
2524619758,1,1,0,0,0,1,2,0,0,2,1,0,0,0,0,0,0,0,2,0,0,0
2524853732,1,1,0,0,0,1,2,0,0,2,1,0,0,0,0,0,0,0,2,0,0,0
2525079543,1,1,0,0,0,1,2,0,0,2,1,0,0,0,0,0,0,0,2,0,0,0
2525307641,1,1,0,0,0,1,2,0,0,2,1,0,0,0,0,0,0,0,2,0,0,0
2525539478,1,1,0,0,0,1,2,0,0,2,1,0,0,0,0,0,0,0,2,0,0,0
2525765801,1,1,0,0,0,1,2,0,0,2,1,0,0,0,0,0,0,0,2,0,0,0
2525995397,1,1,0,0,0,1,2,0,0,2,1,0,0,0,0,0,0,0,2,0,0,0
2526235916,1,1,0,0,0,1,2,0,0,2,1,0,0,0,0,0,0,0,2,0,0,0
2526476031,1,1,0,0,0,1,2,0,0,2,1,0,0,0,0,0,0,0,2,0,0,0
2526716225,1,1,0,0,0,1,2,0,0,2,1,0,0,0,0,0,0,0,2,0,0,0
2526956323,1,1,0,0,0,1,2,0,0,2,1,0,0,0,0,0,0,0,2,0,0,0
2527184050,1,1,0,0,0,1,2,0,0,2,1,0,0,0,0,0,0,0,2,0,0,0
2527413076,1,1,0,0,0,1,2,0,0,2,1,0,0,0,0,0,0,0,2,0,0,0
2527644447,1,1,0,0,0,1,2,0,0,2,1,0,0,0,0,0,0,0,2,0,0,0
2527877723,1,1,0,0,0,1,2,0,0,2,1,0,0,0,0,0,0,0,2,0,0,0
2528104166,1,1,0,0,0,1,2,0,0,2,1,0,0,0,0,0,0,0,2,0,0,0
2528335570,1,1,0,0,0,1,2,0,0,2,1,0,0,0,0,0,0,0,2,0,0,0
2528569737,1,1,0,0,0,1,2,0,0,2,1,0,0,0,0,0,0,0,2,0,0,0
2528804506,1,1,0,0,0,1,2,0,0,2,1,0,0,0,0,0,0,0,2,0,0,0
2529041678,1,1,0,0,0,1,2,0,0,2,1,0,0,0,0,0,0,0,2,0,0,0
2529272092,1,1,0,0,0,1,2,0,0,2,1,0,0,0,0,0,0,0,2,0,0,0
2529511484,1,1,0,0,0,1,2,0,0,2,1,0,0,0,0,0,0,0,2,0,0,0
2529743232,1,1,0,0,0,1,2,0,0,2,1,0,0,0,0,0,0,0,2,0,0,0
2529973604,1,1,0,0,0,1,2,0,0,2,1,0,0,0,0,0,0,0,2,0,0,0
2530207486,1,1,0,0,0,1,2,0,0,2,1,0,0,0,0,0,0,0,2,0,0,0
2530442482,1,1,0,0,0,1,2,0,0,2,1,0,0,0,0,0,0,0,2,0,0,0
2530671484,1,1,0,0,0,1,2,0,0,2,1,0,0,0,0,0,0,0,2,0,0,0
2530896932,1,1,0,0,0,1,2,0,0,2,1,0,0,0,0,0,0,0,2,0,0,0
2531127602,1,1,0,0,0,1,2,0,0,2,1,0,0,0,0,0,0,0,2,0,0,0
2531353994,1,1,0,0,0,1,2,0,0,2,1,0,0,0,0,0,0,0,2,0,0,0
2531590440,1,1,0,0,0,1,2,0,0,2,1,0,0,0,0,0,0,0,2,0,0,0
2531830867,1,1,0,0,0,1,2,0,0,2,1,0,0,0,0,0,0,0,2,0,0,0
2532071604,1,1,0,0,0,1,2,0,0,2,1,0,0,0,0,0,0,0,2,0,0,0
2532310668,1,1,0,0,0,1,2,0,0,2,1,0,0,0,0,0,0,0,2,0,0,0
2532549710,1,1,0,0,0,1,2,0,0,2,1,0,0,0,0,0,0,0,2,0,0,0
2532776972,1,1,0,0,0,1,2,0,0,2,1,0,0,0,0,0,0,0,2,0,0,0
2533010577,1,1,0,0,0,1,2,0,0,2,1,0,0,0,0,0,0,0,2,0,0,0
2533240867,1,1,0,0,0,1,2,0,0,2,1,0,0,0,0,0,0,0,2,0,0,0
2533470683,1,1,0,0,0,1,2,0,0,2,1,0,0,0,0,0,0,0,2,0,0,0
2533701754,1,1,0,0,0,1,2,0,0,2,1,0,0,0,0,0,0,0,2,0,0,0
2533937997,1,1,0,0,0,1,2,0,0,2,1,0,0,0,0,0,0,0,2,0,0,0
2534173567,1,1,0,0,0,1,2,0,0,2,1,0,0,0,0,0,0,0,2,0,0,0
2534410598,1,1,0,0,0,1,2,0,0,2,1,0,0,0,0,0,0,0,2,0,0,0
2534649677,1,1,0,0,0,1,2,0,0,2,1,0,0,0,0,0,0,0,2,0,0,0
2534880081,1,1,0,0,0,1,2,0,0,2,1,0,0,0,0,0,0,0,2,0,0,0
2535119956,1,1,0,0,0,1,2,0,0,2,1,0,0,0,0,0,0,0,2,0,0,0
2535359545,1,1,0,0,0,1,2,0,0,2,1,0,0,0,0,0,0,0,2,0,0,0
2535589254,1,1,0,0,0,1,2,0,0,2,1,0,0,0,0,0,0,0,2,0,0,0
2535825678,1,1,0,0,0,1,2,0,0,2,1,0,0,0,0,0,0,0,2,0,0,0
2536053682,1,1,0,0,0,1,2,0,0,2,1,0,0,0,0,0,0,0,2,0,0,0
2536281758,1,1,0,0,0,1,2,0,0,2,1,0,0,0,0,0,0,0,2,0,0,0
2536510669,1,1,0,0,0,1,2,0,0,2,1,0,0,0,0,0,0,0,2,0,0,0
2536734569,1,1,0,0,0,1,2,0,0,2,1,0,0,0,0,0,0,0,2,0,0,0
2536966492,1,1,0,0,0,1,2,0,0,2,1,0,0,0,0,0,0,0,2,0,0,0
2537206786,1,1,0,0,0,1,2,0,0,2,1,0,0,0,0,0,0,0,2,0,0,0
2537446495,1,1,0,0,0,1,2,0,0,2,1,0,0,0,0,0,0,0,2,0,0,0
2537686566,1,1,0,0,0,1,2,0,0,2,1,0,0,0,0,0,0,0,2,0,0,0
2537926748,1,1,0,0,0,1,2,0,0,2,1,0,0,0,0,0,0,0,2,0,0,0
2538156554,1,1,0,0,0,1,2,0,0,2,1,0,0,0,0,0,0,0,2,0,0,0
2538386804,1,1,0,0,0,1,2,0,0,2,1,0,0,0,0,0,0,0,2,0,0,0
2538610580,1,1,0,0,0,1,2,0,0,2,1,0,0,0,0,0,0,0,2,0,0,0
2538838660,1,1,0,0,0,1,2,0,0,2,1,0,0,0,0,0,0,0,2,0,0,0
2539068573,1,1,0,0,0,1,2,0,0,2,1,0,0,0,0,0,0,0,2,0,0,0
2539305837,1,1,0,0,0,1,2,0,0,2,1,0,0,0,0,0,0,0,2,0,0,0
2539537971,1,1,0,0,0,1,2,0,0,2,1,0,0,0,0,0,0,0,2,0,0,0
2539775583,1,1,0,0,0,1,2,0,0,2,1,0,0,0,0,0,0,0,2,0,0,0
2540010327,1,1,0,0,0,1,2,0,0,2,1,0,0,0,0,0,0,0,2,0,0,0
2540243419,1,1,0,0,0,1,2,0,0,2,1,0,0,0,0,0,0,0,2,0,0,0
2540483662,1,1,0,0,0,1,2,0,0,2,1,0,0,0,0,0,0,0,2,0,0,0
2540723422,1,1,0,0,0,1,2,0,0,2,1,0,0,0,0,0,0,0,2,0,0,0
2540963484,1,1,0,0,0,1,2,0,0,2,1,0,0,0,0,0,0,0,2,0,0,0
2541199971,1,1,0,0,0,1,2,0,0,2,1,0,0,0,0,0,0,0,2,0,0,0
2541431479,1,1,0,0,0,1,2,0,0,2,1,0,0,0,0,0,0,0,2,0,0,0
2541661757,1,1,0,0,0,1,2,0,0,2,1,0,0,0,0,0,0,0,2,0,0,0
2541894604,1,1,0,0,0,1,2,0,0,2,1,0,0,0,0,0,0,0,2,0,0,0
2542121831,1,1,0,0,0,1,2,0,0,2,1,0,0,0,0,0,0,0,2,0,0,0
2542350073,1,1,0,0,0,1,2,0,0,2,1,0,0,0,0,0,0,0,2,0,0,0
2542586608,1,1,0,0,0,1,2,0,0,2,1,0,0,0,0,0,0,0,2,0,0,0
2542826802,1,1,0,0,0,1,2,0,0,2,1,0,0,0,0,0,0,0,2,0,0,0
2543066944,1,1,0,0,0,1,2,0,0,2,1,0,0,0,0,0,0,0,2,0,0,0
2543306586,1,1,0,0,0,1,2,0,0,2,1,0,0,0,0,0,0,0,2,0,0,0
2543544274,1,1,0,0,0,1,2,0,0,2,1,0,0,0,0,0,0,0,2,0,0,0
2543773787,1,1,0,0,0,1,2,0,0,2,1,0,0,0,0,0,0,0,2,0,0,0
2544008186,1,1,0,0,0,1,2,0,0,2,1,0,0,0,0,0,0,0,2,0,0,0
2544236803,1,1,0,0,0,1,2,0,0,2,1,0,0,0,0,0,0,0,2,0,0,0
2544466486,1,1,0,0,0,1,2,0,0,2,1,0,0,0,0,0,0,0,2,0,0,0
2544703152,1,1,0,0,0,1,2,0,0,2,1,0,0,0,0,0,0,0,2,0,0,0
2544943410,1,1,0,0,0,1,2,0,0,2,1,0,0,0,0,0,0,0,2,0,0,0
2545181606,1,1,0,0,0,1,2,0,0,2,1,0,0,0,0,0,0,0,2,0,0,0
2545421517,1,1,0,0,0,1,2,0,0,2,1,0,0,0,0,0,0,0,2,0,0,0
2545652595,1,1,0,0,0,1,2,0,0,2,1,0,0,0,0,0,0,0,2,0,0,0
2545888979,1,1,0,0,0,1,2,0,0,2,1,0,0,0,0,0,0,0,2,0,0,0
2546817685,1,1,0,0,0,1,2,0,0,2,1,0,0,0,0,0,0,0,2,0,0,0
2547041615,1,1,0,0,0,1,2,0,0,2,1,0,0,0,0,0,0,0,2,0,0,0
2547270322,1,1,0,0,0,1,2,0,0,2,1,0,0,0,0,0,0,0,2,0,0,0
2547501060,1,1,0,0,0,1,2,0,0,2,1,0,0,0,0,0,0,0,2,0,0,0
2547729680,1,1,0,0,0,1,2,0,0,2,1,0,0,0,0,0,0,0,2,0,0,0
2547959183,1,1,0,0,0,1,2,0,0,2,1,0,0,0,0,0,0,0,2,0,0,0
2548199733,1,1,0,0,0,1,2,0,0,2,1,0,0,0,0,0,0,0,2,0,0,0
2548440430,1,1,0,0,0,1,2,0,0,2,1,0,0,0,0,0,0,0,2,0,0,0
2548680458,1,1,0,0,0,1,2,0,0,2,1,0,0,0,0,0,0,0,2,0,0,0
2548920277,1,1,0,0,0,1,2,0,0,2,1,0,0,0,0,0,0,0,2,0,0,0
2549155388,1,1,0,0,0,1,2,0,0,2,1,0,0,0,0,0,0,0,2,0,0,0
2549384678,1,1,0,0,0,1,2,0,0,2,1,0,0,0,0,0,0,0,2,0,0,0
2549621223,1,1,0,0,0,1,2,0,0,2,1,0,0,0,0,0,0,0,2,0,0,0
2549852329,1,1,0,0,0,1,2,0,0,2,1,0,0,0,0,0,0,0,2,0,0,0
2550093061,1,1,0,0,0,1,2,0,0,2,1,0,0,0,0,0,0,0,2,0,0,0
2550319209,1,1,0,0,0,1,2,0,0,2,1,0,0,0,0,0,0,0,2,0,0,0
2550546842,1,1,0,0,0,1,2,0,0,2,1,0,0,0,0,0,0,0,2,0,0,0
2550775500,1,1,0,0,0,1,2,0,0,2,1,0,0,0,0,0,0,0,2,0,0,0
2551003472,1,1,0,0,0,1,2,0,0,2,1,0,0,0,0,0,0,0,2,0,0,0
2551229258,1,1,0,0,0,1,2,0,0,2,1,0,0,0,0,0,0,0,2,0,0,0
2551451485,1,1,0,0,0,1,2,0,0,2,1,0,0,0,0,0,0,0,2,0,0,0
2551690687,1,1,0,0,0,1,2,0,0,2,1,0,0,0,0,0,0,0,2,0,0,0
2551931293,1,1,0,0,0,1,2,0,0,2,1,0,0,0,0,0,0,0,2,0,0,0
2552170684,1,1,0,0,0,1,2,0,0,2,1,0,0,0,0,0,0,0,2,0,0,0
2552410807,1,1,0,0,0,1,2,0,0,2,1,0,0,0,0,0,0,0,2,0,0,0
2552648817,1,1,0,0,0,1,2,0,0,2,1,0,0,0,0,0,0,0,2,0,0,0
2552873647,1,1,0,0,0,1,2,0,0,2,1,0,0,0,0,0,0,0,2,0,0,0
2553101767,1,1,0,0,0,1,2,0,0,2,1,0,0,0,0,0,0,0,2,0,0,0
2553329751,1,1,0,0,0,1,2,0,0,2,1,0,0,0,0,0,0,0,2,0,0,0
2553554522,1,1,0,0,0,1,2,0,0,2,1,0,0,0,0,0,0,0,2,0,0,0
2553782157,1,1,0,0,0,1,2,0,0,2,1,0,0,0,0,0,0,0,2,0,0,0
2554021975,1,1,0,0,0,1,2,0,0,2,1,0,0,0,0,0,0,0,2,0,0,0
2554253502,1,1,0,0,0,1,2,0,0,2,1,0,0,0,0,0,0,0,2,0,0,0
2554493817,1,1,0,0,0,1,2,0,0,2,1,0,0,0,0,0,0,0,2,0,0,0
2554732556,1,1,0,0,0,1,2,0,0,2,1,0,0,0,0,0,0,0,2,0,0,0
2554968906,1,1,0,0,0,1,2,0,0,2,1,0,0,0,0,0,0,0,2,0,0,0
2555207422,1,1,0,0,0,1,2,0,0,2,1,0,0,0,0,0,0,0,2,0,0,0
2555443298,1,1,0,0,0,1,2,0,0,2,1,0,0,0,0,0,0,0,2,0,0,0
2555675429,1,1,0,0,0,1,2,0,0,2,1,0,0,0,0,0,0,0,2,0,0,0
2555912855,1,1,0,0,0,1,2,0,0,2,1,0,0,0,0,0,0,0,2,0,0,0
2556145073,1,1,0,0,0,1,2,0,0,2,1,0,0,0,0,0,0,0,2,0,0,0
2556371365,1,1,0,0,0,1,2,0,0,2,1,0,0,0,0,0,0,0,2,0,0,0
2556597749,1,1,0,0,0,1,2,0,0,2,1,0,0,0,0,0,0,0,2,0,0,0
2556824969,1,1,0,0,0,1,2,0,0,2,1,0,0,0,0,0,0,0,2,0,0,0
2557054524,1,1,0,0,0,1,2,0,0,2,1,0,0,0,0,0,0,0,2,0,0,0
2557294495,1,1,0,0,0,1,2,0,0,2,1,0,0,0,0,0,0,0,2,0,0,0
2557535651,1,1,0,0,0,1,2,0,0,2,1,0,0,0,0,0,0,0,2,0,0,0
2557774778,1,1,0,0,0,1,2,0,0,2,1,0,0,0,0,0,0,0,2,0,0,0
2558015567,1,1,0,0,0,1,2,0,0,2,1,0,0,0,0,0,0,0,2,0,0,0
2558248781,1,1,0,0,0,1,2,0,0,2,1,0,0,0,0,0,0,0,2,0,0,0
2558480304,1,1,0,0,0,1,2,0,0,2,1,0,0,0,0,0,0,0,2,0,0,0
2558712192,1,1,0,0,0,1,2,0,0,2,1,0,0,0,0,0,0,0,2,0,0,0
2558941639,1,1,0,0,0,1,2,0,0,2,1,0,0,0,0,0,0,0,2,0,0,0
2559169056,1,1,0,0,0,1,2,0,0,2,1,0,0,0,0,0,0,0,2,0,0,0
2559401530,1,1,0,0,0,1,2,0,0,2,1,0,0,0,0,0,0,0,2,0,0,0
2559641820,1,1,0,0,0,1,2,0,0,2,1,0,0,0,0,0,0,0,2,0,0,0
2559878790,1,1,0,0,0,1,2,0,0,2,1,0,0,0,0,0,0,0,2,0,0,0
2560111542,1,1,0,0,0,1,2,0,0,2,1,0,0,0,0,0,0,0,2,0,0,0
2560343617,1,1,0,0,0,1,2,0,0,2,1,0,0,0,0,0,0,0,2,0,0,0
2560579863,1,1,0,0,0,1,2,0,0,2,1,0,0,0,0,0,0,0,2,0,0,0
2560816877,1,1,0,0,0,1,2,0,0,2,1,0,0,0,0,0,0,0,2,0,0,0
2561045605,1,1,0,0,0,1,2,0,0,2,1,0,0,0,0,0,0,0,2,0,0,0
2561281152,1,1,0,0,0,1,2,0,0,2,1,0,0,0,0,0,0,0,2,0,0,0
2561515481,1,1,0,0,0,1,2,0,0,2,1,0,0,0,0,0,0,0,2,0,0,0
2561744824,1,1,0,0,0,1,2,0,0,2,1,0,0,0,0,0,0,0,2,0,0,0
2561973562,1,1,0,0,0,1,2,0,0,2,1,0,0,0,0,0,0,0,2,0,0,0
2562203106,1,1,0,0,0,1,2,0,0,2,1,0,0,0,0,0,0,0,2,0,0,0
2562428836,1,1,0,0,0,1,2,0,0,2,1,0,0,0,0,0,0,0,2,0,0,0
2562474517,1,1,0,0,0,2,2,0,0,2,1,0,0,0,0,0,0,0,2,0,0,0
2562663431,1,1,0,0,0,2,2,0,0,2,1,0,0,0,0,0,0,0,2,0,0,0
2562903541,1,1,0,0,0,2,2,0,0,2,1,0,0,0,0,0,0,0,2,0,0,0
2563143780,1,1,0,0,0,2,2,0,0,2,1,0,0,0,0,0,0,0,2,0,0,0
2563384416,1,1,0,0,0,2,2,0,0,2,1,0,0,0,0,0,0,0,2,0,0,0
2563624659,1,1,0,0,0,2,2,0,0,2,1,0,0,0,0,0,0,0,2,0,0,0
2563853827,1,1,0,0,0,2,2,0,0,2,1,0,0,0,0,0,0,0,2,0,0,0
2564080755,1,1,0,0,0,2,2,0,0,2,1,0,0,0,0,0,0,0,2,0,0,0
2564312082,1,1,0,0,0,2,2,0,0,2,1,0,0,0,0,0,0,0,2,0,0,0
2564541022,1,1,0,0,0,2,2,0,0,2,1,0,0,0,0,0,0,0,2,0,0,0
2564769720,1,1,0,0,0,2,2,0,0,2,1,0,0,0,0,0,0,0,2,0,0,0
2565006529,1,1,0,0,0,2,2,0,0,2,1,0,0,0,0,0,0,0,2,0,0,0
2565237998,1,1,0,0,0,2,2,0,0,2,1,0,0,0,0,0,0,0,2,0,0,0
2565478814,1,1,0,0,0,2,2,0,0,2,1,0,0,0,0,0,0,0,2,0,0,0
2565710704,1,1,0,0,0,2,2,0,0,2,1,0,0,0,0,0,0,0,2,0,0,0
2565948089,1,1,0,0,0,2,2,0,0,2,1,0,0,0,0,0,0,0,2,0,0,0
2566183561,1,1,0,0,0,2,2,0,0,2,1,0,0,0,0,0,0,0,2,0,0,0
2566419849,1,1,0,0,0,2,2,0,0,2,1,0,0,0,0,0,0,0,2,0,0,0
2566655311,1,1,0,0,0,2,2,0,0,2,1,0,0,0,0,0,0,0,2,0,0,0
2566895397,1,1,0,0,0,2,2,0,0,2,1,0,0,0,0,0,0,0,2,0,0,0
2567122482,1,1,0,0,0,2,2,0,0,2,1,0,0,0,0,0,0,0,2,0,0,0
2567349819,1,1,0,0,0,2,2,0,0,2,1,0,0,0,0,0,0,0,2,0,0,0
2567573582,1,1,0,0,0,2,2,0,0,2,1,0,0,0,0,0,0,0,2,0,0,0
2567801854,1,1,0,0,0,2,2,0,0,2,1,0,0,0,0,0,0,0,2,0,0,0
2568031107,1,1,0,0,0,2,2,0,0,2,1,0,0,0,0,0,0,0,2,0,0,0
2568266714,1,1,0,0,0,2,2,0,0,2,1,0,0,0,0,0,0,0,2,0,0,0
2568506728,1,1,0,0,0,2,2,0,0,2,1,0,0,0,0,0,0,0,2,0,0,0
2568746660,1,1,0,0,0,2,2,0,0,2,1,0,0,0,0,0,0,0,2,0,0,0
2568986702,1,1,0,0,0,2,2,0,0,2,1,0,0,0,0,0,0,0,2,0,0,0
2569222302,1,1,0,0,0,2,2,0,0,2,1,0,0,0,0,0,0,0,2,0,0,0
2569450596,1,1,0,0,0,2,2,0,0,2,1,0,0,0,0,0,0,0,2,0,0,0
2569680087,1,1,0,0,0,2,2,0,0,2,1,0,0,0,0,0,0,0,2,0,0,0
2569908558,1,1,0,0,0,2,2,0,0,2,1,0,0,0,0,0,0,0,2,0,0,0
2570133884,1,1,0,0,0,2,2,0,0,2,1,0,0,0,0,0,0,0,2,0,0,0
2570365870,1,1,0,0,0,2,2,0,0,2,1,0,0,0,0,0,0,0,2,0,0,0
2570595377,1,1,0,0,0,2,2,0,0,2,1,0,0,0,0,0,0,0,2,0,0,0
2570825872,1,1,0,0,0,2,2,0,0,2,1,0,0,0,0,0,0,0,2,0,0,0
2571058014,1,1,0,0,0,2,2,0,0,2,1,0,0,0,0,0,0,0,2,0,0,0
2571290262,1,1,0,0,0,2,2,0,0,2,1,0,0,0,0,0,0,0,2,0,0,0
2571525497,1,1,0,0,0,2,2,0,0,2,1,0,0,0,0,0,0,0,2,0,0,0
2571759375,1,1,0,0,0,2,2,0,0,2,1,0,0,0,0,0,0,0,2,0,0,0
2571996936,1,1,0,0,0,2,2,0,0,2,1,0,0,0,0,0,0,0,2,0,0,0
2572231503,1,1,0,0,0,2,2,0,0,2,1,0,0,0,0,0,0,0,2,0,0,0
2572468801,1,1,0,0,0,2,2,0,0,2,1,0,0,0,0,0,0,0,2,0,0,0
2572698019,1,1,0,0,0,2,2,0,0,2,1,0,0,0,0,0,0,0,2,0,0,0
2572923602,1,1,0,0,0,2,2,0,0,2,1,0,0,0,0,0,0,0,2,0,0,0
2573153779,1,1,0,0,0,2,2,0,0,2,1,0,0,0,0,0,0,0,2,0,0,0
2573382587,1,1,0,0,0,2,2,0,0,2,1,0,0,0,0,0,0,0,2,0,0,0
2573606488,1,1,0,0,0,2,2,0,0,2,1,0,0,0,0,0,0,0,2,0,0,0
2573842600,1,1,0,0,0,2,2,0,0,2,1,0,0,0,0,0,0,0,2,0,0,0
2574082580,1,1,0,0,0,2,2,0,0,2,1,0,0,0,0,0,0,0,2,0,0,0
2574322568,1,1,0,0,0,2,2,0,0,2,1,0,0,0,0,0,0,0,2,0,0,0
2574560094,1,1,0,0,0,2,2,0,0,2,1,0,0,0,0,0,0,0,2,0,0,0
2574796100,1,1,0,0,0,2,2,0,0,2,1,0,0,0,0,0,0,0,2,0,0,0
2575024210,1,1,0,0,0,2,2,0,0,2,1,0,0,0,0,0,0,0,2,0,0,0
2575256053,1,1,0,0,0,2,2,0,0,2,1,0,0,0,0,0,0,0,2,0,0,0
2575486622,1,1,0,0,0,2,2,0,0,2,1,0,0,0,0,0,0,0,2,0,0,0
2575713121,1,1,0,0,0,2,2,0,0,2,1,0,0,0,0,0,0,0,2,0,0,0
2575942894,1,1,0,0,0,2,2,0,0,2,1,0,0,0,0,0,0,0,2,0,0,0
2576175535,1,1,0,0,0,2,2,0,0,2,1,0,0,0,0,0,0,0,2,0,0,0
2576414336,1,1,0,0,0,2,2,0,0,2,1,0,0,0,0,0,0,0,2,0,0,0
2576649760,1,1,0,0,0,2,2,0,0,2,1,0,0,0,0,0,0,0,2,0,0,0
2576885746,1,1,0,0,0,2,2,0,0,2,1,0,0,0,0,0,0,0,2,0,0,0
2577119427,1,1,0,0,0,2,2,0,0,2,1,0,0,0,0,0,0,0,2,0,0,0
2577355622,1,1,0,0,0,2,2,0,0,2,1,0,0,0,0,0,0,0,2,0,0,0
2577588869,1,1,0,0,0,2,2,0,0,2,1,0,0,0,0,0,0,0,2,0,0,0
2577819330,1,1,0,0,0,2,2,0,0,2,1,0,0,0,0,0,0,0,2,0,0,0
2578047639,1,1,0,0,0,2,2,0,0,2,1,0,0,0,0,0,0,0,2,0,0,0
2578273612,1,1,0,0,0,2,2,0,0,2,1,0,0,0,0,0,0,0,2,0,0,0
2578501042,1,1,0,0,0,2,2,0,0,2,1,0,0,0,0,0,0,0,2,0,0,0
2578728924,1,1,0,0,0,2,2,0,0,2,1,0,0,0,0,0,0,0,2,0,0,0
2578958728,1,1,0,0,0,2,2,0,0,2,1,0,0,0,0,0,0,0,2,0,0,0
2579182685,1,1,0,0,0,2,2,0,0,2,1,0,0,0,0,0,0,0,2,0,0,0
2579422770,1,1,0,0,0,2,2,0,0,2,1,0,0,0,0,0,0,0,2,0,0,0
2579662734,1,1,0,0,0,2,2,0,0,2,1,0,0,0,0,0,0,0,2,0,0,0
2579903267,1,1,0,0,0,2,2,0,0,2,1,0,0,0,0,0,0,0,2,0,0,0
2580142776,1,1,0,0,0,2,2,0,0,2,1,0,0,0,0,0,0,0,2,0,0,0
2580373636,1,1,0,0,0,2,2,0,0,2,1,0,0,0,0,0,0,0,2,0,0,0
2580596293,1,1,0,0,0,2,2,0,0,2,1,0,0,0,0,0,0,0,2,0,0,0
2580824377,1,1,0,0,0,2,2,0,0,2,1,0,0,0,0,0,0,0,2,0,0,0
2581056021,1,1,0,0,0,2,2,0,0,2,1,0,0,0,0,0,0,0,2,0,0,0
2581282565,1,1,0,0,0,2,2,0,0,2,1,0,0,0,0,0,0,0,2,0,0,0
2581513689,1,1,0,0,0,2,2,0,0,2,1,0,0,0,0,0,0,0,2,0,0,0
2581747300,1,1,0,0,0,2,2,0,0,2,1,0,0,0,0,0,0,0,2,0,0,0
2581983650,1,1,0,0,0,2,2,0,0,2,1,0,0,0,0,0,0,0,2,0,0,0
2582223369,1,1,0,0,0,2,2,0,0,2,1,0,0,0,0,0,0,0,2,0,0,0
2582458577,1,1,0,0,0,2,2,0,0,2,1,0,0,0,0,0,0,0,2,0,0,0
2582687525,1,1,0,0,0,2,2,0,0,2,1,0,0,0,0,0,0,0,2,0,0,0
2582923934,1,1,0,0,0,2,2,0,0,2,1,0,0,0,0,0,0,0,2,0,0,0
2583164544,1,1,0,0,0,2,2,0,0,2,1,0,0,0,0,0,0,0,2,0,0,0
2583397687,1,1,0,0,0,2,2,0,0,2,1,0,0,0,0,0,0,0,2,0,0,0
2583627603,1,1,0,0,0,2,2,0,0,2,1,0,0,0,0,0,0,0,2,0,0,0
2583859564,1,1,0,0,0,2,2,0,0,2,1,0,0,0,0,0,0,0,2,0,0,0
2584089634,1,1,0,0,0,2,2,0,0,2,1,0,0,0,0,0,0,0,2,0,0,0
2584317599,1,1,0,0,0,2,2,0,0,2,1,0,0,0,0,0,0,0,2,0,0,0
2584542583,1,1,0,0,0,2,2,0,0,2,1,0,0,0,0,0,0,0,2,0,0,0
2584772061,1,1,0,0,0,2,2,0,0,2,1,0,0,0,0,0,0,0,2,0,0,0
2585010576,1,1,0,0,0,2,2,0,0,2,1,0,0,0,0,0,0,0,2,0,0,0
2585251382,1,1,0,0,0,2,2,0,0,2,1,0,0,0,0,0,0,0,2,0,0,0
2585491109,1,1,0,0,0,2,2,0,0,2,1,0,0,0,0,0,0,0,2,0,0,0
2585731193,1,1,0,0,0,2,2,0,0,2,1,0,0,0,0,0,0,0,2,0,0,0
2585964708,1,1,0,0,0,2,2,0,0,2,1,0,0,0,0,0,0,0,2,0,0,0
2586193690,1,1,0,0,0,2,2,0,0,2,1,0,0,0,0,0,0,0,2,0,0,0
2586420772,1,1,0,0,0,2,2,0,0,2,1,0,0,0,0,0,0,0,2,0,0,0
2586645865,1,1,0,0,0,2,2,0,0,2,1,0,0,0,0,0,0,0,2,0,0,0
2586873795,1,1,0,0,0,2,2,0,0,2,1,0,0,0,0,0,0,0,2,0,0,0
2587105669,1,1,0,0,0,2,2,0,0,2,1,0,0,0,0,0,0,0,2,0,0,0
2587341789,1,1,0,0,0,2,2,0,0,2,1,0,0,0,0,0,0,0,2,0,0,0
2587576553,1,1,0,0,0,2,2,0,0,2,1,0,0,0,0,0,0,0,2,0,0,0
2587807631,1,1,0,0,0,2,2,0,0,2,1,0,0,0,0,0,0,0,2,0,0,0
2588042378,1,1,0,0,0,2,2,0,0,2,1,0,0,0,0,0,0,0,2,0,0,0
2588275162,1,1,0,0,0,2,2,0,0,2,1,0,0,0,0,0,0,0,2,0,0,0
2588507370,1,1,0,0,0,2,2,0,0,2,1,0,0,0,0,0,0,0,2,0,0,0
2588747848,1,1,0,0,0,2,2,0,0,2,1,0,0,0,0,0,0,0,2,0,0,0
2588975540,1,1,0,0,0,2,2,0,0,2,1,0,0,0,0,0,0,0,2,0,0,0
2589207577,1,1,0,0,0,2,2,0,0,2,1,0,0,0,0,0,0,0,2,0,0,0
2589431516,1,1,0,0,0,2,2,0,0,2,1,0,0,0,0,0,0,0,2,0,0,0
2589656973,1,1,0,0,0,2,2,0,0,2,1,0,0,0,0,0,0,0,2,0,0,0
2589889581,1,1,0,0,0,2,2,0,0,2,1,0,0,0,0,0,0,0,2,0,0,0
2590120911,1,1,0,0,0,2,2,0,0,2,1,0,0,0,0,0,0,0,2,0,0,0
2590350616,1,1,0,0,0,2,2,0,0,2,1,0,0,0,0,0,0,0,2,0,0,0
2590590538,1,1,0,0,0,2,2,0,0,2,1,0,0,0,0,0,0,0,2,0,0,0
2590830707,1,1,0,0,0,2,2,0,0,2,1,0,0,0,0,0,0,0,2,0,0,0
2591071529,1,1,0,0,0,2,2,0,0,2,1,0,0,0,0,0,0,0,2,0,0,0
2591310620,1,1,0,0,0,2,2,0,0,2,1,0,0,0,0,0,0,0,2,0,0,0
2591540712,1,1,0,0,0,2,2,0,0,2,1,0,0,0,0,0,0,0,2,0,0,0
2591769206,1,1,0,0,0,2,2,0,0,2,1,0,0,0,0,0,0,0,2,0,0,0
2591997077,1,1,0,0,0,2,2,0,0,2,1,0,0,0,0,0,0,0,2,0,0,0
2592224192,1,1,0,0,0,2,2,0,0,2,1,0,0,0,0,0,0,0,2,0,0,0
2592458520,1,1,0,0,0,2,2,0,0,2,1,0,0,0,0,0,0,0,2,0,0,0
2592685812,1,1,0,0,0,2,2,0,0,2,1,0,0,0,0,0,0,0,2,0,0,0
2592922360,1,1,0,0,0,2,2,0,0,2,1,0,0,0,0,0,0,0,2,0,0,0
2593162075,1,1,0,0,0,2,2,0,0,2,1,0,0,0,0,0,0,0,2,0,0,0
2593397244,1,1,0,0,0,2,2,0,0,2,1,0,0,0,0,0,0,0,2,0,0,0
2593624784,1,1,0,0,0,2,2,0,0,2,1,0,0,0,0,0,0,0,2,0,0,0
2593855348,1,1,0,0,0,2,2,0,0,2,1,0,0,0,0,0,0,0,2,0,0,0
2594092250,1,1,0,0,0,2,2,0,0,2,1,0,0,0,0,0,0,0,2,0,0,0
2594327430,1,1,0,0,0,2,2,0,0,2,1,0,0,0,0,0,0,0,2,0,0,0
2594572902,1,1,0,0,0,2,2,0,0,2,1,0,0,0,0,0,0,0,2,0,0,0
2594804799,1,1,0,0,0,2,2,0,0,2,1,0,0,0,0,0,0,0,2,0,0,0
2595030562,1,1,0,0,0,2,2,0,0,2,1,0,0,0,0,0,0,0,2,0,0,0
2595259523,1,1,0,0,0,2,2,0,0,2,1,0,0,0,0,0,0,0,2,0,0,0
2595488931,1,1,0,0,0,2,2,0,0,2,1,0,0,0,0,0,0,0,2,0,0,0
2595716792,1,1,0,0,0,2,2,0,0,2,1,0,0,0,0,0,0,0,2,0,0,0
2595950869,1,1,0,0,0,2,2,0,0,2,1,0,0,0,0,0,0,0,2,0,0,0
2596190662,1,1,0,0,0,2,2,0,0,2,1,0,0,0,0,0,0,0,2,0,0,0
2596430644,1,1,0,0,0,2,2,0,0,2,1,0,0,0,0,0,0,0,2,0,0,0
2596670803,1,1,0,0,0,2,2,0,0,2,1,0,0,0,0,0,0,0,2,0,0,0
2596916206,1,1,0,0,0,2,2,0,0,2,1,0,0,0,0,0,0,0,2,0,0,0
2597148159,1,1,0,0,0,2,2,0,0,2,1,0,0,0,0,0,0,0,2,0,0,0
2597377819,1,1,0,0,0,2,2,0,0,2,1,0,0,0,0,0,0,0,2,0,0,0
2597602589,1,1,0,0,0,2,2,0,0,2,1,0,0,0,0,0,0,0,2,0,0,0
2597830687,1,1,0,0,0,2,2,0,0,2,1,0,0,0,0,0,0,0,2,0,0,0
2598061079,1,1,0,0,0,2,2,0,0,2,1,0,0,0,0,0,0,0,2,0,0,0
2598293628,1,1,0,0,0,2,2,0,0,2,1,0,0,0,0,0,0,0,2,0,0,0
2598521685,1,1,0,0,0,2,2,0,0,2,1,0,0,0,0,0,0,0,2,0,0,0
2598758977,1,1,0,0,0,2,2,0,0,2,1,0,0,0,0,0,0,0,2,0,0,0
2598993643,1,1,0,0,0,2,2,0,0,2,1,0,0,0,0,0,0,0,2,0,0,0
2599224574,1,1,0,0,0,2,2,0,0,2,1,0,0,0,0,0,0,0,2,0,0,0
2599463392,1,1,0,0,0,2,2,0,0,2,1,0,0,0,0,0,0,0,2,0,0,0
2599693653,1,1,0,0,0,2,2,0,0,2,1,0,0,0,0,0,0,0,2,0,0,0
2599923886,1,1,0,0,0,2,2,0,0,2,1,0,0,0,0,0,0,0,2,0,0,0
2600157067,1,1,0,0,0,2,2,0,0,2,1,0,0,0,0,0,0,0,2,0,0,0
2600385056,1,1,0,0,0,2,2,0,0,2,1,0,0,0,0,0,0,0,2,0,0,0
2600609060,1,1,0,0,0,2,2,0,0,2,1,0,0,0,0,0,0,0,2,0,0,0
2600837577,1,1,0,0,0,2,2,0,0,2,1,0,0,0,0,0,0,0,2,0,0,0
2601065878,1,1,0,0,0,2,2,0,0,2,1,0,0,0,0,0,0,0,2,0,0,0
2601297789,1,1,0,0,0,2,2,0,0,2,1,0,0,0,0,0,0,0,2,0,0,0
2601524565,1,1,0,0,0,2,2,0,0,2,1,0,0,0,0,0,0,0,2,0,0,0
2601764232,1,1,0,0,0,2,2,0,0,2,1,0,0,0,0,0,0,0,2,0,0,0
2602004017,1,1,0,0,0,2,2,0,0,2,1,0,0,0,0,0,0,0,2,0,0,0
2602244144,1,1,0,0,0,2,2,0,0,2,1,0,0,0,0,0,0,0,2,0,0,0
2602482584,1,1,0,0,0,2,2,0,0,2,1,0,0,0,0,0,0,0,2,0,0,0
2602712724,1,1,0,0,0,2,2,0,0,2,1,0,0,0,0,0,0,0,2,0,0,0
2602941681,1,1,0,0,0,2,2,0,0,2,1,0,0,0,0,0,0,0,2,0,0,0
2603172715,1,1,0,0,0,2,2,0,0,2,1,0,0,0,0,0,0,0,2,0,0,0
2603400758,1,1,0,0,0,2,2,0,0,2,1,0,0,0,0,0,0,0,2,0,0,0
2603630568,1,1,0,0,0,2,2,0,0,2,1,0,0,0,0,0,0,0,2,0,0,0
2603864591,1,1,0,0,0,2,2,0,0,2,1,0,0,0,0,0,0,0,2,0,0,0
2604102225,1,1,0,0,0,2,2,0,0,2,1,0,0,0,0,0,0,0,2,0,0,0
2604341632,1,1,0,0,0,2,2,0,0,2,1,0,0,0,0,0,0,0,2,0,0,0
2604579411,1,1,0,0,0,2,2,0,0,2,1,0,0,0,0,0,0,0,2,0,0,0
2604813857,1,1,0,0,0,2,2,0,0,2,1,0,0,0,0,0,0,0,2,0,0,0
2605051753,1,1,0,0,0,2,2,0,0,2,1,0,0,0,0,0,0,0,2,0,0,0
2605287371,1,1,0,0,0,2,2,0,0,2,1,0,0,0,0,0,0,0,2,0,0,0
2605523607,1,1,0,0,0,2,2,0,0,2,1,0,0,0,0,0,0,0,2,0,0,0
2605755397,1,1,0,0,0,2,2,0,0,2,1,0,0,0,0,0,0,0,2,0,0,0
2605990802,1,1,0,0,0,2,2,0,0,2,1,0,0,0,0,0,0,0,2,0,0,0
2606217653,1,1,0,0,0,2,2,0,0,2,1,0,0,0,0,0,0,0,2,0,0,0
2606448907,1,1,0,0,0,2,2,0,0,2,1,0,0,0,0,0,0,0,2,0,0,0
2606674481,1,1,0,0,0,2,2,0,0,2,1,0,0,0,0,0,0,0,2,0,0,0
2606903587,1,1,0,0,0,2,2,0,0,2,1,0,0,0,0,0,0,0,2,0,0,0
2607139588,1,1,0,0,0,2,2,0,0,2,1,0,0,0,0,0,0,0,2,0,0,0
2607378610,1,1,0,0,0,2,2,0,0,2,1,0,0,0,0,0,0,0,2,0,0,0
2607618735,1,1,0,0,0,2,2,0,0,2,1,0,0,0,0,0,0,0,2,0,0,0
2607858689,1,1,0,0,0,2,2,0,0,2,1,0,0,0,0,0,0,0,2,0,0,0
2608098840,1,1,0,0,0,2,2,0,0,2,1,0,0,0,0,0,0,0,2,0,0,0
2608330646,1,1,0,0,0,2,2,0,0,2,1,0,0,0,0,0,0,0,2,0,0,0
2608556895,1,1,0,0,0,2,2,0,0,2,1,0,0,0,0,0,0,0,2,0,0,0
2608790581,1,1,0,0,0,2,2,0,0,2,1,0,0,0,0,0,0,0,2,0,0,0
2609020104,1,1,0,0,0,2,2,0,0,2,1,0,0,0,0,0,0,0,2,0,0,0
2609250566,1,1,0,0,0,2,2,0,0,2,1,0,0,0,0,0,0,0,2,0,0,0
2609487382,1,1,0,0,0,2,2,0,0,2,1,0,0,0,0,0,0,0,2,0,0,0
2609721798,1,1,0,0,0,2,2,0,0,2,1,0,0,0,0,0,0,0,2,0,0,0
2609954386,1,1,0,0,0,2,2,0,0,2,1,0,0,0,0,0,0,0,2,0,0,0
2610188587,1,1,0,0,0,2,2,0,0,2,1,0,0,0,0,0,0,0,2,0,0,0
2610422563,1,1,0,0,0,2,2,0,0,2,1,0,0,0,0,0,0,0,2,0,0,0
2610655370,1,1,0,0,0,2,2,0,0,2,1,0,0,0,0,0,0,0,2,0,0,0
2610895435,1,1,0,0,0,2,2,0,0,2,1,0,0,0,0,0,0,0,2,0,0,0
2611375272,1,1,0,0,0,2,2,0,0,2,1,0,0,0,0,0,0,0,2,0,0,0
2611606619,1,1,0,0,0,2,2,0,0,2,1,0,0,0,0,0,0,0,2,0,0,0
2611835525,1,1,0,0,0,2,2,0,0,2,1,0,0,0,0,0,0,0,2,0,0,0
2612064927,1,1,0,0,0,2,2,0,0,2,1,0,0,0,0,0,0,0,2,0,0,0
2612295657,1,1,0,0,0,2,2,0,0,2,1,0,0,0,0,0,0,0,2,0,0,0
2612522549,1,1,0,0,0,2,2,0,0,2,1,0,0,0,0,0,0,0,2,0,0,0
2612752257,1,1,0,0,0,2,2,0,0,2,1,0,0,0,0,0,0,0,2,0,0,0
2612990621,1,1,0,0,0,2,2,0,0,2,1,0,0,0,0,0,0,0,2,0,0,0
2613230525,1,1,0,0,0,2,2,0,0,2,1,0,0,0,0,0,0,0,2,0,0,0
2613474539,1,1,0,0,0,2,2,0,0,2,1,0,0,0,0,0,0,0,2,0,0,0
2613714621,1,1,0,0,0,2,2,0,0,2,1,0,0,0,0,0,0,0,2,0,0,0
2613941567,1,1,0,0,0,2,2,0,0,2,1,0,0,0,0,0,0,0,2,0,0,0
2614172183,1,1,0,0,0,2,2,0,0,2,1,0,0,0,0,0,0,0,2,0,0,0
2614402259,1,1,0,0,0,2,2,0,0,2,1,0,0,0,0,0,0,0,2,0,0,0
2614632903,1,1,0,0,0,2,2,0,0,2,1,0,0,0,0,0,0,0,2,0,0,0
2614861708,1,1,0,0,0,2,2,0,0,2,1,0,0,0,0,0,0,0,2,0,0,0
2615093536,1,1,0,0,0,2,2,0,0,2,1,0,0,0,0,0,0,0,2,0,0,0
2615333959,1,1,0,0,0,2,2,0,0,2,1,0,0,0,0,0,0,0,2,0,0,0
2615572584,1,1,0,0,0,2,2,0,0,2,1,0,0,0,0,0,0,0,2,0,0,0
2615800575,1,1,0,0,0,2,2,0,0,2,1,0,0,0,0,0,0,0,2,0,0,0
2616040749,1,1,0,0,0,2,2,0,0,2,1,0,0,0,0,0,0,0,2,0,0,0
2616272352,1,1,0,0,0,2,2,0,0,2,1,0,0,0,0,0,0,0,2,0,0,0
2616511908,1,1,0,0,0,2,2,0,0,2,1,0,0,0,0,0,0,0,2,0,0,0
2616752188,1,1,0,0,0,2,2,0,0,2,1,0,0,0,0,0,0,0,2,0,0,0
2616983357,1,1,0,0,0,2,2,0,0,2,1,0,0,0,0,0,0,0,2,0,0,0
2617218862,1,1,0,0,0,2,2,0,0,2,1,0,0,0,0,0,0,0,2,0,0,0
2617444833,1,1,0,0,0,2,2,0,0,2,1,0,0,0,0,0,0,0,2,0,0,0
2617673056,1,1,0,0,0,2,2,0,0,2,1,0,0,0,0,0,0,0,2,0,0,0
2617900747,1,1,0,0,0,2,2,0,0,2,1,0,0,0,0,0,0,0,2,0,0,0
2618125959,1,1,0,0,0,2,2,0,0,2,1,0,0,0,0,0,0,0,2,0,0,0
2618354684,1,1,0,0,0,2,2,0,0,2,1,0,0,0,0,0,0,0,2,0,0,0
2618594736,1,1,0,0,0,2,2,0,0,2,1,0,0,0,0,0,0,0,2,0,0,0
2618835235,1,1,0,0,0,2,2,0,0,2,1,0,0,0,0,0,0,0,2,0,0,0
2619074822,1,1,0,0,0,2,2,0,0,2,1,0,0,0,0,0,0,0,2,0,0,0
2619314683,1,1,0,0,0,2,2,0,0,2,1,0,0,0,0,0,0,0,2,0,0,0
2619548146,1,1,0,0,0,2,2,0,0,2,1,0,0,0,0,0,0,0,2,0,0,0
2619777852,1,1,0,0,0,2,2,0,0,2,1,0,0,0,0,0,0,0,2,0,0,0
2620005525,1,1,0,0,0,2,2,0,0,2,1,0,0,0,0,0,0,0,2,0,0,0
2620232037,1,1,0,0,0,2,2,0,0,2,1,0,0,0,0,0,0,0,2,0,0,0
2620458611,1,1,0,0,0,2,2,0,0,2,1,0,0,0,0,0,0,0,2,0,0,0
2620689695,1,1,0,0,0,2,2,0,0,2,1,0,0,0,0,0,0,0,2,0,0,0
2620921886,1,1,0,0,0,2,2,0,0,2,1,0,0,0,0,0,0,0,2,0,0,0
2621158709,1,1,0,0,0,2,2,0,0,2,1,0,0,0,0,0,0,0,2,0,0,0
2621393682,1,1,0,0,0,2,2,0,0,2,1,0,0,0,0,0,0,0,2,0,0,0
2621630174,1,1,0,0,0,2,2,0,0,2,1,0,0,0,0,0,0,0,2,0,0,0
2621863328,1,1,0,0,0,2,2,0,0,2,1,0,0,0,0,0,0,0,2,0,0,0
2622103518,1,1,0,0,0,2,2,0,0,2,1,0,0,0,0,0,0,0,2,0,0,0
2622343475,1,1,0,0,0,2,2,0,0,2,1,0,0,0,0,0,0,0,2,0,0,0
2622579546,1,1,0,0,0,2,2,0,0,2,1,0,0,0,0,0,0,0,2,0,0,0
2622811568,1,1,0,0,0,2,2,0,0,2,1,0,0,0,0,0,0,0,2,0,0,0
2623041599,1,1,0,0,0,2,2,0,0,2,1,0,0,0,0,0,0,0,2,0,0,0
2623270374,1,1,0,0,0,2,2,0,0,2,1,0,0,0,0,0,0,0,2,0,0,0
2623496968,1,1,0,0,0,2,2,0,0,2,1,0,0,0,0,0,0,0,2,0,0,0
2623723517,1,1,0,0,0,2,2,0,0,2,1,0,0,0,0,0,0,0,2,0,0,0
2623954489,1,1,0,0,0,2,2,0,0,2,1,0,0,0,0,0,0,0,2,0,0,0
2624195082,1,1,0,0,0,2,2,0,0,2,1,0,0,0,0,0,0,0,2,0,0,0
2624435120,1,1,0,0,0,2,2,0,0,2,1,0,0,0,0,0,0,0,2,0,0,0
2624674863,1,1,0,0,0,2,2,0,0,2,1,0,0,0,0,0,0,0,2,0,0,0
2624914483,1,1,0,0,0,2,2,0,0,2,1,0,0,0,0,0,0,0,2,0,0,0
2625148167,1,1,0,0,0,2,2,0,0,2,1,0,0,0,0,0,0,0,2,0,0,0
2625376160,1,1,0,0,0,2,2,0,0,2,1,0,0,0,0,0,0,0,2,0,0,0
2625601042,1,1,0,0,0,2,2,0,0,2,1,0,0,0,0,0,0,0,2,0,0,0
2625830522,1,1,0,0,0,2,2,0,0,2,1,0,0,0,0,0,0,0,2,0,0,0
2626057117,1,1,0,0,0,2,2,0,0,2,1,0,0,0,0,0,0,0,2,0,0,0
2626289472,1,1,0,0,0,2,2,0,0,2,1,0,0,0,0,0,0,0,2,0,0,0
2626525919,1,1,0,0,0,2,2,0,0,2,1,0,0,0,0,0,0,0,2,0,0,0
2626766665,1,1,0,0,0,2,2,0,0,2,1,0,0,0,0,0,0,0,2,0,0,0
2627003583,1,1,0,0,0,2,2,0,0,2,1,0,0,0,0,0,0,0,2,0,0,0
2627241846,1,1,0,0,0,2,2,0,0,2,1,0,0,0,0,0,0,0,2,0,0,0
2627479461,1,1,0,0,0,2,2,0,0,2,1,0,0,0,0,0,0,0,2,0,0,0
2627716980,1,1,0,0,0,2,2,0,0,2,1,0,0,0,0,0,0,0,2,0,0,0
2627952064,1,1,0,0,0,2,2,0,0,2,1,0,0,0,0,0,0,0,2,0,0,0
2628180850,1,1,0,0,0,2,2,0,0,2,1,0,0,0,0,0,0,0,2,0,0,0
2628412906,1,1,0,0,0,2,2,0,0,2,1,0,0,0,0,0,0,0,2,0,0,0
2628635583,1,1,0,0,0,2,2,0,0,2,1,0,0,0,0,0,0,0,2,0,0,0
2628862522,1,1,0,0,0,2,2,0,0,2,1,0,0,0,0,0,0,0,2,0,0,0
2629091490,1,1,0,0,0,2,2,0,0,2,1,0,0,0,0,0,0,0,2,0,0,0
2629321732,1,1,0,0,0,2,2,0,0,2,1,0,0,0,0,0,0,0,2,0,0,0
2629547622,1,1,0,0,0,2,2,0,0,2,1,0,0,0,0,0,0,0,2,0,0,0
2629786491,1,1,0,0,0,2,2,0,0,2,1,0,0,0,0,0,0,0,2,0,0,0
2630026776,1,1,0,0,0,2,2,0,0,2,1,0,0,0,0,0,0,0,2,0,0,0
2630266534,1,1,0,0,0,2,2,0,0,2,1,0,0,0,0,0,0,0,2,0,0,0
2630506537,1,1,0,0,0,2,2,0,0,2,1,0,0,0,0,0,0,0,2,0,0,0
2630741807,1,1,0,0,0,2,2,0,0,2,1,0,0,0,0,0,0,0,2,0,0,0
2630966674,1,1,0,0,0,2,2,0,0,2,1,0,0,0,0,0,0,0,2,0,0,0
2631193842,1,1,0,0,0,2,2,0,0,2,1,0,0,0,0,0,0,0,2,0,0,0
2631420217,1,1,0,0,0,2,2,0,0,2,1,0,0,0,0,0,0,0,2,0,0,0
2631644136,1,1,0,0,0,2,2,0,0,2,1,0,0,0,0,0,0,0,2,0,0,0
2631870704,1,1,0,0,0,2,2,0,0,2,1,0,0,0,0,0,0,0,2,0,0,0
2632106534,1,1,0,0,0,2,2,0,0,2,1,0,0,0,0,0,0,0,2,0,0,0
2632337777,1,1,0,0,0,2,2,0,0,2,1,0,0,0,0,0,0,0,2,0,0,0
2632569886,1,1,0,0,0,2,2,0,0,2,1,0,0,0,0,0,0,0,2,0,0,0
2632801599,1,1,0,0,0,2,2,0,0,2,1,0,0,0,0,0,0,0,2,0,0,0
2633031309,1,1,0,0,0,2,2,0,0,2,1,0,0,0,0,0,0,0,2,0,0,0
2633263515,1,1,0,0,0,2,2,0,0,2,1,0,0,0,0,0,0,0,2,0,0,0
2633503267,1,1,0,0,0,2,2,0,0,2,1,0,0,0,0,0,0,0,2,0,0,0
2633743589,1,1,0,0,0,2,2,0,0,2,1,0,0,0,0,0,0,0,2,0,0,0
2633979276,1,1,0,0,0,2,2,0,0,2,1,0,0,0,0,0,0,0,2,0,0,0
2634207548,1,1,0,0,0,2,2,0,0,2,1,0,0,0,0,0,0,0,2,0,0,0
2634434736,1,1,0,0,0,2,2,0,0,2,1,0,0,0,0,0,0,0,2,0,0,0
2634662530,1,1,0,0,0,2,2,0,0,2,1,0,0,0,0,0,0,0,2,0,0,0
2634891753,1,1,0,0,0,2,2,0,0,2,1,0,0,0,0,0,0,0,2,0,0,0
2635114683,1,1,0,0,0,2,2,0,0,2,1,0,0,0,0,0,0,0,2,0,0,0
2635350716,1,1,0,0,0,2,2,0,0,2,1,0,0,0,0,0,0,0,2,0,0,0
2635591227,1,1,0,0,0,2,2,0,0,2,1,0,0,0,0,0,0,0,2,0,0,0
2635831423,1,1,0,0,0,2,2,0,0,2,1,0,0,0,0,0,0,0,2,0,0,0
2636071945,1,1,0,0,0,2,2,0,0,2,1,0,0,0,0,0,0,0,2,0,0,0
2636312239,1,1,0,0,0,2,2,0,0,2,1,0,0,0,0,0,0,0,2,0,0,0
2636541899,1,1,0,0,0,2,2,0,0,2,1,0,0,0,0,0,0,0,2,0,0,0
2636769743,1,1,0,0,0,2,2,0,0,2,1,0,0,0,0,0,0,0,2,0,0,0
2636994635,1,1,0,0,0,2,2,0,0,2,1,0,0,0,0,0,0,0,2,0,0,0
2637226740,1,1,0,0,0,2,2,0,0,2,1,0,0,0,0,0,0,0,2,0,0,0
2637456886,1,1,0,0,0,2,2,0,0,2,1,0,0,0,0,0,0,0,2,0,0,0
2637689732,1,1,0,0,0,2,2,0,0,2,1,0,0,0,0,0,0,0,2,0,0,0
2637927589,1,1,0,0,0,2,2,0,0,2,1,0,0,0,0,0,0,0,2,0,0,0
2638165662,1,1,0,0,0,2,2,0,0,2,1,0,0,0,0,0,0,0,2,0,0,0
2638397946,1,1,0,0,0,2,2,0,0,2,1,0,0,0,0,0,0,0,2,0,0,0
2638631277,1,1,0,0,0,2,2,0,0,2,1,0,0,0,0,0,0,0,2,0,0,0
2638865009,1,1,0,0,0,2,2,0,0,2,1,0,0,0,0,0,0,0,2,0,0,0
2639104933,1,1,0,0,0,2,2,0,0,2,1,0,0,0,0,0,0,0,2,0,0,0
2639337042,1,1,0,0,0,2,2,0,0,2,1,0,0,0,0,0,0,0,2,0,0,0
2639565754,1,1,0,0,0,2,2,0,0,2,1,0,0,0,0,0,0,0,2,0,0,0
2639796746,1,1,0,0,0,2,2,0,0,2,1,0,0,0,0,0,0,0,2,0,0,0
2640021827,1,1,0,0,0,2,2,0,0,2,1,0,0,0,0,0,0,0,2,0,0,0
2640247486,1,1,0,0,0,2,2,0,0,2,1,0,0,0,0,0,0,0,2,0,0,0
2640473632,1,1,0,0,0,2,2,0,0,2,1,0,0,0,0,0,0,0,2,0,0,0
2640702705,1,1,0,0,0,2,2,0,0,2,1,0,0,0,0,0,0,0,2,0,0,0
2640938710,1,1,0,0,0,2,2,0,0,2,1,0,0,0,0,0,0,0,2,0,0,0
2641179339,1,1,0,0,0,2,2,0,0,2,1,0,0,0,0,0,0,0,2,0,0,0
2641419448,1,1,0,0,0,2,2,0,0,2,1,0,0,0,0,0,0,0,2,0,0,0
2641659245,1,1,0,0,0,2,2,0,0,2,1,0,0,0,0,0,0,0,2,0,0,0
2641900350,1,1,0,0,0,2,2,0,0,2,1,0,0,0,0,0,0,0,2,0,0,0
2642130721,1,1,0,0,0,2,2,0,0,2,1,0,0,0,0,0,0,0,2,0,0,0
2642356259,1,1,0,0,0,2,2,0,0,2,1,0,0,0,0,0,0,0,2,0,0,0
2642582596,1,1,0,0,0,2,2,0,0,2,1,0,0,0,0,0,0,0,2,0,0,0
2642812592,1,1,0,0,0,2,2,0,0,2,1,0,0,0,0,0,0,0,2,0,0,0
2643043990,1,1,0,0,0,2,2,0,0,2,1,0,0,0,0,0,0,0,2,0,0,0
2643281927,1,1,0,0,0,2,2,0,0,2,1,0,0,0,0,0,0,0,2,0,0,0
2643513669,1,1,0,0,0,2,2,0,0,2,1,0,0,0,0,0,0,0,2,0,0,0
2643745157,1,1,0,0,0,2,2,0,0,2,1,0,0,0,0,0,0,0,2,0,0,0
2643977933,1,1,0,0,0,2,2,0,0,2,1,0,0,0,0,0,0,0,2,0,0,0
2644214620,1,1,0,0,0,2,2,0,0,2,1,0,0,0,0,0,0,0,2,0,0,0
2644451684,1,1,0,0,0,2,2,0,0,2,1,0,0,0,0,0,0,0,2,0,0,0
2644691607,1,1,0,0,0,2,2,0,0,2,1,0,0,0,0,0,0,0,2,0,0,0
2644931445,1,1,0,0,0,2,2,0,0,2,1,0,0,0,0,0,0,0,2,0,0,0
2645168460,1,1,0,0,0,2,2,0,0,2,1,0,0,0,0,0,0,0,2,0,0,0
2645399640,1,1,0,0,0,2,2,0,0,2,1,0,0,0,0,0,0,0,2,0,0,0
2645621747,1,1,0,0,0,2,2,0,0,2,1,0,0,0,0,0,0,0,2,0,0,0
2645849604,1,1,0,0,0,2,2,0,0,2,1,0,0,0,0,0,0,0,2,0,0,0
2646077791,1,1,0,0,0,2,2,0,0,2,1,0,0,0,0,0,0,0,2,0,0,0
2646307443,1,1,0,0,0,2,2,0,0,2,1,0,0,0,0,0,0,0,2,0,0,0
2646534706,1,1,0,0,0,2,2,0,0,2,1,0,0,0,0,0,0,0,2,0,0,0
2646774782,1,1,0,0,0,2,2,0,0,2,1,0,0,0,0,0,0,0,2,0,0,0
2647014458,1,1,0,0,0,2,2,0,0,2,1,0,0,0,0,0,0,0,2,0,0,0
2647254735,1,1,0,0,0,2,2,0,0,2,1,0,0,0,0,0,0,0,2,0,0,0
2647495112,1,1,0,0,0,2,2,0,0,2,1,0,0,0,0,0,0,0,2,0,0,0
2647732459,1,1,0,0,0,2,2,0,0,2,1,0,0,0,0,0,0,0,2,0,0,0
2647962551,1,1,0,0,0,2,2,0,0,2,1,0,0,0,0,0,0,0,2,0,0,0
2648192080,1,1,0,0,0,2,2,0,0,2,1,0,0,0,0,0,0,0,2,0,0,0
2648421705,1,1,0,0,0,2,2,0,0,2,1,0,0,0,0,0,0,0,2,0,0,0
2648648112,1,1,0,0,0,2,2,0,0,2,1,0,0,0,0,0,0,0,2,0,0,0
2648874522,1,1,0,0,0,2,2,0,0,2,1,0,0,0,0,0,0,0,2,0,0,0
2649104534,1,1,0,0,0,2,2,0,0,2,1,0,0,0,0,0,0,0,2,0,0,0
2649342604,1,1,0,0,0,2,2,0,0,2,1,0,0,0,0,0,0,0,2,0,0,0
2649577601,1,1,0,0,0,2,2,0,0,2,1,0,0,0,0,0,0,0,2,0,0,0
2649810300,1,1,0,0,0,2,2,0,0,2,1,0,0,0,0,0,0,0,2,0,0,0
2650047385,1,1,0,0,0,2,2,0,0,2,1,0,0,0,0,0,0,0,2,0,0,0
2650283963,1,1,0,0,0,2,2,0,0,2,1,0,0,0,0,0,0,0,2,0,0,0
2650519486,1,1,0,0,0,2,2,0,0,2,1,0,0,0,0,0,0,0,2,0,0,0
2650752965,1,1,0,0,0,2,2,0,0,2,1,0,0,0,0,0,0,0,2,0,0,0
2650984385,1,1,0,0,0,2,2,0,0,2,1,0,0,0,0,0,0,0,2,0,0,0
2651211543,1,1,0,0,0,2,2,0,0,2,1,0,0,0,0,0,0,0,2,0,0,0
2651437826,1,1,0,0,0,2,2,0,0,2,1,0,0,0,0,0,0,0,2,0,0,0
2651668461,1,1,0,0,0,2,2,0,0,2,1,0,0,0,0,0,0,0,2,0,0,0
2651894668,1,1,0,0,0,2,2,0,0,2,1,0,0,0,0,0,0,0,2,0,0,0
2652121681,1,1,0,0,0,2,2,0,0,2,1,0,0,0,0,0,0,0,2,0,0,0
2652356353,1,1,0,0,0,2,2,0,0,2,1,0,0,0,0,0,0,0,2,0,0,0
2652596182,1,1,0,0,0,2,2,0,0,2,1,0,0,0,0,0,0,0,2,0,0,0
2652836195,1,1,0,0,0,2,2,0,0,2,1,0,0,0,0,0,0,0,2,0,0,0
2653074631,1,1,0,0,0,2,2,0,0,2,1,0,0,0,0,0,0,0,2,0,0,0
2653314469,1,1,0,0,0,2,2,0,0,2,1,0,0,0,0,0,0,0,2,0,0,0
2653544812,1,1,0,0,0,2,2,0,0,2,1,0,0,0,0,0,0,0,2,0,0,0
2653772594,1,1,0,0,0,2,2,0,0,2,1,0,0,0,0,0,0,0,2,0,0,0
2654001047,1,1,0,0,0,2,2,0,0,2,1,0,0,0,0,0,0,0,2,0,0,0
2654229562,1,1,0,0,0,2,2,0,0,2,1,0,0,0,0,0,0,0,2,0,0,0
2654460552,1,1,0,0,0,2,2,0,0,2,1,0,0,0,0,0,0,0,2,0,0,0
2654693460,1,1,0,0,0,2,2,0,0,2,1,0,0,0,0,0,0,0,2,0,0,0
2654930339,1,1,0,0,0,2,2,0,0,2,1,0,0,0,0,0,0,0,2,0,0,0
2655165861,1,1,0,0,0,2,2,0,0,2,1,0,0,0,0,0,0,0,2,0,0,0
2655405487,1,1,0,0,0,2,2,0,0,2,1,0,0,0,0,0,0,0,2,0,0,0
2655642575,1,1,0,0,0,2,2,0,0,2,1,0,0,0,0,0,0,0,2,0,0,0
2655881367,1,1,0,0,0,2,2,0,0,2,1,0,0,0,0,0,0,0,2,0,0,0
2656115984,1,1,0,0,0,2,2,0,0,2,1,0,0,0,0,0,0,0,2,0,0,0
2656355444,1,1,0,0,0,2,2,0,0,2,1,0,0,0,0,0,0,0,2,0,0,0
2656585587,1,1,0,0,0,2,2,0,0,2,1,0,0,0,0,0,0,0,2,0,0,0
2656815484,1,1,0,0,0,2,2,0,0,2,1,0,0,0,0,0,0,0,2,0,0,0
2657042754,1,1,0,0,0,2,2,0,0,2,1,0,0,0,0,0,0,0,2,0,0,0
2657266520,1,1,0,0,0,2,2,0,0,2,1,0,0,0,0,0,0,0,2,0,0,0
2657494397,1,1,0,0,0,2,2,0,0,2,1,0,0,0,0,0,0,0,2,0,0,0
2657718603,1,1,0,0,0,2,2,0,0,2,1,0,0,0,0,0,0,0,2,0,0,0
2657943933,1,1,0,0,0,2,2,0,0,2,1,0,0,0,0,0,0,0,2,0,0,0
2658182659,1,1,0,0,0,2,2,0,0,2,1,0,0,0,0,0,0,0,2,0,0,0
2658422494,1,1,0,0,0,2,2,0,0,2,1,0,0,0,0,0,0,0,2,0,0,0
2658662746,1,1,0,0,0,2,2,0,0,2,1,0,0,0,0,0,0,0,2,0,0,0
2658902476,1,1,0,0,0,2,2,0,0,2,1,0,0,0,0,0,0,0,2,0,0,0
2659138879,1,1,0,0,0,2,2,0,0,2,1,0,0,0,0,0,0,0,2,0,0,0
2659372213,1,1,0,0,0,2,2,0,0,2,1,0,0,0,0,0,0,0,2,0,0,0
2659600234,1,1,0,0,0,2,2,0,0,2,1,0,0,0,0,0,0,0,2,0,0,0
2659824314,1,1,0,0,0,2,2,0,0,2,1,0,0,0,0,0,0,0,2,0,0,0
2660054544,1,1,0,0,0,2,2,0,0,2,1,0,0,0,0,0,0,0,2,0,0,0
2660289932,1,1,0,0,0,2,2,0,0,2,1,0,0,0,0,0,0,0,2,0,0,0
2660529774,1,1,0,0,0,2,2,0,0,2,1,0,0,0,0,0,0,0,2,0,0,0
2660765818,1,1,0,0,0,2,2,0,0,2,1,0,0,0,0,0,0,0,2,0,0,0
2661005719,1,1,0,0,0,2,2,0,0,2,1,0,0,0,0,0,0,0,2,0,0,0
2661244584,1,1,0,0,0,2,2,0,0,2,1,0,0,0,0,0,0,0,2,0,0,0
2661480642,1,1,0,0,0,2,2,0,0,2,1,0,0,0,0,0,0,0,2,0,0,0
2661715369,1,1,0,0,0,2,2,0,0,2,1,0,0,0,0,0,0,0,2,0,0,0
2661951635,1,1,0,0,0,2,2,0,0,2,1,0,0,0,0,0,0,0,2,0,0,0
2662181241,1,1,0,0,0,2,2,0,0,2,1,0,0,0,0,0,0,0,2,0,0,0
2662415600,1,1,0,0,0,2,2,0,0,2,1,0,0,0,0,0,0,0,2,0,0,0
2662646564,1,1,0,0,0,2,2,0,0,2,1,0,0,0,0,0,0,0,2,0,0,0
2662875530,1,1,0,0,0,2,2,0,0,2,1,0,0,0,0,0,0,0,2,0,0,0
2663105609,1,1,0,0,0,2,2,0,0,2,1,0,0,0,0,0,0,0,2,0,0,0
2663329616,1,1,0,0,0,2,2,0,0,2,1,0,0,0,0,0,0,0,2,0,0,0
2663559522,1,1,0,0,0,2,2,0,0,2,1,0,0,0,0,0,0,0,2,0,0,0
2663790816,1,1,0,0,0,2,2,0,0,2,1,0,0,0,0,0,0,0,2,0,0,0
2664030710,1,1,0,0,0,2,2,0,0,2,1,0,0,0,0,0,0,0,2,0,0,0
2664271221,1,1,0,0,0,2,2,0,0,2,1,0,0,0,0,0,0,0,2,0,0,0
2664510747,1,1,0,0,0,2,2,0,0,2,1,0,0,0,0,0,0,0,2,0,0,0
2664750771,1,1,0,0,0,2,2,0,0,2,1,0,0,0,0,0,0,0,2,0,0,0
2664986153,1,1,0,0,0,2,2,0,0,2,1,0,0,0,0,0,0,0,2,0,0,0
2665217652,1,1,0,0,0,2,2,0,0,2,1,0,0,0,0,0,0,0,2,0,0,0
2665445931,1,1,0,0,0,2,2,0,0,2,1,0,0,0,0,0,0,0,2,0,0,0
2665677685,1,1,0,0,0,2,2,0,0,2,1,0,0,0,0,0,0,0,2,0,0,0
2665902518,1,1,0,0,0,2,2,0,0,2,1,0,0,0,0,0,0,0,2,0,0,0
2666141525,1,1,0,0,0,2,2,0,0,2,1,0,0,0,0,0,0,0,2,0,0,0
2666373775,1,1,0,0,0,2,2,0,0,2,1,0,0,0,0,0,0,0,2,0,0,0
2666609787,1,1,0,0,0,2,2,0,0,2,1,0,0,0,0,0,0,0,2,0,0,0
2666841756,1,1,0,0,0,2,2,0,0,2,1,0,0,0,0,0,0,0,2,0,0,0
2667074558,1,1,0,0,0,2,2,0,0,2,1,0,0,0,0,0,0,0,2,0,0,0
2667315578,1,1,0,0,0,2,2,0,0,2,1,0,0,0,0,0,0,0,2,0,0,0
2667555489,1,1,0,0,0,2,2,0,0,2,1,0,0,0,0,0,0,0,2,0,0,0
2667787533,1,1,0,0,0,2,2,0,0,2,1,0,0,0,0,0,0,0,2,0,0,0
2668023373,1,1,0,0,0,2,2,0,0,2,1,0,0,0,0,0,0,0,2,0,0,0
2668257238,1,1,0,0,0,2,2,0,0,2,1,0,0,0,0,0,0,0,2,0,0,0
2668484841,1,1,0,0,0,2,2,0,0,2,1,0,0,0,0,0,0,0,2,0,0,0
2668710824,1,1,0,0,0,2,2,0,0,2,1,0,0,0,0,0,0,0,2,0,0,0
2668934623,1,1,0,0,0,2,2,0,0,2,1,0,0,0,0,0,0,0,2,0,0,0
2669159599,1,1,0,0,0,2,2,0,0,2,1,0,0,0,0,0,0,0,2,0,0,0
2669387327,1,1,0,0,0,2,2,0,0,2,1,0,0,0,0,0,0,0,2,0,0,0
2669626530,1,1,0,0,0,2,2,0,0,2,1,0,0,0,0,0,0,0,2,0,0,0
2669866770,1,1,0,0,0,2,2,0,0,2,1,0,0,0,0,0,0,0,2,0,0,0
2670106704,1,1,0,0,0,2,2,0,0,2,1,0,0,0,0,0,0,0,2,0,0,0
2670346576,1,1,0,0,0,2,2,0,0,2,1,0,0,0,0,0,0,0,2,0,0,0
2670584824,1,1,0,0,0,2,2,0,0,2,1,0,0,0,0,0,0,0,2,0,0,0
2670810479,1,1,0,0,0,2,2,0,0,2,1,0,0,0,0,0,0,0,2,0,0,0
2671040122,1,1,0,0,0,2,2,0,0,2,1,0,0,0,0,0,0,0,2,0,0,0
2671269799,1,1,0,0,0,2,2,0,0,2,1,0,0,0,0,0,0,0,2,0,0,0
2671496740,1,1,0,0,0,2,2,0,0,2,1,0,0,0,0,0,0,0,2,0,0,0
2671721798,1,1,0,0,0,2,2,0,0,2,1,0,0,0,0,0,0,0,2,0,0,0
2671961895,1,1,0,0,0,2,2,0,0,2,1,0,0,0,0,0,0,0,2,0,0,0
2672198616,1,1,0,0,0,2,2,0,0,2,1,0,0,0,0,0,0,0,2,0,0,0
2672433699,1,1,0,0,0,2,2,0,0,2,1,0,0,0,0,0,0,0,2,0,0,0
2672670494,1,1,0,0,0,2,2,0,0,2,1,0,0,0,0,0,0,0,2,0,0,0
2672909128,1,1,0,0,0,2,2,0,0,2,1,0,0,0,0,0,0,0,2,0,0,0
2673148669,1,1,0,0,0,2,2,0,0,2,1,0,0,0,0,0,0,0,2,0,0,0
2673383376,1,1,0,0,0,2,2,0,0,2,1,0,0,0,0,0,0,0,2,0,0,0
2673619740,1,1,0,0,0,2,2,0,0,2,1,0,0,0,0,0,0,0,2,0,0,0
2673860408,1,1,0,0,0,2,2,0,0,2,1,0,0,0,0,0,0,0,2,0,0,0
2674093267,1,1,0,0,0,2,2,0,0,2,1,0,0,0,0,0,0,0,2,0,0,0
2674321105,1,1,0,0,0,2,2,0,0,2,1,0,0,0,0,0,0,0,2,0,0,0
2674546068,1,1,0,0,0,2,2,0,0,2,1,0,0,0,0,0,0,0,2,0,0,0
2675234961,1,1,0,0,0,2,2,0,0,2,1,0,0,0,0,0,0,0,2,0,0,0
2675474625,1,1,0,0,0,2,2,0,0,2,1,0,0,0,0,0,0,0,2,0,0,0
2675714754,1,1,0,0,0,2,2,0,0,2,1,0,0,0,0,0,0,0,2,0,0,0
2675954744,1,1,0,0,0,2,2,0,0,2,1,0,0,0,0,0,0,0,2,0,0,0
2676194734,1,1,0,0,0,2,2,0,0,2,1,0,0,0,0,0,0,0,2,0,0,0
2676424667,1,1,0,0,0,2,2,0,0,2,1,0,0,0,0,0,0,0,2,0,0,0
2676658564,1,1,0,0,0,2,2,0,0,2,1,0,0,0,0,0,0,0,2,0,0,0
2676885685,1,1,0,0,0,2,2,0,0,2,1,0,0,0,0,0,0,0,2,0,0,0
2677112161,1,1,0,0,0,2,2,0,0,2,1,0,0,0,0,0,0,0,2,0,0,0
2677341774,1,1,0,0,0,2,2,0,0,2,1,0,0,0,0,0,0,0,2,0,0,0
2677575137,1,1,0,0,0,2,2,0,0,2,1,0,0,0,0,0,0,0,2,0,0,0
2677807212,1,1,0,0,0,2,2,0,0,2,1,0,0,0,0,0,0,0,2,0,0,0
2678042547,1,1,0,0,0,2,2,0,0,2,1,0,0,0,0,0,0,0,2,0,0,0
2678275786,1,1,0,0,0,2,2,0,0,2,1,0,0,0,0,0,0,0,2,0,0,0
2678504535,1,1,0,0,0,2,2,0,0,2,1,0,0,0,0,0,0,0,2,0,0,0
2678731303,1,1,0,0,0,2,2,0,0,2,1,0,0,0,0,0,0,0,2,0,0,0
2678972178,1,1,0,0,0,2,2,0,0,2,1,0,0,0,0,0,0,0,2,0,0,0
2679205861,1,1,0,0,0,2,2,0,0,2,1,0,0,0,0,0,0,0,2,0,0,0
2679448857,1,1,0,0,0,2,2,0,0,2,1,0,0,0,0,0,0,0,2,0,0,0
2679683441,1,1,0,0,0,2,2,0,0,2,1,0,0,0,0,0,0,0,2,0,0,0
2679913079,1,1,0,0,0,2,2,0,0,2,1,0,0,0,0,0,0,0,2,0,0,0
2680142437,1,1,0,0,0,2,2,0,0,2,1,0,0,0,0,0,0,0,2,0,0,0
2680366654,1,1,0,0,0,2,2,0,0,2,1,0,0,0,0,0,0,0,2,0,0,0
2680595516,1,1,0,0,0,2,2,0,0,2,1,0,0,0,0,0,0,0,2,0,0,0
2680823558,1,1,0,0,0,2,2,0,0,2,1,0,0,0,0,0,0,0,2,0,0,0
2681062712,1,1,0,0,0,2,2,0,0,2,1,0,0,0,0,0,0,0,2,0,0,0
2681303613,1,1,0,0,0,2,2,0,0,2,1,0,0,0,0,0,0,0,2,0,0,0
2681542631,1,1,0,0,0,2,2,0,0,2,1,0,0,0,0,0,0,0,2,0,0,0
2681783607,1,1,0,0,0,2,2,0,0,2,1,0,0,0,0,0,0,0,2,0,0,0
2682022624,1,1,0,0,0,2,2,0,0,2,1,0,0,0,0,0,0,0,2,0,0,0
2682253661,1,1,0,0,0,2,2,0,0,2,1,0,0,0,0,0,0,0,2,0,0,0
2682477776,1,1,0,0,0,2,2,0,0,2,1,0,0,0,0,0,0,0,2,0,0,0
2682706567,1,1,0,0,0,2,2,0,0,2,1,0,0,0,0,0,0,0,2,0,0,0
2682933764,1,1,0,0,0,2,2,0,0,2,1,0,0,0,0,0,0,0,2,0,0,0
2683160716,1,1,0,0,0,2,2,0,0,2,1,0,0,0,0,0,0,0,2,0,0,0
2683396559,1,1,0,0,0,2,2,0,0,2,1,0,0,0,0,0,0,0,2,0,0,0
2683629539,1,1,0,0,0,2,2,0,0,2,1,0,0,0,0,0,0,0,2,0,0,0
2683870414,1,1,0,0,0,2,2,0,0,2,1,0,0,0,0,0,0,0,2,0,0,0
2684111433,1,1,0,0,0,2,2,0,0,2,1,0,0,0,0,0,0,0,2,0,0,0
2684343685,1,1,0,0,0,2,2,0,0,2,1,0,0,0,0,0,0,0,2,0,0,0
2684581656,1,1,0,0,0,2,2,0,0,2,1,0,0,0,0,0,0,0,2,0,0,0
2684817063,1,1,0,0,0,2,2,0,0,2,1,0,0,0,0,0,0,0,2,0,0,0
2685051341,1,1,0,0,0,2,2,0,0,2,1,0,0,0,0,0,0,0,2,0,0,0
2685291621,1,1,0,0,0,2,2,0,0,2,1,0,0,0,0,0,0,0,2,0,0,0
2685527481,1,1,0,0,0,2,2,0,0,2,1,0,0,0,0,0,0,0,2,0,0,0
2685755649,1,1,0,0,0,2,2,0,0,2,1,0,0,0,0,0,0,0,2,0,0,0
2685984793,1,1,0,0,0,2,2,0,0,2,1,0,0,0,0,0,0,0,2,0,0,0
2686218682,1,1,0,0,0,2,2,0,0,2,1,0,0,0,0,0,0,0,2,0,0,0
2686443510,1,1,0,0,0,2,2,0,0,2,1,0,0,0,0,0,0,0,2,0,0,0
2686674436,1,1,0,0,0,2,2,0,0,2,1,0,0,0,0,0,0,0,2,0,0,0
2686913689,1,1,0,0,0,2,2,0,0,2,1,0,0,0,0,0,0,0,2,0,0,0
2687144515,1,1,0,0,0,2,2,0,0,2,1,0,0,0,0,0,0,0,2,0,0,0
2687385535,1,1,0,0,0,2,2,0,0,2,1,0,0,0,0,0,0,0,2,0,0,0
2687623107,1,1,0,0,0,2,2,0,0,2,1,0,0,0,0,0,0,0,2,0,0,0
2687855500,1,1,0,0,0,2,2,0,0,2,1,0,0,0,0,0,0,0,2,0,0,0
2688085607,1,1,0,0,0,2,2,0,0,2,1,0,0,0,0,0,0,0,2,0,0,0
2688319266,1,1,0,0,0,2,2,0,0,2,1,0,0,0,0,0,0,0,2,0,0,0
2688553255,1,1,0,0,0,2,2,0,0,2,1,0,0,0,0,0,0,0,2,0,0,0
2688787578,1,1,0,0,0,2,2,0,0,2,1,0,0,0,0,0,0,0,2,0,0,0
2689019434,1,1,0,0,0,2,2,0,0,2,1,0,0,0,0,0,0,0,2,0,0,0
2689259446,1,1,0,0,0,2,2,0,0,2,1,0,0,0,0,0,0,0,2,0,0,0
2689489135,1,1,0,0,0,2,2,0,0,2,1,0,0,0,0,0,0,0,2,0,0,0
2689715546,1,1,0,0,0,2,2,0,0,2,1,0,0,0,0,0,0,0,2,0,0,0
2689938842,1,1,0,0,0,2,2,0,0,2,1,0,0,0,0,0,0,0,2,0,0,0
2690167628,1,1,0,0,0,2,2,0,0,2,1,0,0,0,0,0,0,0,2,0,0,0
2690398525,1,1,0,0,0,2,2,0,0,2,1,0,0,0,0,0,0,0,2,0,0,0
2690630686,1,1,0,0,0,2,2,0,0,2,1,0,0,0,0,0,0,0,2,0,0,0
2690871170,1,1,0,0,0,2,2,0,0,2,1,0,0,0,0,0,0,0,2,0,0,0
2691111437,1,1,0,0,0,2,2,0,0,2,1,0,0,0,0,0,0,0,2,0,0,0
2691350662,1,1,0,0,0,2,2,0,0,2,1,0,0,0,0,0,0,0,2,0,0,0
2691590746,1,1,0,0,0,2,2,0,0,2,1,0,0,0,0,0,0,0,2,0,0,0
2691820054,1,1,0,0,0,2,2,0,0,2,1,0,0,0,0,0,0,0,2,0,0,0
2692044739,1,1,0,0,0,2,2,0,0,2,1,0,0,0,0,0,0,0,2,0,0,0
2692272726,1,1,0,0,0,2,2,0,0,2,1,0,0,0,0,0,0,0,2,0,0,0
2692500091,1,1,0,0,0,2,2,0,0,2,1,0,0,0,0,0,0,0,2,0,0,0
2692729565,1,1,0,0,0,2,2,0,0,2,1,0,0,0,0,0,0,0,2,0,0,0
2692961950,1,1,0,0,0,2,2,0,0,2,1,0,0,0,0,0,0,0,2,0,0,0
2693193756,1,1,0,0,0,2,2,0,0,2,1,0,0,0,0,0,0,0,2,0,0,0
2693430864,1,1,0,0,0,2,2,0,0,2,1,0,0,0,0,0,0,0,2,0,0,0
2693671404,1,1,0,0,0,2,2,0,0,2,1,0,0,0,0,0,0,0,2,0,0,0
2693908239,1,1,0,0,0,2,2,0,0,2,1,0,0,0,0,0,0,0,2,0,0,0
2694135592,1,1,0,0,0,2,2,0,0,2,1,0,0,0,0,0,0,0,2,0,0,0
2694372833,1,1,0,0,0,2,2,0,0,2,1,0,0,0,0,0,0,0,2,0,0,0
2694609582,1,1,0,0,0,2,2,0,0,2,1,0,0,0,0,0,0,0,2,0,0,0
2694839585,1,1,0,0,0,2,2,0,0,2,1,0,0,0,0,0,0,0,2,0,0,0
2695074517,1,1,0,0,0,2,2,0,0,2,1,0,0,0,0,0,0,0,2,0,0,0
2695302745,1,1,0,0,0,2,2,0,0,2,1,0,0,0,0,0,0,0,2,0,0,0
2695527579,1,1,0,0,0,2,2,0,0,2,1,0,0,0,0,0,0,0,2,0,0,0
2695756776,1,1,0,0,0,2,2,0,0,2,1,0,0,0,0,0,0,0,2,0,0,0
2695985616,1,1,0,0,0,2,2,0,0,2,1,0,0,0,0,0,0,0,2,0,0,0
2696210865,1,1,0,0,0,2,2,0,0,2,1,0,0,0,0,0,0,0,2,0,0,0
2696446680,1,1,0,0,0,2,2,0,0,2,1,0,0,0,0,0,0,0,2,0,0,0
2696686972,1,1,0,0,0,2,2,0,0,2,1,0,0,0,0,0,0,0,2,0,0,0
2696926593,1,1,0,0,0,2,2,0,0,2,1,0,0,0,0,0,0,0,2,0,0,0
2697166786,1,1,0,0,0,2,2,0,0,2,1,0,0,0,0,0,0,0,2,0,0,0
2697405562,1,1,0,0,0,2,2,0,0,2,1,0,0,0,0,0,0,0,2,0,0,0
2697632144,1,1,0,0,0,2,2,0,0,2,1,0,0,0,0,0,0,0,2,0,0,0
2697860574,1,1,0,0,0,2,2,0,0,2,1,0,0,0,0,0,0,0,2,0,0,0
2698092203,1,1,0,0,0,2,2,0,0,2,1,0,0,0,0,0,0,0,2,0,0,0
2698318504,1,1,0,0,0,2,2,0,0,2,1,0,0,0,0,0,0,0,2,0,0,0
2698544683,1,1,0,0,0,2,2,0,0,2,1,0,0,0,0,0,0,0,2,0,0,0
2698781818,1,1,0,0,0,2,2,0,0,2,1,0,0,0,0,0,0,0,2,0,0,0
2699019286,1,1,0,0,0,2,2,0,0,2,1,0,0,0,0,0,0,0,2,0,0,0
2699256587,1,1,0,0,0,2,2,0,0,2,1,0,0,0,0,0,0,0,2,0,0,0
2699491538,1,1,0,0,0,2,2,0,0,2,1,0,0,0,0,0,0,0,2,0,0,0
2699725709,1,1,0,0,0,2,2,0,0,2,1,0,0,0,0,0,0,0,2,0,0,0
2699956068,1,1,0,0,0,2,2,0,0,2,1,0,0,0,0,0,0,0,2,0,0,0
2700191890,1,1,0,0,0,2,2,0,0,2,1,0,0,0,0,0,0,0,2,0,0,0
2700427299,1,1,0,0,0,2,2,0,0,2,1,0,0,0,0,0,0,0,2,0,0,0
2700663786,1,1,0,0,0,2,2,0,0,2,1,0,0,0,0,0,0,0,2,0,0,0
2700897668,1,1,0,0,0,2,2,0,0,2,1,0,0,0,0,0,0,0,2,0,0,0
2701124958,1,1,0,0,0,2,2,0,0,2,1,0,0,0,0,0,0,0,2,0,0,0
2701351663,1,1,0,0,0,2,2,0,0,2,1,0,0,0,0,0,0,0,2,0,0,0
2701582593,1,1,0,0,0,2,2,0,0,2,1,0,0,0,0,0,0,0,2,0,0,0
2701813860,1,1,0,0,0,2,2,0,0,2,1,0,0,0,0,0,0,0,2,0,0,0
2702044722,1,1,0,0,0,2,2,0,0,2,1,0,0,0,0,0,0,0,2,0,0,0
2702278451,1,1,0,0,0,2,2,0,0,2,1,0,0,0,0,0,0,0,2,0,0,0
2702524054,1,1,0,0,0,2,2,0,0,2,1,0,0,0,0,0,0,0,2,0,0,0
2702762457,1,1,0,0,0,2,2,0,0,2,1,0,0,0,0,0,0,0,2,0,0,0
2703002564,1,1,0,0,0,2,2,0,0,2,1,0,0,0,0,0,0,0,2,0,0,0
2703240108,1,1,0,0,0,2,2,0,0,2,1,0,0,0,0,0,0,0,2,0,0,0
2703468244,1,1,0,0,0,2,2,0,0,2,1,0,0,0,0,0,0,0,2,0,0,0
2703698588,1,1,0,0,0,2,2,0,0,2,1,0,0,0,0,0,0,0,2,0,0,0
2703926818,1,1,0,0,0,2,2,0,0,2,1,0,0,0,0,0,0,0,2,0,0,0
2704154539,1,1,0,0,0,2,2,0,0,2,1,0,0,0,0,0,0,0,2,0,0,0
2704387493,1,1,0,0,0,2,2,0,0,2,1,0,0,0,0,0,0,0,2,0,0,0
2704627161,1,1,0,0,0,2,2,0,0,2,1,0,0,0,0,0,0,0,2,0,0,0
2704858586,1,1,0,0,0,2,2,0,0,2,1,0,0,0,0,0,0,0,2,0,0,0
2705093894,1,1,0,0,0,2,2,0,0,2,1,0,0,0,0,0,0,0,2,0,0,0
2705333663,1,1,0,0,0,2,2,0,0,2,1,0,0,0,0,0,0,0,2,0,0,0
2705568655,1,1,0,0,0,2,2,0,0,2,1,0,0,0,0,0,0,0,2,0,0,0
2705809201,1,1,0,0,0,2,2,0,0,2,1,0,0,0,0,0,0,0,2,0,0,0
2706043458,1,1,0,0,0,2,2,0,0,2,1,0,0,0,0,0,0,0,2,0,0,0
2706276847,1,1,0,0,0,2,2,0,0,2,1,0,0,0,0,0,0,0,2,0,0,0
2706511978,1,1,0,0,0,2,2,0,0,2,1,0,0,0,0,0,0,0,2,0,0,0
2706741871,1,1,0,0,0,2,2,0,0,2,1,0,0,0,0,0,0,0,2,0,0,0
2706968906,1,1,0,0,0,2,2,0,0,2,1,0,0,0,0,0,0,0,2,0,0,0
2707199540,1,1,0,0,0,2,2,0,0,2,1,0,0,0,0,0,0,0,2,0,0,0
2707426576,1,1,0,0,0,2,2,0,0,2,1,0,0,0,0,0,0,0,2,0,0,0
2707655781,1,1,0,0,0,2,2,0,0,2,1,0,0,0,0,0,0,0,2,0,0,0
2707886406,1,1,0,0,0,2,2,0,0,2,1,0,0,0,0,0,0,0,2,0,0,0
2708126711,1,1,0,0,0,2,2,0,0,2,1,0,0,0,0,0,0,0,2,0,0,0
2708366513,1,1,0,0,0,2,2,0,0,2,1,0,0,0,0,0,0,0,2,0,0,0
2708606755,1,1,0,0,0,2,2,0,0,2,1,0,0,0,0,0,0,0,2,0,0,0
2708846821,1,1,0,0,0,2,2,0,0,2,1,0,0,0,0,0,0,0,2,0,0,0
2709080761,1,1,0,0,0,2,2,0,0,2,1,0,0,0,0,0,0,0,2,0,0,0
2709308326,1,1,0,0,0,2,2,0,0,2,1,0,0,0,0,0,0,0,2,0,0,0
2709540433,1,1,0,0,0,2,2,0,0,2,1,0,0,0,0,0,0,0,2,0,0,0
2709770595,1,1,0,0,0,2,2,0,0,2,1,0,0,0,0,0,0,0,2,0,0,0
2710000132,1,1,0,0,0,2,2,0,0,2,1,0,0,0,0,0,0,0,2,0,0,0
2710233849,1,1,0,0,0,2,2,0,0,2,1,0,0,0,0,0,0,0,2,0,0,0
2710470381,1,1,0,0,0,2,2,0,0,2,1,0,0,0,0,0,0,0,2,0,0,0
2710703601,1,1,0,0,0,2,2,0,0,2,1,0,0,0,0,0,0,0,2,0,0,0
2710941840,1,1,0,0,0,2,2,0,0,2,1,0,0,0,0,0,0,0,2,0,0,0
2711181461,1,1,0,0,0,2,2,0,0,2,1,0,0,0,0,0,0,0,2,0,0,0
2711412215,1,1,0,0,0,2,2,0,0,2,1,0,0,0,0,0,0,0,2,0,0,0
2711649199,1,1,0,0,0,2,2,0,0,2,1,0,0,0,0,0,0,0,2,0,0,0
2711883909,1,1,0,0,0,2,2,0,0,2,1,0,0,0,0,0,0,0,2,0,0,0
2712120737,1,1,0,0,0,2,2,0,0,2,1,0,0,0,0,0,0,0,2,0,0,0
2712353581,1,1,0,0,0,2,2,0,0,2,1,0,0,0,0,0,0,0,2,0,0,0
2712581616,1,1,0,0,0,2,2,0,0,2,1,0,0,0,0,0,0,0,2,0,0,0
2712807213,1,1,0,0,0,2,2,0,0,2,1,0,0,0,0,0,0,0,2,0,0,0
2713030749,1,1,0,0,0,2,2,0,0,2,1,0,0,0,0,0,0,0,2,0,0,0
2713256954,1,1,0,0,0,2,2,0,0,2,1,0,0,0,0,0,0,0,2,0,0,0
2713484839,1,1,0,0,0,2,2,0,0,2,1,0,0,0,0,0,0,0,2,0,0,0
2713715156,1,1,0,0,0,2,2,0,0,2,1,0,0,0,0,0,0,0,2,0,0,0
2713954584,1,1,0,0,0,2,2,0,0,2,1,0,0,0,0,0,0,0,2,0,0,0
2714194830,1,1,0,0,0,2,2,0,0,2,1,0,0,0,0,0,0,0,2,0,0,0
2714434529,1,1,0,0,0,2,2,0,0,2,1,0,0,0,0,0,0,0,2,0,0,0
2714674627,1,1,0,0,0,2,2,0,0,2,1,0,0,0,0,0,0,0,2,0,0,0
2714901654,1,1,0,0,0,2,2,0,0,2,1,0,0,0,0,0,0,0,2,0,0,0
2715130525,1,1,0,0,0,2,2,0,0,2,1,0,0,0,0,0,0,0,2,0,0,0
2715358674,1,1,0,0,0,2,2,0,0,2,1,0,0,0,0,0,0,0,2,0,0,0
2715585846,1,1,0,0,0,2,2,0,0,2,1,0,0,0,0,0,0,0,2,0,0,0
2715816952,1,1,0,0,0,2,2,0,0,2,1,0,0,0,0,0,0,0,2,0,0,0
2716050179,1,1,0,0,0,2,2,0,0,2,1,0,0,0,0,0,0,0,2,0,0,0
2716286715,1,1,0,0,0,2,2,0,0,2,1,0,0,0,0,0,0,0,2,0,0,0
2716522634,1,1,0,0,0,2,2,0,0,2,1,0,0,0,0,0,0,0,2,0,0,0
2716757576,1,1,0,0,0,2,2,0,0,2,1,0,0,0,0,0,0,0,2,0,0,0
2716992556,1,1,0,0,0,2,2,0,0,2,1,0,0,0,0,0,0,0,2,0,0,0
2717231963,1,1,0,0,0,2,2,0,0,2,1,0,0,0,0,0,0,0,2,0,0,0
2717472100,1,1,0,0,0,2,2,0,0,2,1,0,0,0,0,0,0,0,2,0,0,0
2717703457,1,1,0,0,0,2,2,0,0,2,1,0,0,0,0,0,0,0,2,0,0,0
2717940102,1,1,0,0,0,2,2,0,0,2,1,0,0,0,0,0,0,0,2,0,0,0
2718175386,1,1,0,0,0,2,2,0,0,2,1,0,0,0,0,0,0,0,2,0,0,0
2718410479,1,1,0,0,0,2,2,0,0,2,1,0,0,0,0,0,0,0,2,0,0,0
2718639477,1,1,0,0,0,2,2,0,0,2,1,0,0,0,0,0,0,0,2,0,0,0
2718867636,1,1,0,0,0,2,2,0,0,2,1,0,0,0,0,0,0,0,2,0,0,0
2719095523,1,1,0,0,0,2,2,0,0,2,1,0,0,0,0,0,0,0,2,0,0,0
2719323663,1,1,0,0,0,2,2,0,0,2,1,0,0,0,0,0,0,0,2,0,0,0
2719558603,1,1,0,0,0,2,2,0,0,2,1,0,0,0,0,0,0,0,2,0,0,0
2719798634,1,1,0,0,0,2,2,0,0,2,1,0,0,0,0,0,0,0,2,0,0,0
2720038828,1,1,0,0,0,2,2,0,0,2,1,0,0,0,0,0,0,0,2,0,0,0
2720278445,1,1,0,0,0,2,2,0,0,2,1,0,0,0,0,0,0,0,2,0,0,0
2720518646,1,1,0,0,0,2,2,0,0,2,1,0,0,0,0,0,0,0,2,0,0,0
2720744732,1,1,0,0,0,2,2,0,0,2,1,0,0,0,0,0,0,0,2,0,0,0
2720970177,1,1,0,0,0,2,2,0,0,2,1,0,0,0,0,0,0,0,2,0,0,0
2721201565,1,1,0,0,0,2,2,0,0,2,1,0,0,0,0,0,0,0,2,0,0,0
2721430478,1,1,0,0,0,2,2,0,0,2,1,0,0,0,0,0,0,0,2,0,0,0
2721658071,1,1,0,0,0,2,2,0,0,2,1,0,0,0,0,0,0,0,2,0,0,0
2721890663,1,1,0,0,0,2,2,0,0,2,1,0,0,0,0,0,0,0,2,0,0,0
2722129613,1,1,0,0,0,2,2,0,0,2,1,0,0,0,0,0,0,0,2,0,0,0
2722370591,1,1,0,0,0,2,2,0,0,2,1,0,0,0,0,0,0,0,2,0,0,0
2722603553,1,1,0,0,0,2,2,0,0,2,1,0,0,0,0,0,0,0,2,0,0,0
2722833659,1,1,0,0,0,2,2,0,0,2,1,0,0,0,0,0,0,0,2,0,0,0
2723071428,1,1,0,0,0,2,2,0,0,2,1,0,0,0,0,0,0,0,2,0,0,0
2723311982,1,1,0,0,0,2,2,0,0,2,1,0,0,0,0,0,0,0,2,0,0,0
2723544051,1,1,0,0,0,2,2,0,0,2,1,0,0,0,0,0,0,0,2,0,0,0
2723777707,1,1,0,0,0,2,2,0,0,2,1,0,0,0,0,0,0,0,2,0,0,0
2724012237,1,1,0,0,0,2,2,0,0,2,1,0,0,0,0,0,0,0,2,0,0,0
2724241126,1,1,0,0,0,2,2,0,0,2,1,0,0,0,0,0,0,0,2,0,0,0
2724464859,1,1,0,0,0,2,2,0,0,2,1,0,0,0,0,0,0,0,2,0,0,0
2724694699,1,1,0,0,0,2,2,0,0,2,1,0,0,0,0,0,0,0,2,0,0,0
2724923582,1,1,0,0,0,2,2,0,0,2,1,0,0,0,0,0,0,0,2,0,0,0
2725150854,1,1,0,0,0,2,2,0,0,2,1,0,0,0,0,0,0,0,2,0,0,0
2725382650,1,1,0,0,0,2,2,0,0,2,1,0,0,0,0,0,0,0,2,0,0,0
2725618839,1,1,0,0,0,2,2,0,0,2,1,0,0,0,0,0,0,0,2,0,0,0
2725862748,1,1,0,0,0,2,2,0,0,2,1,0,0,0,0,0,0,0,2,0,0,0
2726102829,1,1,0,0,0,2,2,0,0,2,1,0,0,0,0,0,0,0,2,0,0,0
2726346671,1,1,0,0,0,2,2,0,0,2,1,0,0,0,0,0,0,0,2,0,0,0
2726576430,1,1,0,0,0,2,2,0,0,2,1,0,0,0,0,0,0,0,2,0,0,0
2726806564,1,1,0,0,0,2,2,0,0,2,1,0,0,0,0,0,0,0,2,0,0,0
2727034590,1,1,0,0,0,2,2,0,0,2,1,0,0,0,0,0,0,0,2,0,0,0
2727260672,1,1,0,0,0,2,2,0,0,2,1,0,0,0,0,0,0,0,2,0,0,0
2727487968,1,1,0,0,0,2,2,0,0,2,1,0,0,0,0,0,0,0,2,0,0,0
2727714685,1,1,0,0,0,2,2,0,0,2,1,0,0,0,0,0,0,0,2,0,0,0
2727949727,1,1,0,0,0,2,2,0,0,2,1,0,0,0,0,0,0,0,2,0,0,0
2728181488,1,1,0,0,0,2,2,0,0,2,1,0,0,0,0,0,0,0,2,0,0,0
2728415198,1,1,0,0,0,2,2,0,0,2,1,0,0,0,0,0,0,0,2,0,0,0
2728652586,1,1,0,0,0,2,2,0,0,2,1,0,0,0,0,0,0,0,2,0,0,0
2728887969,1,1,0,0,0,2,2,0,0,2,1,0,0,0,0,0,0,0,2,0,0,0
2729123852,1,1,0,0,0,2,2,0,0,2,1,0,0,0,0,0,0,0,2,0,0,0
2729363657,1,1,0,0,0,2,2,0,0,2,1,0,0,0,0,0,0,0,2,0,0,0
2729595212,1,1,0,0,0,2,2,0,0,2,1,0,0,0,0,0,0,0,2,0,0,0
2729832723,1,1,0,0,0,2,2,0,0,2,1,0,0,0,0,0,0,0,2,0,0,0
2730061148,1,1,0,0,0,2,2,0,0,2,1,0,0,0,0,0,0,0,2,0,0,0
2730291553,1,1,0,0,0,2,2,0,0,2,1,0,0,0,0,0,0,0,2,0,0,0
2730524919,1,1,0,0,0,2,2,0,0,2,1,0,0,0,0,0,0,0,2,0,0,0
2730749857,1,1,0,0,0,2,2,0,0,2,1,0,0,0,0,0,0,0,2,0,0,0
2730978966,1,1,0,0,0,2,2,0,0,2,1,0,0,0,0,0,0,0,2,0,0,0
2731210788,1,1,0,0,0,2,2,0,0,2,1,0,0,0,0,0,0,0,2,0,0,0
2731451570,1,1,0,0,0,2,2,0,0,2,1,0,0,0,0,0,0,0,2,0,0,0
2731691449,1,1,0,0,0,2,2,0,0,2,1,0,0,0,0,0,0,0,2,0,0,0
2731926496,1,1,0,0,0,2,2,0,0,2,1,0,0,0,0,0,0,0,2,0,0,0
2732166852,1,1,0,0,0,2,2,0,0,2,1,0,0,0,0,0,0,0,2,0,0,0
2732398587,1,1,0,0,0,2,2,0,0,2,1,0,0,0,0,0,0,0,2,0,0,0
2732622667,1,1,0,0,0,2,2,0,0,2,1,0,0,0,0,0,0,0,2,0,0,0
2732853954,1,1,0,0,0,2,2,0,0,2,1,0,0,0,0,0,0,0,2,0,0,0
2733077625,1,1,0,0,0,2,2,0,0,2,1,0,0,0,0,0,0,0,2,0,0,0
2733305718,1,1,0,0,0,2,2,0,0,2,1,0,0,0,0,0,0,0,2,0,0,0
2733537912,1,1,0,0,0,2,2,0,0,2,1,0,0,0,0,0,0,0,2,0,0,0
2733775061,1,1,0,0,0,2,2,0,0,2,1,0,0,0,0,0,0,0,2,0,0,0
2734005666,1,1,0,0,0,2,2,0,0,2,1,0,0,0,0,0,0,0,2,0,0,0
2734235361,1,1,0,0,0,2,2,0,0,2,1,0,0,0,0,0,0,0,2,0,0,0
2734466075,1,1,0,0,0,2,2,0,0,2,1,0,0,0,0,0,0,0,2,0,0,0
2734696383,1,1,0,0,0,2,2,0,0,2,1,0,0,0,0,0,0,0,2,0,0,0
2734931780,1,1,0,0,0,2,2,0,0,2,1,0,0,0,0,0,0,0,2,0,0,0
2735172169,1,1,0,0,0,2,2,0,0,2,1,0,0,0,0,0,0,0,2,0,0,0
2735403410,1,1,0,0,0,2,2,0,0,2,1,0,0,0,0,0,0,0,2,0,0,0
2735643488,1,1,0,0,0,2,2,0,0,2,1,0,0,0,0,0,0,0,2,0,0,0
2735874571,1,1,0,0,0,2,2,0,0,2,1,0,0,0,0,0,0,0,2,0,0,0
2736101587,1,1,0,0,0,2,2,0,0,2,1,0,0,0,0,0,0,0,2,0,0,0
2736329780,1,1,0,0,0,2,2,0,0,2,1,0,0,0,0,0,0,0,2,0,0,0
2736553702,1,1,0,0,0,2,2,0,0,2,1,0,0,0,0,0,0,0,2,0,0,0
2736785531,1,1,0,0,0,2,2,0,0,2,1,0,0,0,0,0,0,0,2,0,0,0
2737022490,1,1,0,0,0,2,2,0,0,2,1,0,0,0,0,0,0,0,2,0,0,0
2737263308,1,1,0,0,0,2,2,0,0,2,1,0,0,0,0,0,0,0,2,0,0,0
2737502729,1,1,0,0,0,2,2,0,0,2,1,0,0,0,0,0,0,0,2,0,0,0
2737742566,1,1,0,0,0,2,2,0,0,2,1,0,0,0,0,0,0,0,2,0,0,0
2737982617,1,1,0,0,0,2,2,0,0,2,1,0,0,0,0,0,0,0,2,0,0,0
2738436788,1,1,0,0,0,2,2,0,0,2,1,0,0,0,0,0,0,0,2,0,0,0
2738663939,1,1,0,0,0,2,2,0,0,2,1,0,0,0,0,0,0,0,2,0,0,0
2738892444,1,1,0,0,0,2,2,0,0,2,1,0,0,0,0,0,0,0,2,0,0,0
2739121755,1,1,0,0,0,2,2,0,0,2,1,0,0,0,0,0,0,0,2,0,0,0
2739353964,1,1,0,0,0,2,2,0,0,2,1,0,0,0,0,0,0,0,2,0,0,0
2739594639,1,1,0,0,0,2,2,0,0,2,1,0,0,0,0,0,0,0,2,0,0,0
2739830151,1,1,0,0,0,2,2,0,0,2,1,0,0,0,0,0,0,0,2,0,0,0
2740070067,1,1,0,0,0,2,2,0,0,2,1,0,0,0,0,0,0,0,2,0,0,0
2740300545,1,1,0,0,0,2,2,0,0,2,1,0,0,0,0,0,0,0,2,0,0,0
2740535959,1,1,0,0,0,2,2,0,0,2,1,0,0,0,0,0,0,0,2,0,0,0
2740776298,1,1,0,0,0,2,2,0,0,2,1,0,0,0,0,0,0,0,2,0,0,0
2741016703,1,1,0,0,0,2,2,0,0,2,1,0,0,0,0,0,0,0,2,0,0,0
2741247487,1,1,0,0,0,2,2,0,0,2,1,0,0,0,0,0,0,0,2,0,0,0
2741483398,1,1,0,0,0,2,2,0,0,2,1,0,0,0,0,0,0,0,2,0,0,0
2741712858,1,1,0,0,0,2,2,0,0,2,1,0,0,0,0,0,0,0,2,0,0,0
2741949838,1,1,0,0,0,2,2,0,0,2,1,0,0,0,0,0,0,0,2,0,0,0
2742181475,1,1,0,0,0,2,2,0,0,2,1,0,0,0,0,0,0,0,2,0,0,0
2742409378,1,1,0,0,0,2,2,0,0,2,1,0,0,0,0,0,0,0,2,0,0,0
2742641693,1,1,0,0,0,2,2,0,0,2,1,0,0,0,0,0,0,0,2,0,0,0
2742878668,1,1,0,0,0,2,2,0,0,2,1,0,0,0,0,0,0,0,2,0,0,0
2743119603,1,1,0,0,0,2,2,0,0,2,1,0,0,0,0,0,0,0,2,0,0,0
2743359918,1,1,0,0,0,2,2,0,0,2,1,0,0,0,0,0,0,0,2,0,0,0
2743599600,1,1,0,0,0,2,2,0,0,2,1,0,0,0,0,0,0,0,2,0,0,0
2743840812,1,1,0,0,0,2,2,0,0,2,1,0,0,0,0,0,0,0,2,0,0,0
2744074630,1,1,0,0,0,2,2,0,0,2,1,0,0,0,0,0,0,0,2,0,0,0
2744301113,1,1,0,0,0,2,2,0,0,2,1,0,0,0,0,0,0,0,2,0,0,0
2744528308,1,1,0,0,0,2,2,0,0,2,1,0,0,0,0,0,0,0,2,0,0,0
2744756949,1,1,0,0,0,2,2,0,0,2,1,0,0,0,0,0,0,0,2,0,0,0
2744986675,1,1,0,0,0,2,2,0,0,2,1,0,0,0,0,0,0,0,2,0,0,0
2745216549,1,1,0,0,0,2,2,0,0,2,1,0,0,0,0,0,0,0,2,0,0,0
2745450003,1,1,0,0,0,2,2,0,0,2,1,0,0,0,0,0,0,0,2,0,0,0
2745689639,1,1,0,0,0,2,2,0,0,2,1,0,0,0,0,0,0,0,2,0,0,0
2745927582,1,1,0,0,0,2,2,0,0,2,1,0,0,0,0,0,0,0,2,0,0,0
2746163434,1,1,0,0,0,2,2,0,0,2,1,0,0,0,0,0,0,0,2,0,0,0
2746395429,1,1,0,0,0,2,2,0,0,2,1,0,0,0,0,0,0,0,2,0,0,0
2746629703,1,1,0,0,0,2,2,0,0,2,1,0,0,0,0,0,0,0,2,0,0,0
2746864898,1,1,0,0,0,2,2,0,0,2,1,0,0,0,0,0,0,0,2,0,0,0
2747099488,1,1,0,0,0,2,2,0,0,2,1,0,0,0,0,0,0,0,2,0,0,0
2747335986,1,1,0,0,0,2,2,0,0,2,1,0,0,0,0,0,0,0,2,0,0,0
2747568594,1,1,0,0,0,2,2,0,0,2,1,0,0,0,0,0,0,0,2,0,0,0
2747795398,1,1,0,0,0,2,2,0,0,2,1,0,0,0,0,0,0,0,2,0,0,0
2748022012,1,1,0,0,0,2,2,0,0,2,1,0,0,0,0,0,0,0,2,0,0,0
2748251542,1,1,0,0,0,2,2,0,0,2,1,0,0,0,0,0,0,0,2,0,0,0
2748481152,1,1,0,0,0,2,2,0,0,2,1,0,0,0,0,0,0,0,2,0,0,0
2748718688,1,1,0,0,0,2,2,0,0,2,1,0,0,0,0,0,0,0,2,0,0,0
2748958532,1,1,0,0,0,2,2,0,0,2,1,0,0,0,0,0,0,0,2,0,0,0
2749199093,1,1,0,0,0,2,2,0,0,2,1,0,0,0,0,0,0,0,2,0,0,0
2749438818,1,1,0,0,0,2,2,0,0,2,1,0,0,0,0,0,0,0,2,0,0,0
2749679562,1,1,0,0,0,2,2,0,0,2,1,0,0,0,0,0,0,0,2,0,0,0
2749909909,1,1,0,0,0,2,2,0,0,2,1,0,0,0,0,0,0,0,2,0,0,0
2750138797,1,1,0,0,0,2,2,0,0,2,1,0,0,0,0,0,0,0,2,0,0,0
2750364838,1,1,0,0,0,2,2,0,0,2,1,0,0,0,0,0,0,0,2,0,0,0
2750589788,1,1,0,0,0,2,2,0,0,2,1,0,0,0,0,0,0,0,2,0,0,0
2750824093,1,1,0,0,0,2,2,0,0,2,1,0,0,0,0,0,0,0,2,0,0,0
2751052596,1,1,0,0,0,2,2,0,0,2,1,0,0,0,0,0,0,0,2,0,0,0
2751285820,1,1,0,0,0,2,2,0,0,2,1,0,0,0,0,0,0,0,2,0,0,0
2751522047,1,1,0,0,0,2,2,0,0,2,1,0,0,0,0,0,0,0,2,0,0,0
2751753548,1,1,0,0,0,2,2,0,0,2,1,0,0,0,0,0,0,0,2,0,0,0
2751987260,1,1,0,0,0,2,2,0,0,2,1,0,0,0,0,0,0,0,2,0,0,0
2752219487,1,1,0,0,0,2,2,0,0,2,1,0,0,0,0,0,0,0,2,0,0,0
2752455184,1,1,0,0,0,2,2,0,0,2,1,0,0,0,0,0,0,0,2,0,0,0
2752683831,1,1,0,0,0,2,2,0,0,2,1,0,0,0,0,0,0,0,2,0,0,0
2752915296,1,1,0,0,0,2,2,0,0,2,1,0,0,0,0,0,0,0,2,0,0,0
2753155202,1,1,0,0,0,2,2,0,0,2,1,0,0,0,0,0,0,0,2,0,0,0
2753385050,1,1,0,0,0,2,2,0,0,2,1,0,0,0,0,0,0,0,2,0,0,0
2753610776,1,1,0,0,0,2,2,0,0,2,1,0,0,0,0,0,0,0,2,0,0,0
2753834789,1,1,0,0,0,2,2,0,0,2,1,0,0,0,0,0,0,0,2,0,0,0
2754061750,1,1,0,0,0,2,2,0,0,2,1,0,0,0,0,0,0,0,2,0,0,0
2754291507,1,1,0,0,0,2,2,0,0,2,1,0,0,0,0,0,0,0,2,0,0,0
2754528148,1,1,0,0,0,2,2,0,0,2,1,0,0,0,0,0,0,0,2,0,0,0
2754770598,1,1,0,0,0,2,2,0,0,2,1,0,0,0,0,0,0,0,2,0,0,0
2755011296,1,1,0,0,0,2,2,0,0,2,1,0,0,0,0,0,0,0,2,0,0,0
2755250624,1,1,0,0,0,2,2,0,0,2,1,0,0,0,0,0,0,0,2,0,0,0
2755491227,1,1,0,0,0,2,2,0,0,2,1,0,0,0,0,0,0,0,2,0,0,0
2755722625,1,1,0,0,0,2,2,0,0,2,1,0,0,0,0,0,0,0,2,0,0,0
2755952938,1,1,0,0,0,2,2,0,0,2,1,0,0,0,0,0,0,0,2,0,0,0
2756182564,1,1,0,0,0,2,2,0,0,2,1,0,0,0,0,0,0,0,2,0,0,0
2756410771,1,1,0,0,0,2,2,0,0,2,1,0,0,0,0,0,0,0,2,0,0,0
2756636079,1,1,0,0,0,2,2,0,0,2,1,0,0,0,0,0,0,0,2,0,0,0
2756874400,1,1,0,0,0,2,2,0,0,2,1,0,0,0,0,0,0,0,2,0,0,0
2757106722,1,1,0,0,0,2,2,0,0,2,1,0,0,0,0,0,0,0,2,0,0,0
2757342129,1,1,0,0,0,2,2,0,0,2,1,0,0,0,0,0,0,0,2,0,0,0
2757577761,1,1,0,0,0,2,2,0,0,2,1,0,0,0,0,0,0,0,2,0,0,0
2757811958,1,1,0,0,0,2,2,0,0,2,1,0,0,0,0,0,0,0,2,0,0,0
2758043497,1,1,0,0,0,2,2,0,0,2,1,0,0,0,0,0,0,0,2,0,0,0
2758283463,1,1,0,0,0,2,2,0,0,2,1,0,0,0,0,0,0,0,2,0,0,0
2758519445,1,1,0,0,0,2,2,0,0,2,1,0,0,0,0,0,0,0,2,0,0,0
2758759362,1,1,0,0,0,2,2,0,0,2,1,0,0,0,0,0,0,0,2,0,0,0
2758995147,1,1,0,0,0,2,2,0,0,2,1,0,0,0,0,0,0,0,2,0,0,0
2759225154,1,1,0,0,0,2,2,0,0,2,1,0,0,0,0,0,0,0,2,0,0,0
2759453868,1,1,0,0,0,2,2,0,0,2,1,0,0,0,0,0,0,0,2,0,0,0
2759677682,1,1,0,0,0,2,2,0,0,2,1,0,0,0,0,0,0,0,2,0,0,0
2759906042,1,1,0,0,0,2,2,0,0,2,1,0,0,0,0,0,0,0,2,0,0,0
2760129828,1,1,0,0,0,2,2,0,0,2,1,0,0,0,0,0,0,0,2,0,0,0
2760364879,1,1,0,0,0,2,2,0,0,2,1,0,0,0,0,0,0,0,2,0,0,0
2760602420,1,1,0,0,0,2,2,0,0,2,1,0,0,0,0,0,0,0,2,0,0,0
2760842607,1,1,0,0,0,2,2,0,0,2,1,0,0,0,0,0,0,0,2,0,0,0
2761082597,1,1,0,0,0,2,2,0,0,2,1,0,0,0,0,0,0,0,2,0,0,0
2761322943,1,1,0,0,0,2,2,0,0,2,1,0,0,0,0,0,0,0,2,0,0,0
2761554628,1,1,0,0,0,2,2,0,0,2,1,0,0,0,0,0,0,0,2,0,0,0
2761780530,1,1,0,0,0,2,2,0,0,2,1,0,0,0,0,0,0,0,2,0,0,0
2762008814,1,1,0,0,0,2,2,0,0,2,1,0,0,0,0,0,0,0,2,0,0,0
2762238777,1,1,0,0,0,2,2,0,0,2,1,0,0,0,0,0,0,0,2,0,0,0
2762468805,1,1,0,0,0,2,2,0,0,2,1,0,0,0,0,0,0,0,2,0,0,0
2762693972,1,1,0,0,0,2,2,0,0,2,1,0,0,0,0,0,0,0,2,0,0,0
2762929672,1,1,0,0,0,2,2,0,0,2,1,0,0,0,0,0,0,0,2,0,0,0
2763165985,1,1,0,0,0,2,2,0,0,2,1,0,0,0,0,0,0,0,2,0,0,0
2763401710,1,1,0,0,0,2,2,0,0,2,1,0,0,0,0,0,0,0,2,0,0,0
2763635616,1,1,0,0,0,2,2,0,0,2,1,0,0,0,0,0,0,0,2,0,0,0
2763872067,1,1,0,0,0,2,2,0,0,2,1,0,0,0,0,0,0,0,2,0,0,0
2764111945,1,1,0,0,0,2,2,0,0,2,1,0,0,0,0,0,0,0,2,0,0,0
2764341386,1,1,0,0,0,2,2,0,0,2,1,0,0,0,0,0,0,0,2,0,0,0
2764581048,1,1,0,0,0,2,2,0,0,2,1,0,0,0,0,0,0,0,2,0,0,0
2764812209,1,1,0,0,0,2,2,0,0,2,1,0,0,0,0,0,0,0,2,0,0,0
2765049120,1,1,0,0,0,2,2,0,0,2,1,0,0,0,0,0,0,0,2,0,0,0
2765275633,1,1,0,0,0,2,2,0,0,2,1,0,0,0,0,0,0,0,2,0,0,0
2765502562,1,1,0,0,0,2,2,0,0,2,1,0,0,0,0,0,0,0,2,0,0,0
2765733891,1,1,0,0,0,2,2,0,0,2,1,0,0,0,0,0,0,0,2,0,0,0
2765960856,1,1,0,0,0,2,2,0,0,2,1,0,0,0,0,0,0,0,2,0,0,0
2766190936,1,1,0,0,0,2,2,0,0,2,1,0,0,0,0,0,0,0,2,0,0,0
2766430858,1,1,0,0,0,2,2,0,0,2,1,0,0,0,0,0,0,0,2,0,0,0
2766671405,1,1,0,0,0,2,2,0,0,2,1,0,0,0,0,0,0,0,2,0,0,0
2766910885,1,1,0,0,0,2,2,0,0,2,1,0,0,0,0,0,0,0,2,0,0,0
2767150596,1,1,0,0,0,2,2,0,0,2,1,0,0,0,0,0,0,0,2,0,0,0
2767388552,1,1,0,0,0,2,2,0,0,2,1,0,0,0,0,0,0,0,2,0,0,0
2767616980,1,1,0,0,0,2,2,0,0,2,1,0,0,0,0,0,0,0,2,0,0,0
2767841955,1,1,0,0,0,2,2,0,0,2,1,0,0,0,0,0,0,0,2,0,0,0
2768072087,1,1,0,0,0,2,2,0,0,2,1,0,0,0,0,0,0,0,2,0,0,0
2768297736,1,1,0,0,0,2,2,0,0,2,1,0,0,0,0,0,0,0,2,0,0,0
2768531529,1,1,0,0,0,2,2,0,0,2,1,0,0,0,0,0,0,0,2,0,0,0
2768762491,1,1,0,0,0,2,2,0,0,2,1,0,0,0,0,0,0,0,2,0,0,0
2768995602,1,1,0,0,0,2,2,0,0,2,1,0,0,0,0,0,0,0,2,0,0,0
2769230626,1,1,0,0,0,2,2,0,0,2,1,0,0,0,0,0,0,0,2,0,0,0
2769462478,1,1,0,0,0,2,2,0,0,2,1,0,0,0,0,0,0,0,2,0,0,0
2769699335,1,1,0,0,0,2,2,0,0,2,1,0,0,0,0,0,0,0,2,0,0,0
2769931572,1,1,0,0,0,2,2,0,0,2,1,0,0,0,0,0,0,0,2,0,0,0
2770163479,1,1,0,0,0,2,2,0,0,2,1,0,0,0,0,0,0,0,2,0,0,0
2770395289,1,1,0,0,0,2,2,0,0,2,1,0,0,0,0,0,0,0,2,0,0,0
2770625673,1,1,0,0,0,2,2,0,0,2,1,0,0,0,0,0,0,0,2,0,0,0
2770857855,1,1,0,0,0,2,2,0,0,2,1,0,0,0,0,0,0,0,2,0,0,0
2771085748,1,1,0,0,0,2,2,0,0,2,1,0,0,0,0,0,0,0,2,0,0,0
2771314579,1,1,0,0,0,2,2,0,0,2,1,0,0,0,0,0,0,0,2,0,0,0
2771542654,1,1,0,0,0,2,2,0,0,2,1,0,0,0,0,0,0,0,2,0,0,0
2771769008,1,1,0,0,0,2,2,0,0,2,1,0,0,0,0,0,0,0,2,0,0,0
2772002278,1,1,0,0,0,2,2,0,0,2,1,0,0,0,0,0,0,0,2,0,0,0
2772239245,1,1,0,0,0,2,2,0,0,2,1,0,0,0,0,0,0,0,2,0,0,0
2772478665,1,1,0,0,0,2,2,0,0,2,1,0,0,0,0,0,0,0,2,0,0,0
2772718686,1,1,0,0,0,2,2,0,0,2,1,0,0,0,0,0,0,0,2,0,0,0
2772959373,1,1,0,0,0,2,2,0,0,2,1,0,0,0,0,0,0,0,2,0,0,0
2773198699,1,1,0,0,0,2,2,0,0,2,1,0,0,0,0,0,0,0,2,0,0,0
2773425969,1,1,0,0,0,2,2,0,0,2,1,0,0,0,0,0,0,0,2,0,0,0
2773656012,1,1,0,0,0,2,2,0,0,2,1,0,0,0,0,0,0,0,2,0,0,0
2773885585,1,1,0,0,0,2,2,0,0,2,1,0,0,0,0,0,0,0,2,0,0,0
2774116949,1,1,0,0,0,2,2,0,0,2,1,0,0,0,0,0,0,0,2,0,0,0
2774348817,1,1,0,0,0,2,2,0,0,2,1,0,0,0,0,0,0,0,2,0,0,0
2774580532,1,1,0,0,0,2,2,0,0,2,1,0,0,0,0,0,0,0,2,0,0,0
2774809905,1,1,0,0,0,2,2,0,0,2,1,0,0,0,0,0,0,0,2,0,0,0
2775042073,1,1,0,0,0,2,2,0,0,2,1,0,0,0,0,0,0,0,2,0,0,0
2775278547,1,1,0,0,0,2,2,0,0,2,1,0,0,0,0,0,0,0,2,0,0,0
2775515510,1,1,0,0,0,2,2,0,0,2,1,0,0,0,0,0,0,0,2,0,0,0
2775749066,1,1,0,0,0,2,2,0,0,2,1,0,0,0,0,0,0,0,2,0,0,0
2775983927,1,1,0,0,0,2,2,0,0,2,1,0,0,0,0,0,0,0,2,0,0,0
2776223394,1,1,0,0,0,2,2,0,0,2,1,0,0,0,0,0,0,0,2,0,0,0
2776455555,1,1,0,0,0,2,2,0,0,2,1,0,0,0,0,0,0,0,2,0,0,0
2776692040,1,1,0,0,0,2,2,0,0,2,1,0,0,0,0,0,0,0,2,0,0,0
2776919643,1,1,0,0,0,2,2,0,0,2,1,0,0,0,0,0,0,0,2,0,0,0
2777147534,1,1,0,0,0,2,2,0,0,2,1,0,0,0,0,0,0,0,2,0,0,0
2777384869,1,1,0,0,0,2,2,0,0,2,1,0,0,0,0,0,0,0,2,0,0,0
2777611455,1,1,0,0,0,2,2,0,0,2,1,0,0,0,0,0,0,0,2,0,0,0
2777842634,1,1,0,0,0,2,2,0,0,2,1,0,0,0,0,0,0,0,2,0,0,0
2778078392,1,1,0,0,0,2,2,0,0,2,1,0,0,0,0,0,0,0,2,0,0,0
2778318405,1,1,0,0,0,2,2,0,0,2,1,0,0,0,0,0,0,0,2,0,0,0
2778558799,1,1,0,0,0,2,2,0,0,2,1,0,0,0,0,0,0,0,2,0,0,0
2778798538,1,1,0,0,0,2,2,0,0,2,1,0,0,0,0,0,0,0,2,0,0,0
2779038682,1,1,0,0,0,2,2,0,0,2,1,0,0,0,0,0,0,0,2,0,0,0
2779268690,1,1,0,0,0,2,2,0,0,2,1,0,0,0,0,0,0,0,2,0,0,0
2779500445,1,1,0,0,0,2,2,0,0,2,1,0,0,0,0,0,0,0,2,0,0,0
2779729828,1,1,0,0,0,2,2,0,0,2,1,0,0,0,0,0,0,0,2,0,0,0
2779957690,1,1,0,0,0,2,2,0,0,2,1,0,0,0,0,0,0,0,2,0,0,0
2780190638,1,1,0,0,0,2,2,0,0,2,1,0,0,0,0,0,0,0,2,0,0,0
2780426693,1,1,0,0,0,2,2,0,0,2,1,0,0,0,0,0,0,0,2,0,0,0
2780666696,1,1,0,0,0,2,2,0,0,2,1,0,0,0,0,0,0,0,2,0,0,0
2780893885,1,1,0,0,0,2,2,0,0,2,1,0,0,0,0,0,0,0,2,0,0,0
2781129790,1,1,0,0,0,2,2,0,0,2,1,0,0,0,0,0,0,0,2,0,0,0
2781368348,1,1,0,0,0,2,2,0,0,2,1,0,0,0,0,0,0,0,2,0,0,0
2781599583,1,1,0,0,0,2,2,0,0,2,1,0,0,0,0,0,0,0,2,0,0,0
2781837627,1,1,0,0,0,2,2,0,0,2,1,0,0,0,0,0,0,0,2,0,0,0
2782069585,1,1,0,0,0,2,2,0,0,2,1,0,0,0,0,0,0,0,2,0,0,0
2782308890,1,1,0,0,0,2,2,0,0,2,1,0,0,0,0,0,0,0,2,0,0,0
2782543384,1,1,0,0,0,2,2,0,0,2,1,0,0,0,0,0,0,0,2,0,0,0
2782770644,1,1,0,0,0,2,2,0,0,2,1,0,0,0,0,0,0,0,2,0,0,0
2782997233,1,1,0,0,0,2,2,0,0,2,1,0,0,0,0,0,0,0,2,0,0,0
2783223479,1,1,0,0,0,2,2,0,0,2,1,0,0,0,0,0,0,0,2,0,0,0
2783454705,1,1,0,0,0,2,2,0,0,2,1,0,0,0,0,0,0,0,2,0,0,0
2783684905,1,1,0,0,0,2,2,0,0,2,1,0,0,0,0,0,0,0,2,0,0,0
2783914785,1,1,0,0,0,2,2,0,0,2,1,0,0,0,0,0,0,0,2,0,0,0
2784154550,1,1,0,0,0,2,2,0,0,2,1,0,0,0,0,0,0,0,2,0,0,0
2784395108,1,1,0,0,0,2,2,0,0,2,1,0,0,0,0,0,0,0,2,0,0,0
2784635150,1,1,0,0,0,2,2,0,0,2,1,0,0,0,0,0,0,0,2,0,0,0
2784874662,1,1,0,0,0,2,2,0,0,2,1,0,0,0,0,0,0,0,2,0,0,0
2785109772,1,1,0,0,0,2,2,0,0,2,1,0,0,0,0,0,0,0,2,0,0,0
2785340720,1,1,0,0,0,2,2,0,0,2,1,0,0,0,0,0,0,0,2,0,0,0
2785566691,1,1,0,0,0,2,2,0,0,2,1,0,0,0,0,0,0,0,2,0,0,0
2785794431,1,1,0,0,0,2,2,0,0,2,1,0,0,0,0,0,0,0,2,0,0,0
2786021947,1,1,0,0,0,2,2,0,0,2,1,0,0,0,0,0,0,0,2,0,0,0
2786250510,1,1,0,0,0,2,2,0,0,2,1,0,0,0,0,0,0,0,2,0,0,0
2786485878,1,1,0,0,0,2,2,0,0,2,1,0,0,0,0,0,0,0,2,0,0,0
2786717877,1,1,0,0,0,2,2,0,0,2,1,0,0,0,0,0,0,0,2,0,0,0
2786953561,1,1,0,0,0,2,2,0,0,2,1,0,0,0,0,0,0,0,2,0,0,0
2787190867,1,1,0,0,0,2,2,0,0,2,1,0,0,0,0,0,0,0,2,0,0,0
2787423490,1,1,0,0,0,2,2,0,0,2,1,0,0,0,0,0,0,0,2,0,0,0
2787663595,1,1,0,0,0,2,2,0,0,2,1,0,0,0,0,0,0,0,2,0,0,0
2787899568,1,1,0,0,0,2,2,0,0,2,1,0,0,0,0,0,0,0,2,0,0,0
2788135524,1,1,0,0,0,2,2,0,0,2,1,0,0,0,0,0,0,0,2,0,0,0
2788368818,1,1,0,0,0,2,2,0,0,2,1,0,0,0,0,0,0,0,2,0,0,0
2788825699,1,1,0,0,0,2,2,0,0,2,1,0,0,0,0,0,0,0,2,0,0,0
2789055636,1,1,0,0,0,2,2,0,0,2,1,0,0,0,0,0,0,0,2,0,0,0
2789285001,1,1,0,0,0,2,2,0,0,2,1,0,0,0,0,0,0,0,2,0,0,0
2789507473,1,1,0,0,0,2,2,0,0,2,1,0,0,0,0,0,0,0,2,0,0,0
2789731170,1,1,0,0,0,2,2,0,0,2,1,0,0,0,0,0,0,0,2,0,0,0
2789971501,1,1,0,0,0,2,2,0,0,2,1,0,0,0,0,0,0,0,2,0,0,0
2790212233,1,1,0,0,0,2,2,0,0,2,1,0,0,0,0,0,0,0,2,0,0,0
2790451930,1,1,0,0,0,2,2,0,0,2,1,0,0,0,0,0,0,0,2,0,0,0
2790692238,1,1,0,0,0,2,2,0,0,2,1,0,0,0,0,0,0,0,2,0,0,0
2790928275,1,1,0,0,0,2,2,0,0,2,1,0,0,0,0,0,0,0,2,0,0,0
2791154779,1,1,0,0,0,2,2,0,0,2,1,0,0,0,0,0,0,0,2,0,0,0
2791384702,1,1,0,0,0,2,2,0,0,2,1,0,0,0,0,0,0,0,2,0,0,0
2791614406,1,1,0,0,0,2,2,0,0,2,1,0,0,0,0,0,0,0,2,0,0,0
2791837974,1,1,0,0,0,2,2,0,0,2,1,0,0,0,0,0,0,0,2,0,0,0
2792063256,1,1,0,0,0,2,2,0,0,2,1,0,0,0,0,0,0,0,2,0,0,0
2792295488,1,1,0,0,0,2,2,0,0,2,1,0,0,0,0,0,0,0,2,0,0,0
2792529743,1,1,0,0,0,2,2,0,0,2,1,0,0,0,0,0,0,0,2,0,0,0
2792765879,1,1,0,0,0,2,2,0,0,2,1,0,0,0,0,0,0,0,2,0,0,0
2792997595,1,1,0,0,0,2,2,0,0,2,1,0,0,0,0,0,0,0,2,0,0,0
2793227740,1,1,0,0,0,2,2,0,0,2,1,0,0,0,0,0,0,0,2,0,0,0
2793467302,1,1,0,0,0,2,2,0,0,2,1,0,0,0,0,0,0,0,2,0,0,0
2793708790,1,1,0,0,0,2,2,0,0,2,1,0,0,0,0,0,0,0,2,0,0,0
2793939602,1,1,0,0,0,2,2,0,0,2,1,0,0,0,0,0,0,0,2,0,0,0
2794171382,1,1,0,0,0,2,2,0,0,2,1,0,0,0,0,0,0,0,2,0,0,0
2794408919,1,1,0,0,0,2,2,0,0,2,1,0,0,0,0,0,0,0,2,0,0,0
2794637887,1,1,0,0,0,2,2,0,0,2,1,0,0,0,0,0,0,0,2,0,0,0
2794863512,1,1,0,0,0,2,2,0,0,2,1,0,0,0,0,0,0,0,2,0,0,0
2795091585,1,1,0,0,0,2,2,0,0,2,1,0,0,0,0,0,0,0,2,0,0,0
2795318356,1,1,0,0,0,2,2,0,0,2,1,0,0,0,0,0,0,0,2,0,0,0
2795544980,1,1,0,0,0,2,2,0,0,2,1,0,0,0,0,0,0,0,2,0,0,0
2795782748,1,1,0,0,0,2,2,0,0,2,1,0,0,0,0,0,0,0,2,0,0,0
2796022726,1,1,0,0,0,2,2,0,0,2,1,0,0,0,0,0,0,0,2,0,0,0
2796266450,1,1,0,0,0,2,2,0,0,2,1,0,0,0,0,0,0,0,2,0,0,0
2796506465,1,1,0,0,0,2,2,0,0,2,1,0,0,0,0,0,0,0,2,0,0,0
2796746469,1,1,0,0,0,2,2,0,0,2,1,0,0,0,0,0,0,0,2,0,0,0
2796972892,1,1,0,0,0,2,2,0,0,2,1,0,0,0,0,0,0,0,2,0,0,0
2797202365,1,1,0,0,0,2,2,0,0,2,1,0,0,0,0,0,0,0,2,0,0,0
2797432051,1,1,0,0,0,2,2,0,0,2,1,0,0,0,0,0,0,0,2,0,0,0
2797656569,1,1,0,0,0,2,2,0,0,2,1,0,0,0,0,0,0,0,2,0,0,0
2797886047,1,1,0,0,0,2,2,0,0,2,1,0,0,0,0,0,0,0,2,0,0,0
2798122815,1,1,0,0,0,2,2,0,0,2,1,0,0,0,0,0,0,0,2,0,0,0
2798356551,1,1,0,0,0,2,2,0,0,2,1,0,0,0,0,0,0,0,2,0,0,0
2798594621,1,1,0,0,0,2,2,0,0,2,1,0,0,0,0,0,0,0,2,0,0,0
2798824511,1,1,0,0,0,2,2,0,0,2,1,0,0,0,0,0,0,0,2,0,0,0
2799063199,1,1,0,0,0,2,2,0,0,2,1,0,0,0,0,0,0,0,2,0,0,0
2799299755,1,1,0,0,0,2,2,0,0,2,1,0,0,0,0,0,0,0,2,0,0,0
2799539287,1,1,0,0,0,2,2,0,0,2,1,0,0,0,0,0,0,0,2,0,0,0
2799776193,1,1,0,0,0,2,2,0,0,2,1,0,0,0,0,0,0,0,2,0,0,0
2800015947,1,1,0,0,0,2,2,0,0,2,1,0,0,0,0,0,0,0,2,0,0,0
2800255663,1,1,0,0,0,2,2,0,0,2,1,0,0,0,0,0,0,0,2,0,0,0
2800486824,1,1,0,0,0,2,2,0,0,2,1,0,0,0,0,0,0,0,2,0,0,0
2800713113,1,1,0,0,0,2,2,0,0,2,1,0,0,0,0,0,0,0,2,0,0,0
2800941765,1,1,0,0,0,2,2,0,0,2,1,0,0,0,0,0,0,0,2,0,0,0
2801169509,1,1,0,0,0,2,2,0,0,2,1,0,0,0,0,0,0,0,2,0,0,0
2801398004,1,1,0,0,0,2,2,0,0,2,1,0,0,0,0,0,0,0,2,0,0,0
2801631610,1,1,0,0,0,2,2,0,0,2,1,0,0,0,0,0,0,0,2,0,0,0
2801871386,1,1,0,0,0,2,2,0,0,2,1,0,0,0,0,0,0,0,2,0,0,0
2802111917,1,1,0,0,0,2,2,0,0,2,1,0,0,0,0,0,0,0,2,0,0,0
2802350796,1,1,0,0,0,2,2,0,0,2,1,0,0,0,0,0,0,0,2,0,0,0
2802590611,1,1,0,0,0,2,2,0,0,2,1,0,0,0,0,0,0,0,2,0,0,0
2802821662,1,1,0,0,0,2,2,0,0,2,1,0,0,0,0,0,0,0,2,0,0,0
2803054514,1,1,0,0,0,2,2,0,0,2,1,0,0,0,0,0,0,0,2,0,0,0
2803284125,1,1,0,0,0,2,2,0,0,2,1,0,0,0,0,0,0,0,2,0,0,0
2803512888,1,1,0,0,0,2,2,0,0,2,1,0,0,0,0,0,0,0,2,0,0,0
2803744010,1,1,0,0,0,2,2,0,0,2,1,0,0,0,0,0,0,0,2,0,0,0
2803974397,1,1,0,0,0,2,2,0,0,2,1,0,0,0,0,0,0,0,2,0,0,0
2804209577,1,1,0,0,0,2,2,0,0,2,1,0,0,0,0,0,0,0,2,0,0,0
2804443295,1,1,0,0,0,2,2,0,0,2,1,0,0,0,0,0,0,0,2,0,0,0
2804680586,1,1,0,0,0,2,2,0,0,2,1,0,0,0,0,0,0,0,2,0,0,0
2804918532,1,1,0,0,0,2,2,0,0,2,1,0,0,0,0,0,0,0,2,0,0,0
2805147501,1,1,0,0,0,2,2,0,0,2,1,0,0,0,0,0,0,0,2,0,0,0
2805380570,1,1,0,0,0,2,2,0,0,2,1,0,0,0,0,0,0,0,2,0,0,0
2805615603,1,1,0,0,0,2,2,0,0,2,1,0,0,0,0,0,0,0,2,0,0,0
2805855840,1,1,0,0,0,2,2,0,0,2,1,0,0,0,0,0,0,0,2,0,0,0
2806091427,1,1,0,0,0,2,2,0,0,2,1,0,0,0,0,0,0,0,2,0,0,0
2806322576,1,1,0,0,0,2,2,0,0,2,1,0,0,0,0,0,0,0,2,0,0,0
2806549626,1,1,0,0,0,2,2,0,0,2,1,0,0,0,0,0,0,0,2,0,0,0
2806773573,1,1,0,0,0,2,2,0,0,2,1,0,0,0,0,0,0,0,2,0,0,0
2807003557,1,1,0,0,0,2,2,0,0,2,1,0,0,0,0,0,0,0,2,0,0,0
2807233754,1,1,0,0,0,2,2,0,0,2,1,0,0,0,0,0,0,0,2,0,0,0
2807462765,1,1,0,0,0,2,2,0,0,2,1,0,0,0,0,0,0,0,2,0,0,0
2807702489,1,1,0,0,0,2,2,0,0,2,1,0,0,0,0,0,0,0,2,0,0,0
2807942605,1,1,0,0,0,2,2,0,0,2,1,0,0,0,0,0,0,0,2,0,0,0
2808182465,1,1,0,0,0,2,2,0,0,2,1,0,0,0,0,0,0,0,2,0,0,0
2808422717,1,1,0,0,0,2,2,0,0,2,1,0,0,0,0,0,0,0,2,0,0,0
2808664216,1,1,0,0,0,2,2,0,0,2,1,0,0,0,0,0,0,0,2,0,0,0
2808896985,1,1,0,0,0,2,2,0,0,2,1,0,0,0,0,0,0,0,2,0,0,0
2809124285,1,1,0,0,0,2,2,0,0,2,1,0,0,0,0,0,0,0,2,0,0,0
2809348243,1,1,0,0,0,2,2,0,0,2,1,0,0,0,0,0,0,0,2,0,0,0
2809578517,1,1,0,0,0,2,2,0,0,2,1,0,0,0,0,0,0,0,2,0,0,0
2809803526,1,1,0,0,0,2,2,0,0,2,1,0,0,0,0,0,0,0,2,0,0,0
2810037992,1,1,0,0,0,2,2,0,0,2,1,0,0,0,0,0,0,0,2,0,0,0
2810274514,1,1,0,0,0,2,2,0,0,2,1,0,0,0,0,0,0,0,2,0,0,0
2810514553,1,1,0,0,0,2,2,0,0,2,1,0,0,0,0,0,0,0,2,0,0,0
2810745709,1,1,0,0,0,2,2,0,0,2,1,0,0,0,0,0,0,0,2,0,0,0
2810980586,1,1,0,0,0,2,2,0,0,2,1,0,0,0,0,0,0,0,2,0,0,0
2811215195,1,1,0,0,0,2,2,0,0,2,1,0,0,0,0,0,0,0,2,0,0,0
2811451303,1,1,0,0,0,2,2,0,0,2,1,0,0,0,0,0,0,0,2,0,0,0
2811691449,1,1,0,0,0,2,2,0,0,2,1,0,0,0,0,0,0,0,2,0,0,0
2811927296,1,1,0,0,0,2,2,0,0,2,1,0,0,0,0,0,0,0,2,0,0,0
2812164722,1,1,0,0,0,2,2,0,0,2,1,0,0,0,0,0,0,0,2,0,0,0
2812397611,1,1,0,0,0,2,2,0,0,2,1,0,0,0,0,0,0,0,2,0,0,0
2812626031,1,1,0,0,0,2,2,0,0,2,1,0,0,0,0,0,0,0,2,0,0,0
2812849244,1,1,0,0,0,2,2,0,0,2,1,0,0,0,0,0,0,0,2,0,0,0
2813073870,1,1,0,0,0,2,2,0,0,2,1,0,0,0,0,0,0,0,2,0,0,0
2813302555,1,1,0,0,0,2,2,0,0,2,1,0,0,0,0,0,0,0,2,0,0,0
2813539179,1,1,0,0,0,2,2,0,0,2,1,0,0,0,0,0,0,0,2,0,0,0
2813778711,1,1,0,0,0,2,2,0,0,2,1,0,0,0,0,0,0,0,2,0,0,0
2814019070,1,1,0,0,0,2,2,0,0,2,1,0,0,0,0,0,0,0,2,0,0,0
2814258923,1,1,0,0,0,2,2,0,0,2,1,0,0,0,0,0,0,0,2,0,0,0
2814499560,1,1,0,0,0,2,2,0,0,2,1,0,0,0,0,0,0,0,2,0,0,0
2814729695,1,1,0,0,0,2,2,0,0,2,1,0,0,0,0,0,0,0,2,0,0,0
2814956281,1,1,0,0,0,2,2,0,0,2,1,0,0,0,0,0,0,0,2,0,0,0
2815184055,1,1,0,0,0,2,2,0,0,2,1,0,0,0,0,0,0,0,2,0,0,0
2815413787,1,1,0,0,0,2,2,0,0,2,1,0,0,0,0,0,0,0,2,0,0,0
2815644172,1,1,0,0,0,2,2,0,0,2,1,0,0,0,0,0,0,0,2,0,0,0
2815873822,1,1,0,0,0,2,2,0,0,2,1,0,0,0,0,0,0,0,2,0,0,0
2816112074,1,1,0,0,0,2,2,0,0,2,1,0,0,0,0,0,0,0,2,0,0,0
2816341902,1,1,0,0,0,2,2,0,0,2,1,0,0,0,0,0,0,0,2,0,0,0
2816573872,1,1,0,0,0,2,2,0,0,2,1,0,0,0,0,0,0,0,2,0,0,0
2816808549,1,1,0,0,0,2,2,0,0,2,1,0,0,0,0,0,0,0,2,0,0,0
2817043592,1,1,0,0,0,2,2,0,0,2,1,0,0,0,0,0,0,0,2,0,0,0
2817279959,1,1,0,0,0,2,2,0,0,2,1,0,0,0,0,0,0,0,2,0,0,0
2817515377,1,1,0,0,0,2,2,0,0,2,1,0,0,0,0,0,0,0,2,0,0,0
2817747499,1,1,0,0,0,2,2,0,0,2,1,0,0,0,0,0,0,0,2,0,0,0
2817979570,1,1,0,0,0,2,2,0,0,2,1,0,0,0,0,0,0,0,2,0,0,0
2818205815,1,1,0,0,0,2,2,0,0,2,1,0,0,0,0,0,0,0,2,0,0,0
2818429676,1,1,0,0,0,2,2,0,0,2,1,0,0,0,0,0,0,0,2,0,0,0
2818656866,1,1,0,0,0,2,2,0,0,2,1,0,0,0,0,0,0,0,2,0,0,0
2818881539,1,1,0,0,0,2,2,0,0,2,1,0,0,0,0,0,0,0,2,0,0,0
2819109480,1,1,0,0,0,2,2,0,0,2,1,0,0,0,0,0,0,0,2,0,0,0
2819342720,1,1,0,0,0,2,2,0,0,2,1,0,0,0,0,0,0,0,2,0,0,0
2819587497,1,1,0,0,0,2,2,0,0,2,1,0,0,0,0,0,0,0,2,0,0,0
2819827981,1,1,0,0,0,2,2,0,0,2,1,0,0,0,0,0,0,0,2,0,0,0
2820067969,1,1,0,0,0,2,2,0,0,2,1,0,0,0,0,0,0,0,2,0,0,0
2820308170,1,1,0,0,0,2,2,0,0,2,1,0,0,0,0,0,0,0,2,0,0,0
2820537469,1,1,0,0,0,2,2,0,0,2,1,0,0,0,0,0,0,0,2,0,0,0
2820762511,1,1,0,0,0,2,2,0,0,2,1,0,0,0,0,0,0,0,2,0,0,0
2820992070,1,1,0,0,0,2,2,0,0,2,1,0,0,0,0,0,0,0,2,0,0,0
2821216754,1,1,0,0,0,2,2,0,0,2,1,0,0,0,0,0,0,0,2,0,0,0
2821444558,1,1,0,0,0,2,2,0,0,2,1,0,0,0,0,0,0,0,2,0,0,0
2821673721,1,1,0,0,0,2,2,0,0,2,1,0,0,0,0,0,0,0,2,0,0,0
2821904555,1,1,0,0,0,2,2,0,0,2,1,0,0,0,0,0,0,0,2,0,0,0
2822138529,1,1,0,0,0,2,2,0,0,2,1,0,0,0,0,0,0,0,2,0,0,0
2822377729,1,1,0,0,0,2,2,0,0,2,1,0,0,0,0,0,0,0,2,0,0,0
2822617958,1,1,0,0,0,2,2,0,0,2,1,0,0,0,0,0,0,0,2,0,0,0
2822852934,1,1,0,0,0,2,2,0,0,2,1,0,0,0,0,0,0,0,2,0,0,0
2823093176,1,1,0,0,0,2,2,0,0,2,1,0,0,0,0,0,0,0,2,0,0,0
2823327556,1,1,0,0,0,2,2,0,0,2,1,0,0,0,0,0,0,0,2,0,0,0
2823557942,1,1,0,0,0,2,2,0,0,2,1,0,0,0,0,0,0,0,2,0,0,0
2823793105,1,1,0,0,0,2,2,0,0,2,1,0,0,0,0,0,0,0,2,0,0,0
2824026568,1,1,0,0,0,2,2,0,0,2,1,0,0,0,0,0,0,0,2,0,0,0
2824250484,1,1,0,0,0,2,2,0,0,2,1,0,0,0,0,0,0,0,2,0,0,0
2824481692,1,1,0,0,0,2,2,0,0,2,1,0,0,0,0,0,0,0,2,0,0,0
2824714498,1,1,0,0,0,2,2,0,0,2,1,0,0,0,0,0,0,0,2,0,0,0
2824941061,1,1,0,0,0,2,2,0,0,2,1,0,0,0,0,0,0,0,2,0,0,0
2825167572,1,1,0,0,0,2,2,0,0,2,1,0,0,0,0,0,0,0,2,0,0,0
2825402744,1,1,0,0,0,2,2,0,0,2,1,0,0,0,0,0,0,0,2,0,0,0
2825642786,1,1,0,0,0,2,2,0,0,2,1,0,0,0,0,0,0,0,2,0,0,0
2825882787,1,1,0,0,0,2,2,0,0,2,1,0,0,0,0,0,0,0,2,0,0,0
2826122852,1,1,0,0,0,2,2,0,0,2,1,0,0,0,0,0,0,0,2,0,0,0
2826363098,1,1,0,0,0,2,2,0,0,2,1,0,0,0,0,0,0,0,2,0,0,0
2826598267,1,1,0,0,0,2,2,0,0,2,1,0,0,0,0,0,0,0,2,0,0,0
2826824164,1,1,0,0,0,2,2,0,0,2,1,0,0,0,0,0,0,0,2,0,0,0
2827050589,1,1,0,0,0,2,2,0,0,2,1,0,0,0,0,0,0,0,2,0,0,0
2827280838,1,1,0,0,0,2,2,0,0,2,1,0,0,0,0,0,0,0,2,0,0,0
2827506769,1,1,0,0,0,2,2,0,0,2,1,0,0,0,0,0,0,0,2,0,0,0
2827739189,1,1,0,0,0,2,2,0,0,2,1,0,0,0,0,0,0,0,2,0,0,0
2827970609,1,1,0,0,0,2,2,0,0,2,1,0,0,0,0,0,0,0,2,0,0,0
2828205750,1,1,0,0,0,2,2,0,0,2,1,0,0,0,0,0,0,0,2,0,0,0
2828437736,1,1,0,0,0,2,2,0,0,2,1,0,0,0,0,0,0,0,2,0,0,0
2828673715,1,1,0,0,0,2,2,0,0,2,1,0,0,0,0,0,0,0,2,0,0,0
2828912685,1,1,0,0,0,2,2,0,0,2,1,0,0,0,0,0,0,0,2,0,0,0
2829147882,1,1,0,0,0,2,2,0,0,2,1,0,0,0,0,0,0,0,2,0,0,0
2829383832,1,1,0,0,0,2,2,0,0,2,1,0,0,0,0,0,0,0,2,0,0,0
2829617675,1,1,0,0,0,2,2,0,0,2,1,0,0,0,0,0,0,0,2,0,0,0
2829849580,1,1,0,0,0,2,2,0,0,2,1,0,0,0,0,0,0,0,2,0,0,0
2830083189,1,1,0,0,0,2,2,0,0,2,1,0,0,0,0,0,0,0,2,0,0,0
2830310528,1,1,0,0,0,2,2,0,0,2,1,0,0,0,0,0,0,0,2,0,0,0
2830545245,1,1,0,0,0,2,2,0,0,2,1,0,0,0,0,0,0,0,2,0,0,0
2830774643,1,1,0,0,0,2,2,0,0,2,1,0,0,0,0,0,0,0,2,0,0,0
2831001701,1,1,0,0,0,2,2,0,0,2,1,0,0,0,0,0,0,0,2,0,0,0
2831235973,1,1,0,0,0,2,2,0,0,2,1,0,0,0,0,0,0,0,2,0,0,0
2831475576,1,1,0,0,0,2,2,0,0,2,1,0,0,0,0,0,0,0,2,0,0,0
2831716194,1,1,0,0,0,2,2,0,0,2,1,0,0,0,0,0,0,0,2,0,0,0
2831955910,1,1,0,0,0,2,2,0,0,2,1,0,0,0,0,0,0,0,2,0,0,0
2832196176,1,1,0,0,0,2,2,0,0,2,1,0,0,0,0,0,0,0,2,0,0,0
2832429042,1,1,0,0,0,2,2,0,0,2,1,0,0,0,0,0,0,0,2,0,0,0
2832657252,1,1,0,0,0,2,2,0,0,2,1,0,0,0,0,0,0,0,2,0,0,0
2832884672,1,1,0,0,0,2,2,0,0,2,1,0,0,0,0,0,0,0,2,0,0,0
2833112914,1,1,0,0,0,2,2,0,0,2,1,0,0,0,0,0,0,0,2,0,0,0
2833340998,1,1,0,0,0,2,2,0,0,2,1,0,0,0,0,0,0,0,2,0,0,0
2833566148,1,1,0,0,0,2,2,0,0,2,1,0,0,0,0,0,0,0,2,0,0,0
2833799552,1,1,0,0,0,2,2,0,0,2,1,0,0,0,0,0,0,0,2,0,0,0
2834039926,1,1,0,0,0,2,2,0,0,2,1,0,0,0,0,0,0,0,2,0,0,0
2834273633,1,1,0,0,0,2,2,0,0,2,1,0,0,0,0,0,0,0,2,0,0,0
2834507562,1,1,0,0,0,2,2,0,0,2,1,0,0,0,0,0,0,0,2,0,0,0
2834749081,1,1,0,0,0,2,2,0,0,2,1,0,0,0,0,0,0,0,2,0,0,0
2834983264,1,1,0,0,0,2,2,0,0,2,1,0,0,0,0,0,0,0,2,0,0,0
2835215541,1,1,0,0,0,2,2,0,0,2,1,0,0,0,0,0,0,0,2,0,0,0
2835455449,1,1,0,0,0,2,2,0,0,2,1,0,0,0,0,0,0,0,2,0,0,0
2835684870,1,1,0,0,0,2,2,0,0,2,1,0,0,0,0,0,0,0,2,0,0,0
2835917806,1,1,0,0,0,2,2,0,0,2,1,0,0,0,0,0,0,0,2,0,0,0
2836145604,1,1,0,0,0,2,2,0,0,2,1,0,0,0,0,0,0,0,2,0,0,0
2836377073,1,1,0,0,0,2,2,0,0,2,1,0,0,0,0,0,0,0,2,0,0,0
2836606798,1,1,0,0,0,2,2,0,0,2,1,0,0,0,0,0,0,0,2,0,0,0
2836834498,1,1,0,0,0,2,2,0,0,2,1,0,0,0,0,0,0,0,2,0,0,0
2837061736,1,1,0,0,0,2,2,0,0,2,1,0,0,0,0,0,0,0,2,0,0,0
2837298500,1,1,0,0,0,2,2,0,0,2,1,0,0,0,0,0,0,0,2,0,0,0
2837539204,1,1,0,0,0,2,2,0,0,2,1,0,0,0,0,0,0,0,2,0,0,0
2837778717,1,1,0,0,0,2,2,0,0,2,1,0,0,0,0,0,0,0,2,0,0,0
2838018553,1,1,0,0,0,2,2,0,0,2,1,0,0,0,0,0,0,0,2,0,0,0
2838258620,1,1,0,0,0,2,2,0,0,2,1,0,0,0,0,0,0,0,2,0,0,0
2838492460,1,1,0,0,0,2,2,0,0,2,1,0,0,0,0,0,0,0,2,0,0,0
2838722518,1,1,0,0,0,2,2,0,0,2,1,0,0,0,0,0,0,0,2,0,0,0
2838952201,1,1,0,0,0,2,2,0,0,2,1,0,0,0,0,0,0,0,2,0,0,0
2839178715,1,1,0,0,0,2,2,0,0,2,1,0,0,0,0,0,0,0,2,0,0,0
2839408998,1,1,0,0,0,2,2,0,0,2,1,0,0,0,0,0,0,0,2,0,0,0
2839441603,1,1,0,0,0,1,2,0,0,2,1,0,0,0,0,0,0,0,2,0,0,0
2839635640,1,1,0,0,0,1,2,0,0,2,1,0,0,0,0,0,0,0,2,0,0,0
2839865993,1,1,0,0,0,1,2,0,0,2,1,0,0,0,0,0,0,0,2,0,0,0
2840096583,1,1,0,0,0,1,2,0,0,2,1,0,0,0,0,0,0,0,2,0,0,0
2840332592,1,1,0,0,0,1,2,0,0,2,1,0,0,0,0,0,0,0,2,0,0,0
2840573695,1,1,0,0,0,1,2,0,0,2,1,0,0,0,0,0,0,0,2,0,0,0
2840812379,1,1,0,0,0,1,2,0,0,2,1,0,0,0,0,0,0,0,2,0,0,0
2841047892,1,1,0,0,0,1,2,0,0,2,1,0,0,0,0,0,0,0,2,0,0,0
2841287310,1,1,0,0,0,1,2,0,0,2,1,0,0,0,0,0,0,0,2,0,0,0
2841521159,1,1,0,0,0,1,2,0,0,2,1,0,0,0,0,0,0,0,2,0,0,0
2841759313,1,1,0,0,0,1,2,0,0,2,1,0,0,0,0,0,0,0,2,0,0,0
2841988934,1,1,0,0,0,1,2,0,0,2,1,0,0,0,0,0,0,0,2,0,0,0
2842222720,1,1,0,0,0,1,2,0,0,2,1,0,0,0,0,0,0,0,2,0,0,0
2842447170,1,1,0,0,0,1,2,0,0,2,1,0,0,0,0,0,0,0,2,0,0,0
2842676454,1,1,0,0,0,1,2,0,0,2,1,0,0,0,0,0,0,0,2,0,0,0
2842903156,1,1,0,0,0,1,2,0,0,2,1,0,0,0,0,0,0,0,2,0,0,0
2843134817,1,1,0,0,0,1,2,0,0,2,1,0,0,0,0,0,0,0,2,0,0,0
2843374830,1,1,0,0,0,1,2,0,0,2,1,0,0,0,0,0,0,0,2,0,0,0
2843615578,1,1,0,0,0,1,2,0,0,2,1,0,0,0,0,0,0,0,2,0,0,0
2843855543,1,1,0,0,0,1,2,0,0,2,1,0,0,0,0,0,0,0,2,0,0,0
2844095273,1,1,0,0,0,1,2,0,0,2,1,0,0,0,0,0,0,0,2,0,0,0
2844328963,1,1,0,0,0,1,2,0,0,2,1,0,0,0,0,0,0,0,2,0,0,0
2844560093,1,1,0,0,0,1,2,0,0,2,1,0,0,0,0,0,0,0,2,0,0,0
2844788838,1,1,0,0,0,1,2,0,0,2,1,0,0,0,0,0,0,0,2,0,0,0
2845017183,1,1,0,0,0,1,2,0,0,2,1,0,0,0,0,0,0,0,2,0,0,0
2845244300,1,1,0,0,0,1,2,0,0,2,1,0,0,0,0,0,0,0,2,0,0,0
2845473471,1,1,0,0,0,1,2,0,0,2,1,0,0,0,0,0,0,0,2,0,0,0
2845708576,1,1,0,0,0,1,2,0,0,2,1,0,0,0,0,0,0,0,2,0,0,0
2845939187,1,1,0,0,0,1,2,0,0,2,1,0,0,0,0,0,0,0,2,0,0,0
2846173589,1,1,0,0,0,1,2,0,0,2,1,0,0,0,0,0,0,0,2,0,0,0
2846404555,1,1,0,0,0,1,2,0,0,2,1,0,0,0,0,0,0,0,2,0,0,0
2846639658,1,1,0,0,0,1,2,0,0,2,1,0,0,0,0,0,0,0,2,0,0,0
2846879538,1,1,0,0,0,1,2,0,0,2,1,0,0,0,0,0,0,0,2,0,0,0
2847115432,1,1,0,0,0,1,2,0,0,2,1,0,0,0,0,0,0,0,2,0,0,0
2847355903,1,1,0,0,0,1,2,0,0,2,1,0,0,0,0,0,0,0,2,0,0,0
2847591522,1,1,0,0,0,1,2,0,0,2,1,0,0,0,0,0,0,0,2,0,0,0
2847822571,1,1,0,0,0,1,2,0,0,2,1,0,0,0,0,0,0,0,2,0,0,0
2848054646,1,1,0,0,0,1,2,0,0,2,1,0,0,0,0,0,0,0,2,0,0,0
2848278778,1,1,0,0,0,1,2,0,0,2,1,0,0,0,0,0,0,0,2,0,0,0
2848503663,1,1,0,0,0,1,2,0,0,2,1,0,0,0,0,0,0,0,2,0,0,0
2848731338,1,1,0,0,0,1,2,0,0,2,1,0,0,0,0,0,0,0,2,0,0,0
2848958309,1,1,0,0,0,1,2,0,0,2,1,0,0,0,0,0,0,0,2,0,0,0
2849198605,1,1,0,0,0,1,2,0,0,2,1,0,0,0,0,0,0,0,2,0,0,0
2849439201,1,1,0,0,0,1,2,0,0,2,1,0,0,0,0,0,0,0,2,0,0,0
2849678665,1,1,0,0,0,1,2,0,0,2,1,0,0,0,0,0,0,0,2,0,0,0
2849918530,1,1,0,0,0,1,2,0,0,2,1,0,0,0,0,0,0,0,2,0,0,0
2850158585,1,1,0,0,0,1,2,0,0,2,1,0,0,0,0,0,0,0,2,0,0,0
2850387918,1,1,0,0,0,1,2,0,0,2,1,0,0,0,0,0,0,0,2,0,0,0
2850614560,1,1,0,0,0,1,2,0,0,2,1,0,0,0,0,0,0,0,2,0,0,0
2850842478,1,1,0,0,0,1,2,0,0,2,1,0,0,0,0,0,0,0,2,0,0,0
2851070600,1,1,0,0,0,1,2,0,0,2,1,0,0,0,0,0,0,0,2,0,0,0
2851300305,1,1,0,0,0,1,2,0,0,2,1,0,0,0,0,0,0,0,2,0,0,0
2851538636,1,1,0,0,0,1,2,0,0,2,1,0,0,0,0,0,0,0,2,0,0,0
2851773368,1,1,0,0,0,1,2,0,0,2,1,0,0,0,0,0,0,0,2,0,0,0
2852010563,1,1,0,0,0,1,2,0,0,2,1,0,0,0,0,0,0,0,2,0,0,0
2852246824,1,1,0,0,0,1,2,0,0,2,1,0,0,0,0,0,0,0,2,0,0,0
2852477884,1,1,0,0,0,1,2,0,0,2,1,0,0,0,0,0,0,0,2,0,0,0
2852715471,1,1,0,0,0,1,2,0,0,2,1,0,0,0,0,0,0,0,2,0,0,0
2852948854,1,1,0,0,0,1,2,0,0,2,1,0,0,0,0,0,0,0,2,0,0,0
2853183497,1,1,0,0,0,1,2,0,0,2,1,0,0,0,0,0,0,0,2,0,0,0
2853415429,1,1,0,0,0,1,2,0,0,2,1,0,0,0,0,0,0,0,2,0,0,0
2853649859,1,1,0,0,0,1,2,0,0,2,1,0,0,0,0,0,0,0,2,0,0,0
2853874658,1,1,0,0,0,1,2,0,0,2,1,0,0,0,0,0,0,0,2,0,0,0
2854103486,1,1,0,0,0,1,2,0,0,2,1,0,0,0,0,0,0,0,2,0,0,0
2854333264,1,1,0,0,0,1,2,0,0,2,1,0,0,0,0,0,0,0,2,0,0,0
2854423547,1,1,0,0,0,15,2,0,0,2,1,0,0,0,0,0,0,0,2,0,0,0
2854562048,1,1,0,0,0,15,2,0,0,2,1,0,0,0,0,0,0,0,2,0,0,0
2854786596,1,1,0,0,0,15,2,0,0,2,1,0,0,0,0,0,0,0,2,0,0,0
2855018669,1,1,0,0,0,15,2,0,0,2,1,0,0,0,0,0,0,0,2,0,0,0
2855258828,1,1,0,0,0,15,2,0,0,2,1,0,0,0,0,0,0,0,2,0,0,0
2855498844,1,1,0,0,0,15,2,0,0,2,1,0,0,0,0,0,0,0,2,0,0,0
2855739070,1,1,0,0,0,15,2,0,0,2,1,0,0,0,0,0,0,0,2,0,0,0
2855978480,1,1,0,0,0,15,2,0,0,2,1,0,0,0,0,0,0,0,2,0,0,0
2856210609,1,1,0,0,0,15,2,0,0,2,1,0,0,0,0,0,0,0,2,0,0,0
2856438618,1,1,0,0,0,15,2,0,0,2,1,0,0,0,0,0,0,0,2,0,0,0
2856496761,1,1,0,0,0,15,1,0,0,2,1,0,0,0,0,0,0,0,2,0,0,0
2856670624,1,1,0,0,0,15,1,0,0,2,1,0,0,0,0,0,0,0,2,0,0,0
2856900263,1,1,0,0,0,15,1,0,0,2,1,0,0,0,0,0,0,0,2,0,0,0
2857132262,1,1,0,0,0,15,1,0,0,2,1,0,0,0,0,0,0,0,2,0,0,0
2857357797,1,1,0,0,0,15,1,0,0,2,1,0,0,0,0,0,0,0,2,0,0,0
