timestamp,time_utc_usec,lat,lon,delta_lat_lon[0],delta_lat_lon[1],alt,delta_alt,vel_n,vel_e,vel_d,pos_d_deriv,yaw,eph,epv,evh,evv,terrain_alt,pressure_alt,lat_lon_reset_counter,alt_reset_counter,terrain_alt_valid,dead_reckoning
556396564,0,1.34096440126,26.1000033879,0.0,0.0,48.4314,0.0,0.00318529,0.002343,-0.0130673,-0.0130673,0.0238515,0.173838,0.0396388,0.0,0.0,48.429,48.3082,0,0,1,0
556596847,0,1.34096446385,26.1000034056,0.0,0.0,48.4474,0.0,0.000326655,0.00247777,0.0107904,0.0107904,0.0238979,0.142228,0.0396334,0.0,0.0,48.429,47.5553,0,0,1,0
556796971,0,1.34096452344,26.1000033781,0.0,0.0,48.4483,0.0,0.00183396,0.00279538,0.0215601,0.0215601,0.0238045,0.212732,0.0396305,0.0,0.0,48.4289,48.9769,0,0,1,0
557007300,0,1.34096461002,26.1000033932,0.0,0.0,48.4471,0.0,0.00177783,0.00160813,0.0283741,0.0283741,0.0237157,0.0140863,0.0631883,0.0,0.0,48.4289,48.3082,0,0,1,0
557207526,0,1.34096468435,26.1000033911,0.0,0.0,48.4472,0.0,0.00123238,-0.00157231,0.00642112,0.00642112,0.0236699,0.0140864,0.0446899,0.0,0.0,48.4288,48.3082,0,0,1,0
557407895,0,1.34096475204,26.1000033741,0.0,0.0,48.4389,0.0,0.000246578,-0.00051853,-0.00902434,-0.00902434,0.0235806,0.158913,0.0446883,0.0,0.0,48.4287,48.141,0,0,1,0
557608322,0,1.34096481179,26.100003414,0.0,0.0,48.4771,0.0,-0.00100936,0.00532129,-0.0237561,-0.0237561,0.0235446,0.0140957,0.0396142,0.0,0.0,48.4287,47.8067,0,0,1,0
557808840,0,1.34096486989,26.1000033992,0.0,0.0,48.4496,0.0,-0.00173522,0.0019159,-0.0124048,-0.0124048,0.0235028,0.0140866,0.0396105,0.0,0.0,48.4287,48.141,0,0,1,0
558008979,0,1.34096494855,26.1000033827,0.0,0.0,48.4737,0.0,0.000617553,0.00169408,-0.0170265,-0.0170265,0.0234139,0.173821,0.0446778,0.0,0.0,48.4287,48.3924,0,0,1,0
558209349,0,1.34096504126,26.1000033905,0.0,0.0,48.4577,0.0,0.00192933,-0.00139536,-0.0143664,-0.0143664,0.0233846,0.0140956,0.0396036,0.0,0.0,48.4286,48.2246,0,0,1,0
558409721,0,1.3409651467,26.100003388,0.0,0.0,48.483,0.0,-0.001437,0.00167837,-0.0122512,-0.0122512,0.0233294,0.17408,0.0446415,0.0,0.0,48.4286,48.3082,0,0,1,0
558620055,0,1.34096520473,26.1000033762,0.0,0.0,48.4528,0.0,0.00169605,-0.00336667,-0.00423384,-0.00423384,0.0233668,0.187819,0.0428467,0.0,0.0,48.4287,48.5589,0,0,1,0
558820450,0,1.34096526468,26.1000033731,0.0,0.0,48.4582,0.0,0.000564252,0.00266683,0.000754768,0.000754768,0.0232935,0.0720847,0.042842,0.0,0.0,48.4286,48.8939,0,0,1,0
559020848,0,1.34096532489,26.100003391,0.0,0.0,48.4643,0.0,0.000482086,0.00155492,0.00442795,0.00442795,0.023388,0.101172,0.0428551,0.0,0.0,48.4286,48.0568,0,0,1,0
559220993,0,1.3409653869,26.1000033743,0.0,0.0,48.4863,0.0,0.00360365,0.00281193,0.0131356,0.0131356,0.0232942,0.187685,0.0428391,0.0,0.0,48.4285,47.4717,0,0,1,0
559421293,0,1.34096544227,26.1000033812,0.0,0.0,48.4748,0.0,-0.00104184,0.00136762,-0.00121797,-0.00121797,0.0232496,0.0715626,0.042813,0.0,0.0,48.4284,47.9732,0,0,1,0
559631884,0,1.34096548956,26.1000034321,0.0,0.0,48.4586,0.0,0.00185056,0.00222585,0.0190161,0.0190161,0.0231608,0.201116,0.0641761,0.0,0.0,48.4283,48.8097,0,0,1,0
559832201,0,1.3409655745,26.1000033994,0.0,0.0,48.4408,0.0,0.00237955,0.00239366,0.0572543,0.0572543,0.0231111,0.123801,0.0640563,0.0,0.0,48.4282,48.6425,0,0,1,0
560032518,0,1.34096566322,26.1000034235,0.0,0.0,48.4442,0.0,0.000201116,0.000631747,0.0498382,0.0498382,0.0231525,0.123332,0.063803,0.0,0.0,48.4282,48.7261,0,0,1,0
560233006,0,1.34096575973,26.1000033666,0.0,0.0,48.4426,0.0,0.000700681,0.000713693,0.0428346,0.0428346,0.0230995,0.200882,0.0641168,0.0,0.0,48.4282,48.8097,0,0,1,0
560432970,0,1.34096585853,26.1000034324,0.0,0.0,48.4454,0.0,0.00104655,-0.000177676,0.0421235,0.0421235,0.0230345,0.200534,0.0637541,0.0,0.0,48.4282,48.141,0,0,1,0
560643399,0,1.34096592283,26.1000033833,0.0,0.0,48.4432,0.0,0.00112554,-0.00291754,0.0501508,0.0501508,0.022885,0.142124,0.0811179,0.0,0.0,48.4281,47.8067,0,0,1,0
560843878,0,1.34096596217,26.1000033783,0.0,0.0,48.4364,0.0,0.000933679,-0.000838695,0.062151,0.062151,0.0228223,0.142261,0.0837502,0.0,0.0,48.4281,48.5589,0,0,1,0
561044216,0,1.34096601738,26.1000033944,0.0,0.0,48.4441,0.0,0.00141773,0.0024404,0.0559599,0.0559599,0.0228204,0.142289,0.0811316,0.0,0.0,48.4279,47.8903,0,0,1,0
561254532,0,1.34096608953,26.100003372,0.0,0.0,48.4473,0.0,0.0026134,-0.00194394,0.0411255,0.0411255,0.0228789,0.0140864,0.0954164,0.0,0.0,48.4279,48.6425,0,0,1,0
561454983,0,1.34096614873,26.1000033824,0.0,0.0,48.4462,0.0,0.000512136,0.00140349,0.0417118,0.0417118,0.0227942,0.158813,0.0954286,0.0,0.0,48.4279,48.4753,0,0,1,0
561655305,0,1.34096619696,26.1000033945,0.0,0.0,48.4363,0.0,-0.00244762,0.00362104,0.054013,0.054013,0.0227673,0.158849,0.0953138,0.0,0.0,48.4277,48.3082,0,0,1,0
561855534,0,1.34096624412,26.1000033818,0.0,0.0,48.435,0.0,-0.0013049,0.00230388,0.0817715,0.0817715,0.0227392,0.014114,0.0828028,0.0,0.0,48.4276,48.2246,0,0,1,0
562065938,0,1.34096630522,26.1000034263,0.0,0.0,48.4458,0.0,0.00128341,-0.000231979,0.0737858,0.0737858,0.0226555,0.0718676,0.0968533,0.0,0.0,48.4276,48.8097,0,0,1,0
562266270,0,1.34096639091,26.1000033872,0.0,0.0,48.4608,0.0,-0.000639945,0.00318127,0.0833932,0.0833932,0.0225081,0.0722872,0.0954825,0.0,0.0,48.4276,48.8939,0,0,1,0
562466626,0,1.34096643956,26.1000033714,0.0,0.0,48.458,0.0,0.000447993,3.95567e-05,0.0731622,0.0731622,0.0224015,0.0722753,0.0954309,0.0,0.0,48.4276,48.3924,0,0,1,0
562666958,0,1.3409664875,26.1000033814,0.0,0.0,48.4341,0.0,-0.00157309,0.00195599,0.0572537,0.0572537,0.0223033,0.173872,0.0976389,0.0,0.0,48.4275,47.7225,0,0,1,0
562877323,0,1.340966553,26.100003367,0.0,0.0,48.4443,0.0,-0.00300216,0.00236826,0.0658827,0.0658827,0.022222,0.101051,0.107846,0.0,0.0,48.4275,48.2246,0,0,1,0
563077594,0,1.34096662272,26.1000033859,0.0,0.0,48.4294,0.0,-0.00144816,0.000211887,0.0716797,0.0716797,0.0222772,0.101025,0.109923,0.0,0.0,48.4274,48.3924,0,0,1,0
563277819,0,1.3409666832,26.1000033752,0.0,0.0,48.4443,0.0,0.000280738,0.000636749,0.0536018,0.0536018,0.022201,0.187714,0.107855,0.0,0.0,48.4274,48.2246,0,0,1,0
563478297,0,1.34096674807,26.1000033951,0.0,0.0,48.4542,0.0,0.00102917,-0.00016855,0.064712,0.064712,0.0221317,0.100987,0.107955,0.0,0.0,48.4273,48.8939,0,0,1,0
563678598,0,1.34096681483,26.1000033755,0.0,0.0,48.4527,0.0,0.00138038,0.00175658,0.0683245,0.0683245,0.0221232,0.101116,0.107894,0.0,0.0,48.4273,49.0604,0,0,1,0
563879426,0,1.34096687981,26.1000033951,0.0,0.0,48.443,0.0,0.00375161,-0.000532156,0.0593883,0.0593883,0.0220528,0.102277,0.108442,0.0,0.0,48.4273,48.3082,0,0,1,0
564089343,0,1.34096692254,26.1000033664,0.0,0.0,48.4449,0.0,0.00325731,0.0041004,0.0464802,0.0464802,0.0220566,0.200651,0.120848,0.0,0.0,48.4273,49.8976,0,0,1,0
564289702,0,1.34096700735,26.1000033777,0.0,0.0,48.4855,0.0,0.0149554,0.0057063,0.026135,0.026135,0.0234576,0.123011,0.120894,0.0,0.0,48.4275,48.9769,0,0,1,0
564489817,0,1.34096704125,26.1000034163,0.0,0.0,48.4904,0.0,0.000205935,0.0756853,0.0169851,0.0169851,0.0257078,0.212895,0.259151,0.0,0.0,48.4278,48.5589,0,0,1,0
564690456,0,1.34096713671,26.1000035684,0.0,0.0,48.5192,0.0,0.0186144,0.15217,-0.226792,-0.226792,0.0405191,0.142299,0.109992,0.0,0.0,48.4285,48.3924,0,0,1,0
564890607,0,1.34096724145,26.1000038481,0.0,0.0,48.5149,0.0,0.0745861,0.217373,-0.406182,-0.406182,0.06042,0.142236,0.109828,0.0,0.0,48.429,50.3986,0,0,1,0
565100981,0,1.34096743663,26.1000041225,0.0,0.0,48.6227,0.0,0.170225,0.264697,-0.39147,-0.39147,0.0760249,0.0140727,0.120854,0.0,0.0,48.4296,49.7298,0,0,1,0
565301324,0,1.34096762621,26.1000045325,0.0,0.0,48.7201,0.0,0.238678,0.289124,-0.373377,-0.373377,0.0900732,0.0140865,0.120848,0.0,0.0,48.4302,49.2276,0,0,1,0
565501810,0,1.34096790323,26.1000050976,0.0,0.0,48.8174,0.0,0.262916,0.309005,-0.364765,-0.364765,0.105674,0.159012,0.120864,0.0,0.0,48.4309,50.9008,0,0,1,0
565702371,0,1.34096813381,26.1000054672,0.0,0.0,48.8962,0.0,0.237804,0.257414,-0.384453,-0.384453,0.117285,0.0140867,0.121014,0.0,0.0,48.4311,51.8211,0,0,1,0
565902581,0,1.34096835312,26.1000058662,0.0,0.0,48.9613,0.0,0.175865,0.0958064,-0.337601,-0.337601,0.124671,0.0140865,0.120855,0.0,0.0,48.4317,51.5697,0,0,1,0
566102878,0,1.34096853097,26.1000062334,0.0,0.0,49.0503,0.0,0.119074,-0.0716562,-0.33988,-0.33988,0.133806,0.0140865,0.109811,0.0,0.0,48.4324,49.5626,0,0,1,0
566303360,0,1.34096869937,26.1000060295,0.0,0.0,49.1314,0.0,0.106097,-0.191996,-0.375513,-0.375513,0.13935,0.159226,0.109923,0.0,0.0,48.433,49.9812,0,0,1,0
566513753,0,1.34096883441,26.1000057448,0.0,0.0,49.2147,0.0,0.112019,-0.263939,-0.39011,-0.39011,0.14196,0.072141,0.120887,0.0,0.0,48.4336,49.8134,0,0,1,0
566714146,0,1.34096897414,26.1000053917,0.0,0.0,49.2958,0.0,0.116913,-0.302117,-0.390737,-0.390737,0.140071,0.0722797,0.120952,0.0,0.0,48.4341,51.5697,0,0,1,0
566914415,0,1.34096909027,26.1000049476,0.0,0.0,49.3517,0.0,0.111794,-0.320433,-0.379917,-0.379917,0.134133,0.174471,0.201428,0.0,0.0,48.4345,50.5664,0,0,1,0
567114621,0,1.34096921106,26.100004379,0.0,0.0,49.4358,0.0,0.100657,-0.308173,-0.316445,-0.316445,0.12518,0.0718935,0.120899,0.0,0.0,48.4348,51.8211,0,0,1,0
567315377,0,1.34096933594,26.1000040325,0.0,0.0,49.5159,0.0,0.0898862,-0.243379,-0.248789,-0.248789,0.112994,0.174505,0.121032,0.0,0.0,48.4353,49.144,0,0,1,0
567525714,0,1.34096945648,26.1000037238,0.0,0.0,49.5804,0.0,0.0749649,-0.197287,-0.217204,-0.217204,0.0962702,0.10107,0.131016,0.0,0.0,48.4356,50.1478,0,0,1,0
567725902,0,1.34096957737,26.1000033498,0.0,0.0,49.6472,0.0,0.0642149,-0.154955,-0.220744,-0.220744,0.0807751,0.101154,0.207687,0.0,0.0,48.4362,49.0604,0,0,1,0
567926186,0,1.34096971598,26.1000031731,0.0,0.0,49.706,0.0,0.0554429,-0.106738,-0.217901,-0.217901,0.063545,0.101075,0.130954,0.0,0.0,48.4364,52.1556,0,0,1,0
568126579,0,1.34096983852,26.1000029518,0.0,0.0,49.7497,0.0,0.0521807,-0.055378,-0.209535,-0.209535,0.0501183,0.101204,0.131025,0.0,0.0,48.4369,52.2392,0,0,1,0
568326868,0,1.34096994006,26.1000028376,0.0,0.0,49.8054,0.0,0.0457304,-0.019689,-0.172727,-0.172727,0.0380799,0.101069,0.130986,0.0,0.0,48.4374,48.9769,0,0,1,0
568527068,0,1.34097002307,26.1000027355,0.0,0.0,49.8227,0.0,0.038614,0.0153748,-0.135256,-0.135256,0.028595,0.101053,0.131046,0.0,0.0,48.4378,52.8252,0,0,1,0
568737595,0,1.34097009952,26.1000026228,0.0,0.0,49.8508,0.0,0.0389744,0.0523002,-0.134677,-0.134677,0.0210965,0.123907,0.140561,0.0,0.0,48.4386,48.8939,0,0,1,0
568937675,0,1.34097020543,26.1000025568,0.0,0.0,49.8646,0.0,0.0433193,0.0738534,-0.132599,-0.132599,0.0161483,0.123337,0.140467,0.0,0.0,48.4388,53.3269,0,0,1,0
569137932,0,1.34097029509,26.1000024802,0.0,0.0,49.9064,0.0,0.0441419,0.0895567,-0.13552,-0.13552,0.0131094,0.12355,0.140468,0.0,0.0,48.439,50.2314,0,0,1,0
569338479,0,1.34097036848,26.1000024181,0.0,0.0,49.9058,0.0,0.0342141,0.130917,-0.0836625,-0.0836625,0.0131002,0.123607,0.140494,0.0,0.0,48.4396,50.9008,0,0,1,0
569538942,0,1.34097043917,26.1000024236,0.0,0.0,49.9114,0.0,0.0116673,0.1504,-0.0523297,-0.0523297,0.0177217,0.142552,0.140258,0.0,0.0,48.4399,49.2276,0,0,1,0
569739308,0,1.34097048878,26.1000024261,0.0,0.0,49.9109,0.0,-0.0173951,0.139467,-0.0613422,-0.0613422,0.029152,0.201861,0.131058,0.0,0.0,48.4401,49.3118,0,0,1,0
569939681,0,1.34097051319,26.1000023698,0.0,0.0,49.9216,0.0,-0.0503042,0.104359,-0.0715744,-0.0715744,0.0472715,0.123284,0.130911,0.0,0.0,48.4403,53.0767,0,0,1,0
570149803,0,1.34097051929,26.1000022741,0.0,0.0,49.9643,0.0,-0.0819263,0.0742648,-0.0709523,-0.0709523,0.0686711,0.0141114,0.130978,0.0,0.0,48.4412,49.144,0,0,1,0
570350425,0,1.3409705343,26.1000020729,0.0,0.0,49.9665,0.0,-0.112056,0.0772334,-0.082895,-0.082895,0.0881197,0.159671,0.131107,0.0,0.0,48.4417,50.2314,0,0,1,0
570550528,0,1.34097047635,26.1000020458,0.0,0.0,49.966,0.0,-0.141673,0.0970345,-0.0644495,-0.0644495,0.0983,0.0141114,0.130964,0.0,0.0,48.442,50.9851,0,0,1,0
570750824,0,1.34097047096,26.1000019315,0.0,0.0,49.9654,0.0,-0.162689,0.126916,-0.0481429,-0.0481429,0.0953673,0.0140868,0.131087,0.0,0.0,48.4424,48.6425,0,0,1,0
570951203,0,1.34097044011,26.1000019321,0.0,0.0,49.9735,0.0,-0.175854,0.154838,-0.0496187,-0.0496187,0.0825605,0.0140733,0.131165,0.0,0.0,48.4428,50.4835,0,0,1,0
571161472,0,1.34097042012,26.1000020557,0.0,0.0,49.9772,0.0,-0.167169,0.195517,-0.0628313,-0.0628313,0.0657094,0.0723339,0.140447,0.0,0.0,48.4432,52.9924,0,0,1,0
571361791,0,1.34097035149,26.1000022267,0.0,0.0,49.9756,0.0,-0.161561,0.174574,-0.0599282,-0.0599282,0.0515205,0.0722863,0.140439,0.0,0.0,48.4437,48.2246,0,0,1,0
571562250,0,1.34097027078,26.1000023268,0.0,0.0,49.972,0.0,-0.142784,0.11171,-0.0732348,-0.0732348,0.0379709,0.0722114,0.14051,0.0,0.0,48.4441,52.4901,0,0,1,0
571762639,0,1.34097019751,26.1000022983,0.0,0.0,49.9848,0.0,-0.134349,0.0529592,-0.0604577,-0.0604577,0.0249931,0.0723878,0.140514,0.0,0.0,48.4445,49.3961,0,0,1,0
571962896,0,1.34097017346,26.100002258,0.0,0.0,49.9856,0.0,-0.107437,0.0605184,-0.0506213,-0.0506213,0.0155975,0.0720069,0.140433,0.0,0.0,48.4446,50.4835,0,0,1,0
572173251,0,1.34097021658,26.1000022557,0.0,0.0,49.9858,0.0,-0.0367784,0.0798479,-0.0838541,-0.0838541,0.0102133,0.101209,0.149397,0.0,0.0,48.4451,51.5697,0,0,1,0
572373444,0,1.34097028472,26.1000021767,0.0,0.0,49.998,0.0,0.0281448,0.0936276,-0.0973004,-0.0973004,0.00894555,0.101239,0.149369,0.0,0.0,48.4457,50.3986,0,0,1,0
572573825,0,1.34097040671,26.1000021343,0.0,0.0,49.9986,0.0,0.0632711,0.0987421,-0.0862714,-0.0862714,0.0180664,0.101178,0.149328,0.0,0.0,48.4459,50.1478,0,0,1,0
572774166,0,1.34097050884,26.1000019658,0.0,0.0,50.0003,0.0,0.0671759,0.0901903,-0.0855577,-0.0855577,0.0408542,0.101183,0.14942,0.0,0.0,48.4462,50.2314,0,0,1,0
572974569,0,1.3409705925,26.1000018194,0.0,0.0,50.0015,0.0,0.054167,0.0966338,-0.0762363,-0.0762363,0.0689107,0.101251,0.149352,0.0,0.0,48.4467,49.479,0,0,1,0
573184967,0,1.34097066825,26.1000016351,0.0,0.0,50.001,0.0,0.0235473,0.106171,-0.063459,-0.063459,0.0957732,0.1236,0.157827,0.0,0.0,48.4468,53.0767,0,0,1,0
573385294,0,1.34097073166,26.1000016043,0.0,0.0,50.002,0.0,0.0150634,0.142278,-0.0554451,-0.0554451,0.119245,0.123244,0.15769,0.0,0.0,48.4473,51.3189,0,0,1,0
573585697,0,1.34097081512,26.1000015761,0.0,0.0,50.004,0.0,0.0620633,0.186654,-0.0952163,-0.0952163,0.139571,0.123442,0.157715,0.0,0.0,48.4478,51.2352,0,0,1,0
573786029,0,1.34097097523,26.1000017572,0.0,0.0,50.0114,0.0,0.128968,0.228144,-0.122111,-0.122111,0.15697,0.12359,0.149427,0.0,0.0,48.4484,49.7298,0,0,1,0
573996549,0,1.34097120162,26.1000020439,0.0,0.0,50.0163,0.0,0.145091,0.239455,-0.0794883,-0.0794883,0.165965,0.14264,0.157687,0.0,0.0,48.4487,50.5664,0,0,1,0
574196811,0,1.34097139769,26.1000022346,0.0,0.0,50.0144,0.0,0.119506,0.231349,-0.0760858,-0.0760858,0.163402,0.142812,0.157843,0.0,0.0,48.4493,50.4835,0,0,1,0
574397277,0,1.34097159099,26.1000024617,0.0,0.0,50.025,0.0,0.0938659,0.206765,-0.0952516,-0.0952516,0.156688,0.142617,0.157744,0.0,0.0,48.4495,50.315,0,0,1,0
574597659,0,1.34097176584,26.1000027055,0.0,0.0,50.0246,0.0,0.0619246,0.154185,-0.0847862,-0.0847862,0.147488,0.142934,0.157895,0.0,0.0,48.4501,51.2352,0,0,1,0
574797718,0,1.34097188413,26.1000028508,0.0,0.0,50.0382,0.0,0.0207967,0.116756,-0.0888284,-0.0888284,0.136976,0.15943,0.157635,0.0,0.0,48.4509,52.9088,0,0,1,0
575008002,0,1.34097193067,26.1000029374,0.0,0.0,50.0379,0.0,-0.0272729,0.103956,-0.0688673,-0.0688673,0.124846,0.014087,0.157796,0.0,0.0,48.4516,51.4025,0,0,1,0
575208255,0,1.34097193515,26.1000030316,0.0,0.0,50.0467,0.0,-0.0684806,0.0908099,-0.0557887,-0.0557887,0.110058,0.0140869,0.157703,0.0,0.0,48.4522,50.5664,0,0,1,0
575408556,0,1.34097190735,26.10000311,0.0,0.0,50.0478,0.0,-0.112569,0.0863279,-0.0566286,-0.0566286,0.0905904,0.159525,0.157712,0.0,0.0,48.4529,50.3986,0,0,1,0
575608705,0,1.34097185097,26.1000031844,0.0,0.0,50.0548,0.0,-0.147372,0.0828496,-0.0576984,-0.0576984,0.0698677,0.15949,0.149287,0.0,0.0,48.4532,50.4835,0,0,1,0
575809111,0,1.34097185334,26.1000032155,0.0,0.0,50.0591,0.0,-0.156462,0.0586617,-0.0845356,-0.0845356,0.0492686,0.0140869,0.149334,0.0,0.0,48.4536,52.6573,0,0,1,0
576009627,0,1.34097185636,26.1000032956,0.0,0.0,50.0589,0.0,-0.149135,0.0390604,-0.0788831,-0.0788831,0.0295615,0.159696,0.140596,0.0,0.0,48.4543,49.479,0,0,1,0
576219874,0,1.34097188854,26.1000031695,0.0,0.0,50.07,0.0,-0.116995,0.0489247,-0.0809196,-0.0809196,0.0135579,0.0724536,0.149361,0.0,0.0,48.4549,52.8252,0,0,1,0
576420138,0,1.34097187012,26.1000032192,0.0,0.0,50.0654,0.0,-0.0941724,0.0493461,-0.00437704,-0.00437704,0.00291505,0.0722048,0.149424,0.0,0.0,48.4552,49.8134,0,0,1,0
576620314,0,1.34097188799,26.1000031593,0.0,0.0,50.0633,0.0,-0.0764983,0.0286112,0.0422122,0.0422122,-0.00226025,0.0721285,0.149308,0.0,0.0,48.4557,51.6539,0,0,1,0
576820518,0,1.34097193776,26.1000030753,0.0,0.0,50.0626,0.0,-0.0470867,0.0232656,0.0548688,0.0548688,-0.00506158,0.101124,0.149282,0.0,0.0,48.4561,49.6462,0,0,1,0
577020796,0,1.34097061007,26.1000030433,0.0,0.0,50.0635,0.0,-0.0414376,0.0499721,0.0678246,0.0678246,-0.00871329,0.188919,0.149271,0.0,0.0,48.4566,50.1478,0,0,1,0
577231215,0,1.34097060504,26.1000030188,0.0,0.0,50.0511,0.0,0.00600845,0.056656,0.071466,0.071466,-0.0153933,0.202263,0.157766,0.0,0.0,48.4572,53.5784,0,0,1,0
577431353,0,1.34097067202,26.1000030134,0.0,0.0,50.0108,0.0,0.0723953,0.0436907,0.0477703,0.0477703,-0.0204163,0.123238,0.157668,0.0,0.0,48.4578,49.8134,0,0,1,0
577631747,0,1.34097070798,26.1000029532,0.0,0.0,49.9788,0.0,0.117286,0.0330022,0.0626816,0.0626816,-0.0185586,0.123388,0.14938,0.0,0.0,48.4584,50.5664,0,0,1,0
577832227,0,1.34097072393,26.1000029014,0.0,0.0,49.9673,0.0,0.139415,0.0596185,0.0521834,0.0521834,-0.00521441,0.123702,0.14936,0.0,0.0,48.4589,51.4025,0,0,1,0
578032538,0,1.3409707368,26.1000028861,0.0,0.0,49.9396,0.0,0.14383,0.0808847,0.0565069,0.0565069,0.0230805,0.123488,0.149219,0.0,0.0,48.4593,48.8939,0,0,1,0
578242943,0,1.34097071413,26.1000028897,0.0,0.0,49.929,0.0,0.127522,0.0961315,0.0494109,0.0494109,0.0555567,0.142649,0.157659,0.0,0.0,48.4597,51.8211,0,0,1,0
578443334,0,1.34097074339,26.1000029428,0.0,0.0,49.9023,0.0,0.105914,0.105293,0.0151784,0.0151784,0.0804005,0.214658,0.157866,0.0,0.0,48.4603,49.9812,0,0,1,0
578643701,0,1.34097072067,26.1000029598,0.0,0.0,49.8992,0.0,0.0833274,0.0990593,-0.116412,-0.116412,0.0945093,0.214649,0.157787,0.0,0.0,48.4607,51.7375,0,0,1,0
578843978,0,1.34097067817,26.1000030234,0.0,0.0,49.9036,0.0,0.0589655,0.100337,-0.168407,-0.168407,0.103497,0.142701,0.149375,0.0,0.0,48.4614,50.1478,0,0,1,0
579054175,0,1.34097067903,26.1000031563,0.0,0.0,49.9151,0.0,0.0354436,0.098473,-0.173976,-0.173976,0.118294,0.0141145,0.157621,0.0,0.0,48.4619,52.1556,0,0,1,0
579254536,0,1.3409706732,26.1000032529,0.0,0.0,49.948,0.0,0.0300719,0.0671693,-0.0976356,-0.0976356,0.140997,0.0141146,0.157664,0.0,0.0,48.4627,48.8939,0,0,1,0
579455107,0,1.3409706647,26.1000032799,0.0,0.0,49.9541,0.0,0.0371458,0.0256837,-0.0473876,-0.0473876,0.163711,0.159795,0.157785,0.0,0.0,48.4631,52.6573,0,0,1,0
579655517,0,1.34097069193,26.1000031728,0.0,0.0,49.9545,0.0,0.0527207,-0.0174852,-0.017458,-0.017458,0.181914,0.0141144,0.157813,0.0,0.0,48.4639,49.2276,0,0,1,0
579865719,0,1.34097071259,26.10000315,0.0,0.0,49.9657,0.0,0.0829312,-0.0479745,-0.0279203,-0.0279203,0.193042,0.0720941,0.044333,0.0,0.0,48.4643,51.989,0,0,1,0
580065809,0,1.34097070165,26.1000030455,0.0,0.0,49.9689,0.0,0.101933,-0.0554115,-0.035961,-0.035961,0.199696,0.0719289,0.165658,0.0,0.0,48.4648,49.5626,0,0,1,0
580266301,0,1.34097072984,26.1000028923,0.0,0.0,49.9664,0.0,0.105583,-0.0629118,-0.0164831,-0.0164831,0.198326,0.0722707,0.0443285,0.0,0.0,48.465,48.8939,0,0,1,0
580476848,0,1.34097072651,26.1000028316,0.0,0.0,49.9759,0.0,0.114071,-0.0560524,-0.0112287,-0.0112287,0.179572,0.101826,0.0672861,0.0,0.0,48.4654,49.3118,0,0,1,0
580676966,0,1.34097069701,26.1000027646,0.0,0.0,49.9762,0.0,0.117496,-0.029495,-0.0139295,-0.0139295,0.145674,0.10109,0.0668454,0.0,0.0,48.4655,52.5743,0,0,1,0
580877335,0,1.34097071728,26.1000027994,0.0,0.0,49.977,0.0,0.108832,0.00382455,-0.0184787,-0.0184787,0.0967903,0.101161,0.0668635,0.0,0.0,48.4658,52.0726,0,0,1,0
581087667,0,1.34097069118,26.1000029301,0.0,0.0,49.9744,0.0,0.10009,0.0340552,-0.019107,-0.019107,0.0415973,0.123616,0.0835536,0.0,0.0,48.4665,52.0726,0,0,1,0
581287788,0,1.34097069097,26.1000030634,0.0,0.0,49.969,0.0,0.10154,0.0616927,0.00285677,0.00285677,-0.00437531,0.123579,0.0668515,0.0,0.0,48.4669,51.8211,0,0,1,0
581488196,0,1.34097070863,26.1000032343,0.0,0.0,49.9668,0.0,0.112453,0.055353,0.00230964,0.00230964,-0.0412265,0.123835,0.0669257,0.0,0.0,48.4675,51.4025,0,0,1,0
581688683,0,1.34097070316,26.1000033738,0.0,0.0,49.9655,0.0,0.13159,0.0493881,-0.00842916,-0.00842916,-0.074187,0.123954,0.0671444,0.0,0.0,48.468,51.989,0,0,1,0
581898606,0,1.3409706579,26.100003446,0.0,0.0,49.9612,0.0,0.129892,0.017448,-0.0102268,-0.0102268,-0.102424,0.142612,0.180633,0.0,0.0,48.4685,51.4867,0,0,1,0
582099086,0,1.34097072515,26.1000036327,0.0,0.0,49.9571,0.0,0.126067,0.0194423,-0.0165435,-0.0165435,-0.122914,0.142864,0.0835582,0.0,0.0,48.4693,51.4025,0,0,1,0
582299380,0,1.34097078729,26.1000036174,0.0,0.0,49.952,0.0,0.138414,0.0246633,-0.0376581,-0.0376581,-0.13375,0.214589,0.083528,0.0,0.0,48.4699,50.315,0,0,1,0
582509663,0,1.34097076043,26.1000037377,0.0,0.0,49.9423,0.0,0.151652,0.0183199,-0.0312605,-0.0312605,-0.14968,0.174725,0.0974838,0.0,0.0,48.4707,50.1478,0,0,1,0
582709838,0,1.34097077296,26.1000038194,0.0,0.0,49.9412,0.0,0.1585,-0.00472313,-0.0234429,-0.0234429,-0.173904,0.174784,0.0974378,0.0,0.0,48.4709,50.0642,0,0,1,0
582910271,0,1.34097078078,26.1000038768,0.0,0.0,49.933,0.0,0.165572,-0.0145863,-0.0193186,-0.0193186,-0.201718,0.0140961,0.0975573,0.0,0.0,48.4717,50.5664,0,0,1,0
583110562,0,1.34097077666,26.1000039417,0.0,0.0,49.9318,0.0,0.168621,-0.0280883,-0.0168129,-0.0168129,-0.219907,0.174765,0.0974867,0.0,0.0,48.4721,50.315,0,0,1,0
583321142,0,1.3409707035,26.1000039236,0.0,0.0,49.9235,0.0,0.162543,-0.0316845,-0.0209751,-0.0209751,-0.229977,0.0730415,0.110042,0.0,0.0,48.4726,49.8134,0,0,1,0
583521343,0,1.34097065433,26.100003931,0.0,0.0,49.9232,0.0,0.140632,-0.0354983,-0.017731,-0.017731,-0.226751,0.0721529,0.109734,0.0,0.0,48.4732,50.4835,0,0,1,0
583721793,0,1.34097063312,26.1000038322,0.0,0.0,49.9168,0.0,0.116514,-0.0450564,-0.0100163,-0.0100163,-0.21374,0.0729044,0.109892,0.0,0.0,48.4736,52.2392,0,0,1,0
583922158,0,1.34097066395,26.1000036889,0.0,0.0,49.9139,0.0,0.11422,-0.0494163,-0.0162122,-0.0162122,-0.200127,0.188998,0.109859,0.0,0.0,48.474,50.315,0,0,1,0
584122590,0,1.34097065952,26.1000036174,0.0,0.0,49.9147,0.0,0.121935,-0.0383371,-0.0149932,-0.0149932,-0.187563,0.101095,0.109813,0.0,0.0,48.4743,49.8134,0,0,1,0
584332560,0,1.34097065324,26.1000034767,0.0,0.0,49.9058,0.0,0.138957,-0.0300451,-0.00116083,-0.00116083,-0.179066,0.101104,0.109737,0.0,0.0,48.4749,51.6539,0,0,1,0
584532989,0,1.34097075399,26.1000034338,0.0,0.0,49.9001,0.0,0.176042,0.00548421,-0.0137,-0.0137,-0.177625,0.123597,0.10971,0.0,0.0,48.4755,51.8211,0,0,1,0
584733394,0,1.34097076494,26.1000033905,0.0,0.0,49.898,0.0,0.212483,0.0417852,-0.0430201,-0.0430201,-0.179834,0.123814,0.109798,0.0,0.0,48.4762,50.9851,0,0,1,0
584933855,0,1.34097081145,26.1000034239,0.0,0.0,49.8897,0.0,0.223024,0.0629317,-0.0467948,-0.0467948,-0.180056,0.123721,0.109795,0.0,0.0,48.4767,52.6573,0,0,1,0
585134460,0,1.34097082322,26.1000035034,0.0,0.0,49.8889,0.0,0.206787,0.0757493,-0.0409765,-0.0409765,-0.174729,0.202237,0.10971,0.0,0.0,48.477,51.4867,0,0,1,0
585344528,0,1.34097076158,26.1000036043,0.0,0.0,49.8904,0.0,0.18391,0.0785261,-0.0436381,-0.0436381,-0.162521,0.142601,0.12073,0.0,0.0,48.4779,52.8252,0,0,1,0
585544971,0,1.34097076911,26.1000037065,0.0,0.0,49.884,0.0,0.177345,0.104373,-0.043601,-0.043601,-0.147293,0.14273,0.120845,0.0,0.0,48.4787,50.5664,0,0,1,0
585745267,0,1.34097078544,26.1000038094,0.0,0.0,49.8795,0.0,0.158875,0.0771934,-0.0342392,-0.0342392,-0.129764,0.214494,0.120773,0.0,0.0,48.4794,50.0642,0,0,1,0
585945797,0,1.34097072843,26.1000038939,0.0,0.0,49.8731,0.0,0.146052,0.0220201,-0.0427426,-0.0427426,-0.120302,0.142653,0.120644,0.0,0.0,48.4799,49.479,0,0,1,0
586156297,0,1.34097072721,26.1000039693,0.0,0.0,49.8715,0.0,0.139538,0.0114982,-0.0247734,-0.0247734,-0.119795,0.014087,0.131012,0.0,0.0,48.4803,49.7298,0,0,1,0
586356673,0,1.34097077327,26.1000040073,0.0,0.0,49.8645,0.0,0.143281,0.00177478,-0.0374402,-0.0374402,-0.124232,0.0141146,0.130975,0.0,0.0,48.481,50.9008,0,0,1,0
586556967,0,1.34097071978,26.1000040661,0.0,0.0,49.8628,0.0,0.150484,-0.038649,-0.0566379,-0.0566379,-0.129402,0.0140869,0.130811,0.0,0.0,48.4815,51.1516,0,0,1,0
586757490,0,1.34097078315,26.1000040481,0.0,0.0,49.8579,0.0,0.16366,-0.0603197,-0.127598,-0.127598,-0.132797,0.0141146,0.130993,0.0,0.0,48.4818,50.4835,0,0,1,0
586957811,0,1.34097078344,26.100004043,0.0,0.0,49.8598,0.0,0.162039,-0.0506885,-0.150865,-0.150865,-0.130832,0.0141146,0.130892,0.0,0.0,48.4823,51.7375,0,0,1,0
587158270,0,1.34097068583,26.1000040057,0.0,0.0,49.8595,0.0,0.137793,-0.0510641,-0.152411,-0.152411,-0.11859,0.0140869,0.130855,0.0,0.0,48.4828,50.1478,0,0,1,0
587358857,0,1.34097069808,26.1000040251,0.0,0.0,49.8978,0.0,0.118321,-0.0807675,-0.129793,-0.129793,-0.102247,0.0141147,0.120851,0.0,0.0,48.4832,52.9924,0,0,1,0
587559213,0,1.34097074342,26.1000038532,0.0,0.0,49.8975,0.0,0.107704,-0.10434,-0.102811,-0.102811,-0.0875428,0.0141146,0.12093,0.0,0.0,48.4837,50.1478,0,0,1,0
587769369,0,1.34097071223,26.1000036553,0.0,0.0,49.8977,0.0,0.0930281,-0.11503,-0.0852047,-0.0852047,-0.0774514,0.0721253,0.130883,0.0,0.0,48.4841,52.2392,0,0,1,0
587969706,0,1.34097068521,26.1000035729,0.0,0.0,49.9083,0.0,0.0914502,-0.122255,-0.0890868,-0.0890868,-0.0730337,0.0721268,0.130844,0.0,0.0,48.4846,51.4867,0,0,1,0
588169843,0,1.34097071272,26.1000033964,0.0,0.0,49.9104,0.0,0.0961356,-0.131067,-0.100661,-0.100661,-0.0778487,0.0720182,0.130919,0.0,0.0,48.4851,51.068,0,0,1,0
588370503,0,1.34097068331,26.1000032844,0.0,0.0,49.9212,0.0,0.090672,-0.0974224,-0.0923677,-0.0923677,-0.0938704,0.101618,0.13123,0.0,0.0,48.4857,50.315,0,0,1,0
588570669,0,1.34097068596,26.1000031819,0.0,0.0,49.9305,0.0,0.0794756,-0.0800259,-0.0931934,-0.0931934,-0.115741,0.174908,0.130976,0.0,0.0,48.4865,49.9812,0,0,1,0
588770969,0,1.3409706707,26.1000031484,0.0,0.0,49.9317,0.0,0.0743787,-0.0529073,-0.0954944,-0.0954944,-0.142028,0.0719863,0.130795,0.0,0.0,48.4868,53.0767,0,0,1,0
588981331,0,1.34097066541,26.1000031761,0.0,0.0,49.9424,0.0,0.0817051,-0.0224377,-0.0899834,-0.0899834,-0.170901,0.123421,0.140218,0.0,0.0,48.487,49.7298,0,0,1,0
589181598,0,1.340970653,26.1000032461,0.0,0.0,49.943,0.0,0.101856,-0.00171785,-0.113003,-0.113003,-0.197475,0.1238,0.130921,0.0,0.0,48.4873,49.5626,0,0,1,0
589381792,0,1.3409706603,26.1000033374,0.0,0.0,49.9523,0.0,0.119134,0.0261748,-0.0974319,-0.0974319,-0.219698,0.123586,0.130888,0.0,0.0,48.4877,52.0726,0,0,1,0
589582157,0,1.34097068497,26.1000034565,0.0,0.0,49.9616,0.0,0.133269,0.0473377,-0.0831264,-0.0831264,-0.240687,0.12376,0.131088,0.0,0.0,48.4879,50.9851,0,0,1,0
589782441,0,1.34097066984,26.1000036208,0.0,0.0,49.9614,0.0,0.153956,0.0483299,-0.119392,-0.119392,-0.256382,0.124036,0.120959,0.0,0.0,48.488,53.0767,0,0,1,0
589982858,0,1.34097072466,26.1000037482,0.0,0.0,49.9711,0.0,0.162196,0.0507368,-0.125702,-0.125702,-0.269127,0.189019,0.120757,0.0,0.0,48.4885,51.989,0,0,1,0
590183046,0,1.34097067067,26.1000039014,0.0,0.0,49.9731,0.0,0.147965,0.0495896,-0.113526,-0.113526,-0.274314,0.123645,0.12078,0.0,0.0,48.4888,49.6462,0,0,1,0
590393385,0,1.34097066819,26.1000040165,0.0,0.0,49.9836,0.0,0.141023,0.0379433,-0.111864,-0.111864,-0.267851,0.142712,0.130933,0.0,0.0,48.4892,49.3118,0,0,1,0
590593750,0,1.34097075269,26.1000040949,0.0,0.0,49.9923,0.0,0.147808,0.02051,-0.126628,-0.126628,-0.248213,0.142601,0.130874,0.0,0.0,48.4901,51.4867,0,0,1,0
590794313,0,1.34097072283,26.1000040992,0.0,0.0,50.0029,0.0,0.146257,-0.00491164,-0.123816,-0.123816,-0.212321,0.214674,0.130996,0.0,0.0,48.4906,50.2314,0,0,1,0
590994568,0,1.34097067028,26.1000040721,0.0,0.0,50.0137,0.0,0.138192,-0.034205,-0.11986,-0.11986,-0.178542,0.14261,0.13088,0.0,0.0,48.4912,51.5697,0,0,1,0
591194960,0,1.34097073096,26.1000039389,0.0,0.0,50.0564,0.0,0.146513,-0.0548336,-0.142181,-0.142181,-0.144685,0.142741,0.131008,0.0,0.0,48.4917,51.4867,0,0,1,0
591395266,0,1.34097073427,26.1000038208,0.0,0.0,50.0581,0.0,0.15023,-0.0603198,-0.128649,-0.128649,-0.117186,0.142579,0.130904,0.0,0.0,48.4922,53.4105,0,0,1,0
591605674,0,1.34097076679,26.1000037166,0.0,0.0,50.0582,0.0,0.138839,-0.0471149,-0.0911446,-0.0911446,-0.0945785,0.0141146,0.140487,0.0,0.0,48.4927,50.7336,0,0,1,0
591805766,0,1.34097075227,26.1000036503,0.0,0.0,50.0655,0.0,0.122307,-0.0371958,-0.0409036,-0.0409036,-0.0808342,0.159456,0.140301,0.0,0.0,48.493,52.3228,0,0,1,0
592006145,0,1.34097074816,26.1000036037,0.0,0.0,50.0635,0.0,0.120953,-0.0278194,-0.0193339,-0.0193339,-0.0771554,0.0140869,0.140366,0.0,0.0,48.4935,52.9088,0,0,1,0
592206502,0,1.34097075621,26.1000036518,0.0,0.0,50.0637,0.0,0.130862,-0.0213091,-0.0243901,-0.0243901,-0.0817982,0.159442,0.140274,0.0,0.0,48.4938,50.2314,0,0,1,0
592416847,0,1.34097077609,26.1000036952,0.0,0.0,50.0652,0.0,0.141345,-0.00763899,-0.0295967,-0.0295967,-0.0893962,0.174957,0.149324,0.0,0.0,48.4943,49.479,0,0,1,0
592617320,0,1.34097075571,26.1000037601,0.0,0.0,50.0564,0.0,0.136295,-0.0247649,-0.0281638,-0.0281638,-0.0996,0.0720783,0.149258,0.0,0.0,48.4948,51.989,0,0,1,0
592817672,0,1.34097075853,26.1000038602,0.0,0.0,50.0558,0.0,0.124737,-0.0374499,-0.0220281,-0.0220281,-0.114034,0.174993,0.149369,0.0,0.0,48.4953,50.4835,0,0,1,0
593017934,0,1.34097074943,26.1000038678,0.0,0.0,50.0538,0.0,0.11163,-0.0588684,-0.00284014,-0.00284014,-0.128596,0.174837,0.149272,0.0,0.0,48.4958,52.9088,0,0,1,0
593218419,0,1.34097073904,26.1000039025,0.0,0.0,50.0454,0.0,0.103012,-0.0713371,0.00163294,0.00163294,-0.141503,0.0723207,0.149246,0.0,0.0,48.4963,51.7375,0,0,1,0
593428858,0,1.34097071306,26.1000038571,0.0,0.0,50.0443,0.0,0.0943222,-0.0698244,0.0195756,0.0195756,-0.144651,0.101088,0.149292,0.0,0.0,48.4967,51.068,0,0,1,0
593629283,0,1.34097072116,26.1000038379,0.0,0.0,50.0354,0.0,0.090275,-0.0573011,0.00836699,0.00836699,-0.134745,0.101341,0.149425,0.0,0.0,48.4973,51.9048,0,0,1,0
593829679,0,1.34097089469,26.1000037518,0.0,0.0,50.0365,0.0,0.0825622,-0.0564328,-4.93356e-05,-4.93356e-05,-0.110387,0.101117,0.149157,0.0,0.0,48.4978,51.9048,0,0,1,0
594030110,0,1.34097080944,26.1000035819,0.0,0.0,50.0281,0.0,0.0692506,-0.0692826,-0.0103816,-0.0103816,-0.0771691,0.20234,0.149404,0.0,0.0,48.4982,51.7375,0,0,1,0
594230515,0,1.34097130284,26.1000034575,0.0,0.0,50.0276,0.0,0.0674591,-0.073462,0.00763558,0.00763558,-0.0342956,0.10129,0.149343,0.0,0.0,48.499,50.4835,0,0,1,0
594430945,0,1.34097196881,26.1000032666,0.0,0.0,50.028,0.0,0.0778454,-0.0951351,-0.0266999,-0.0266999,0.00978112,0.123445,0.149368,0.0,0.0,48.4993,52.2392,0,0,1,0
594631271,0,1.34097198174,26.1000030381,0.0,0.0,50.0295,0.0,0.0402216,-0.11571,0.00684045,0.00684045,0.0573495,0.189029,0.140457,0.0,0.0,48.4998,51.9048,0,0,1,0
594841468,0,1.34097194729,26.1000027506,0.0,0.0,50.0296,0.0,-0.00253402,-0.125381,0.0160069,0.0160069,0.110554,0.142635,0.149225,0.0,0.0,48.5003,52.9088,0,0,1,0
595041718,0,1.34097194317,26.1000025111,0.0,0.0,50.032,0.0,-0.0110739,-0.110191,-0.00654342,-0.00654342,0.155982,0.123558,0.149218,0.0,0.0,48.5011,51.4867,0,0,1,0
595241998,0,1.34097193786,26.1000022494,0.0,0.0,50.0216,0.0,-0.011241,-0.0710992,0.0014031,0.0014031,0.192859,0.214682,0.149313,0.0,0.0,48.5016,49.479,0,0,1,0
595452285,0,1.34097193835,26.1000020086,0.0,0.0,50.0255,0.0,-0.0185673,-0.0329204,-0.0126931,-0.0126931,0.220421,0.0140868,0.157688,0.0,0.0,48.5022,48.8939,0,0,1,0
595652822,0,1.34097193265,26.1000019319,0.0,0.0,50.0241,0.0,-0.0335757,-0.0156799,-0.0143225,-0.0143225,0.237842,0.014087,0.157698,0.0,0.0,48.5026,52.9088,0,0,1,0
595853114,0,1.34097191313,26.1000019421,0.0,0.0,50.0239,0.0,-0.0432242,0.00988314,-0.00906663,-0.00906663,0.243207,0.014087,0.157696,0.0,0.0,48.503,53.5784,0,0,1,0
596053327,0,1.3409719037,26.1000019565,0.0,0.0,50.0356,0.0,-0.0465241,0.047968,-0.0308249,-0.0308249,0.239397,0.0141146,0.15764,0.0,0.0,48.5036,51.2352,0,0,1,0
596253949,0,1.34097190256,26.1000022184,0.0,0.0,50.0366,0.0,-0.055652,0.0821619,-0.0315308,-0.0315308,0.231367,0.0141146,0.157915,0.0,0.0,48.504,49.6462,0,0,1,0
596464205,0,1.34097189982,26.1000025687,0.0,0.0,50.0356,0.0,-0.0716646,0.0993768,-0.0144152,-0.0144152,0.224527,0.0718509,0.0440875,0.0,0.0,48.5043,52.4901,0,0,1,0
596664520,0,1.34097187254,26.1000027458,0.0,0.0,50.038,0.0,-0.0766956,0.0884262,-0.0238581,-0.0238581,0.216943,0.0721357,0.044084,0.0,0.0,48.5047,52.2392,0,0,1,0
596864909,0,1.34097190412,26.100003024,0.0,0.0,50.0356,0.0,-0.0829748,0.0686544,0.00177949,0.00177949,0.210507,0.072669,0.0440826,0.0,0.0,48.5052,49.6462,0,0,1,0
597065248,0,1.34097189508,26.1000031819,0.0,0.0,50.0337,0.0,-0.0823446,0.0530982,0.0201261,0.0201261,0.211254,0.174874,0.04408,0.0,0.0,48.506,50.7336,0,0,1,0
597275578,0,1.34097191246,26.100003442,0.0,0.0,50.0331,0.0,-0.0643084,0.0290859,-0.00728574,-0.00728574,0.222043,0.101442,0.0666002,0.0,0.0,48.5063,53.2433,0,0,1,0
597476069,0,1.34097191782,26.1000035818,0.0,0.0,50.0354,0.0,-0.0591358,-0.0171644,-0.00602694,-0.00602694,0.239643,0.101274,0.0668852,0.0,0.0,48.507,53.1596,0,0,1,0
597676184,0,1.34097191798,26.1000036556,0.0,0.0,50.0353,0.0,-0.0657056,-0.0673499,0.0158264,0.0158264,0.260225,0.10113,0.0664927,0.0,0.0,48.5077,50.1478,0,0,1,0
597876555,0,1.34097190425,26.1000036293,0.0,0.0,50.0411,0.0,-0.0578972,-0.0966169,-0.0053272,-0.0053272,0.280924,0.101146,0.0667892,0.0,0.0,48.5082,52.9088,0,0,1,0
598076907,0,1.34097196061,26.1000035836,0.0,0.0,50.0268,0.0,-0.0465973,-0.12796,-0.0106285,-0.0106285,0.294136,0.10113,0.0666839,0.0,0.0,48.5086,49.144,0,0,1,0
598287422,0,1.34097190383,26.1000033669,0.0,0.0,50.0288,0.0,-0.0478312,-0.143857,-0.0160986,-0.0160986,0.300503,0.202248,0.0833962,0.0,0.0,48.5093,49.8976,0,0,1,0
598487636,0,1.34097192147,26.1000032442,0.0,0.0,50.0309,0.0,-0.0395921,-0.138003,-0.0442894,-0.0442894,0.30328,0.123551,0.0666534,0.0,0.0,48.5098,51.3189,0,0,1,0
598688035,0,1.34097193155,26.1000031789,0.0,0.0,50.0256,0.0,-0.0270315,-0.128898,-0.0501836,-0.0501836,0.307757,0.123987,0.0668995,0.0,0.0,48.5103,52.1556,0,0,1,0
598888397,0,1.34097193794,26.1000030635,0.0,0.0,50.026,0.0,-0.0159188,-0.130049,-0.0539165,-0.0539165,0.308955,0.123542,0.0666355,0.0,0.0,48.5108,50.9851,0,0,1,0
599098603,0,1.34097194013,26.1000029524,0.0,0.0,50.0333,0.0,-0.00838905,-0.131027,-0.0480818,-0.0480818,0.303854,0.142623,0.0834126,0.0,0.0,48.5114,53.2433,0,0,1,0
599298952,0,1.34097194701,26.100002879,0.0,0.0,50.0374,0.0,0.00265207,-0.119288,-0.0371681,-0.0371681,0.294443,0.142786,0.0835778,0.0,0.0,48.5117,52.2392,0,0,1,0
599499374,0,1.34097196068,26.1000028124,0.0,0.0,50.0323,0.0,0.0188764,-0.0945287,-0.0354201,-0.0354201,0.285054,0.214601,0.0833782,0.0,0.0,48.512,53.0767,0,0,1,0
599699726,0,1.34097196397,26.1000028541,0.0,0.0,50.0451,0.0,0.0361859,-0.0781057,-0.0498701,-0.0498701,0.27619,0.142582,0.0833835,0.0,0.0,48.5128,51.6539,0,0,1,0
599899881,0,1.34097198267,26.1000027642,0.0,0.0,50.0457,0.0,0.0439663,-0.074206,-0.0395599,-0.0395599,0.266519,0.142603,0.0668044,0.0,0.0,48.5134,50.9851,0,0,1,0
600100201,0,1.34097197496,26.100002782,0.0,0.0,50.046,0.0,0.0471142,-0.0640586,-0.0284251,-0.0284251,0.250401,0.142566,0.0667075,0.0,0.0,48.5139,51.6539,0,0,1,0
600300585,0,1.34097197684,26.100002845,0.0,0.0,50.0557,0.0,0.0571047,-0.0515558,-0.0445962,-0.0445962,0.221301,0.159538,0.0666722,0.0,0.0,48.5142,52.1556,0,0,1,0
600500989,0,1.34097197561,26.1000029185,0.0,0.0,50.0576,0.0,0.0444589,-0.0365454,-0.034669,-0.034669,0.184145,0.142501,0.0668143,0.0,0.0,48.5147,49.3961,0,0,1,0
600711374,0,1.34097197085,26.100003031,0.0,0.0,50.0573,0.0,0.0322188,-0.0395396,-0.0324995,-0.0324995,0.145409,0.0721587,0.0834222,0.0,0.0,48.5151,50.315,0,0,1,0
600911711,0,1.34097197129,26.1000030636,0.0,0.0,50.058,0.0,0.0224406,-0.0375185,-0.0358334,-0.0358334,0.114427,0.0141173,0.0834057,0.0,0.0,48.5155,50.65,0,0,1,0
601111995,0,1.34097196298,26.1000032194,0.0,0.0,50.0669,0.0,0.0100744,-0.019536,-0.0293089,-0.0293089,0.0926439,0.175053,0.0833874,0.0,0.0,48.5159,52.4064,0,0,1,0
601312207,0,1.3409719469,26.1000032786,0.0,0.0,50.0693,0.0,-0.00134965,-0.00545636,-0.0279764,-0.0279764,0.0835874,0.17473,0.0665235,0.0,0.0,48.5163,52.0726,0,0,1,0
601512536,0,1.34097194307,26.1000034021,0.0,0.0,50.0687,0.0,-0.0137088,0.00416152,-0.0221522,-0.0221522,0.0781017,0.014096,0.0666688,0.0,0.0,48.517,49.8134,0,0,1,0
601722881,0,1.34097193353,26.1000035359,0.0,0.0,50.0682,0.0,-0.0250546,0.0284059,-0.0184282,-0.0184282,0.077039,0.188919,0.0833677,0.0,0.0,48.5175,50.9851,0,0,1,0
601923283,0,1.3409719283,26.1000037116,0.0,0.0,50.0698,0.0,-0.0213186,0.0465674,-0.0337254,-0.0337254,0.0821554,0.189073,0.0834141,0.0,0.0,48.5179,52.0726,0,0,1,0
602123649,0,1.34097192389,26.1000038507,0.0,0.0,50.0703,0.0,-0.0287155,0.0597294,-0.00996229,-0.00996229,0.0903505,0.18905,0.083412,0.0,0.0,48.5187,50.4835,0,0,1,0
602323995,0,1.34097192496,26.1000040415,0.0,0.0,50.0684,0.0,-0.0391769,0.0693493,0.000251703,0.000251703,0.0971488,0.10105,0.0833601,0.0,0.0,48.5192,49.9812,0,0,1,0
602524191,0,1.340971911,26.1000042335,0.0,0.0,50.0688,0.0,-0.0468747,0.0741957,0.0054313,0.0054313,0.100138,0.188864,0.0833915,0.0,0.0,48.5197,50.4835,0,0,1,0
602724555,0,1.34097191118,26.1000044142,0.0,0.0,50.067,0.0,-0.0542807,0.0689443,0.028583,0.028583,0.0998373,0.0718124,0.0834408,0.0,0.0,48.5199,52.4901,0,0,1,0
602935200,0,1.34097192806,26.1000046616,0.0,0.0,50.0661,0.0,-0.0435184,0.0609798,0.00567369,0.00567369,0.094451,0.124038,0.0976546,0.0,0.0,48.5202,49.7298,0,0,1,0
603135375,0,1.34097190899,26.1000048755,0.0,0.0,50.0555,0.0,-0.0414212,0.0164184,0.011352,0.011352,0.0865376,0.201938,0.0973788,0.0,0.0,48.5204,52.3228,0,0,1,0
603335767,0,1.34097191728,26.1000049494,0.0,0.0,50.0559,0.0,-0.0483303,-0.0312177,0.0208417,0.0208417,0.072061,0.123583,0.0973589,0.0,0.0,48.5208,50.1478,0,0,1,0
603536110,0,1.34097190764,26.1000050487,0.0,0.0,50.0529,0.0,-0.044847,-0.0761073,0.00840755,0.00840755,0.0519984,0.202116,0.0974529,0.0,0.0,48.5215,48.6425,0,0,1,0
603736381,0,1.3409719105,26.1000050264,0.0,0.0,50.044,0.0,-0.0506931,-0.0924748,0.0127384,0.0127384,0.0289746,0.123742,0.0974527,0.0,0.0,48.5219,51.9048,0,0,1,0
603946752,0,1.34097190719,26.1000050349,0.0,0.0,50.0188,0.0,-0.0605872,-0.131808,0.0248963,0.0248963,0.00512127,0.142832,0.109757,0.0,0.0,48.5222,49.6462,0,0,1,0
604147083,0,1.34097188596,26.1000049268,0.0,0.0,50.0086,0.0,-0.0639753,-0.165526,0.0209394,0.0209394,-0.015156,0.214616,0.109597,0.0,0.0,48.5224,50.9851,0,0,1,0
604347330,0,1.34097191204,26.1000049253,0.0,0.0,50.0094,0.0,-0.0524981,-0.170621,0.00829732,0.00829732,-0.0299547,0.142627,0.109601,0.0,0.0,48.5227,48.8097,0,0,1,0
604547745,0,1.34097191582,26.1000047907,0.0,0.0,50.0119,0.0,-0.0470009,-0.16826,-0.0149939,-0.0149939,-0.0461653,0.142718,0.109674,0.0,0.0,48.5229,52.2392,0,0,1,0
604748293,0,1.34097191993,26.1000046556,0.0,0.0,50.0022,0.0,-0.0596942,-0.164187,0.00328724,0.00328724,-0.0612713,0.142816,0.109737,0.0,0.0,48.5234,52.4064,0,0,1,0
604958584,0,1.3409718593,26.100004447,0.0,0.0,50.003,0.0,-0.0816625,-0.168913,-0.0186596,-0.0186596,-0.0748379,0.0141147,0.120641,0.0,0.0,48.524,51.2352,0,0,1,0
605158917,0,1.3409719586,26.1000043568,0.0,0.0,50.0017,0.0,-0.0810479,-0.171582,0.00225397,0.00225397,-0.0869993,0.0140867,0.12052,0.0,0.0,48.5244,53.0767,0,0,1,0
605359264,0,1.34097186686,26.1000041552,0.0,0.0,50.0026,0.0,-0.0709822,-0.178511,-0.0145254,-0.0145254,-0.105487,0.0141146,0.109611,0.0,0.0,48.5249,53.4105,0,0,1,0
605559327,0,1.3409718993,26.1000038247,0.0,0.0,50.0051,0.0,-0.0629319,-0.18516,-0.00288047,-0.00288047,-0.122313,0.15945,0.194535,0.0,0.0,48.5253,50.9851,0,0,1,0
605759655,0,1.34097189818,26.1000036499,0.0,0.0,50.0052,0.0,-0.0660235,-0.165588,-0.0101198,-0.0101198,-0.141887,0.0140869,0.109622,0.0,0.0,48.5256,51.4025,0,0,1,0
605969790,0,1.3409718908,26.1000034419,0.0,0.0,50.006,0.0,-0.0782458,-0.0983866,-0.00522391,-0.00522391,-0.151769,0.0721095,0.120611,0.0,0.0,48.5258,48.6425,0,0,1,0
606170173,0,1.3409718877,26.1000032647,0.0,0.0,50.0057,0.0,-0.0843901,-0.0463643,-0.0163457,-0.0163457,-0.141783,0.0720748,0.120648,0.0,0.0,48.5259,51.068,0,0,1,0
606370556,0,1.34097188142,26.1000031738,0.0,0.0,50.0064,0.0,-0.0748086,-0.00883034,-0.0380901,-0.0380901,-0.11651,0.174869,0.12071,0.0,0.0,48.5263,51.7375,0,0,1,0
606570902,0,1.3409718746,26.1000031101,0.0,0.0,50.0067,0.0,-0.0774951,-0.00683787,-0.0394058,-0.0394058,-0.0806227,0.0721599,0.120647,0.0,0.0,48.5267,48.2246,0,0,1,0
606781290,0,1.34097188684,26.1000029629,0.0,0.0,50.0074,0.0,-0.0851671,0.000472154,-0.0409714,-0.0409714,-0.0381063,0.100996,0.130779,0.0,0.0,48.5268,48.9769,0,0,1,0
606981518,0,1.34097188882,26.1000028611,0.0,0.0,50.0163,0.0,-0.0984312,0.0208058,-0.0349115,-0.0349115,0.00964819,0.101269,0.130818,0.0,0.0,48.5273,53.6614,0,0,1,0
607181862,0,1.34097263882,26.1000027855,0.0,0.0,50.0184,0.0,-0.0797949,0.0348572,-0.0437844,-0.0437844,0.0620408,0.123823,0.130837,0.0,0.0,48.528,49.8976,0,0,1,0
607381936,0,1.34097337251,26.1000027275,0.0,0.0,50.0303,0.0,-0.0659887,0.0474171,-0.0739318,-0.0739318,0.113493,0.123614,0.120692,0.0,0.0,48.5285,49.8134,0,0,1,0
607582304,0,1.34097318501,26.1000026749,0.0,0.0,50.0303,0.0,-0.11629,0.0546559,-0.00105642,-0.00105642,0.163636,0.101251,0.109711,0.0,0.0,48.529,51.6539,0,0,1,0
607792506,0,1.34097316235,26.1000026808,0.0,0.0,50.0386,0.0,-0.149734,0.0606711,-0.0233143,-0.0233143,0.204334,0.142541,0.120588,0.0,0.0,48.5292,49.2276,0,0,1,0
607992957,0,1.34097315711,26.100002814,0.0,0.0,50.0458,0.0,-0.141978,0.0618124,-0.0473568,-0.0473568,0.233108,0.142671,0.109631,0.0,0.0,48.5293,50.9851,0,0,1,0
608193139,0,1.34097314463,26.1000029047,0.0,0.0,50.049,0.0,-0.128771,0.042578,-0.0369394,-0.0369394,0.249142,0.123634,0.109614,0.0,0.0,48.5295,48.8097,0,0,1,0
608393582,0,1.340973134,26.100002983,0.0,0.0,50.0553,0.0,-0.132151,0.018058,-0.0249418,-0.0249418,0.244298,0.202281,0.109702,0.0,0.0,48.5295,51.989,0,0,1,0
608593803,0,1.34097316177,26.1000030781,0.0,0.0,50.0587,0.0,-0.150141,0.00593136,-0.0130274,-0.0130274,0.225252,0.142541,0.10953,0.0,0.0,48.5295,50.8172,0,0,1,0
608794593,0,1.34097314874,26.1000031938,0.0,0.0,50.0676,0.0,-0.160557,-0.00277171,-0.0179116,-0.0179116,0.193477,0.142948,0.109798,0.0,0.0,48.5298,52.1556,0,0,1,0
608994679,0,1.34097317548,26.100003254,0.0,0.0,50.0685,0.0,-0.158572,-0.0311543,-0.0445591,-0.0445591,0.154296,0.14263,0.109591,0.0,0.0,48.5299,52.9924,0,0,1,0
609195098,0,1.34097315836,26.100003265,0.0,0.0,50.069,0.0,-0.171453,-0.0624819,-0.0135683,-0.0135683,0.103279,0.14279,0.109684,0.0,0.0,48.5302,50.1478,0,0,1,0
609395345,0,1.34097312352,26.1000032973,0.0,0.0,50.0797,0.0,-0.176407,-0.0755363,-0.0255517,-0.0255517,0.0553891,0.214444,0.109521,0.0,0.0,48.5305,50.8172,0,0,1,0
609605759,0,1.34097311013,26.1000032266,0.0,0.0,50.0803,0.0,-0.175493,-0.0588625,-0.0245709,-0.0245709,0.00829403,0.159679,0.109681,0.0,0.0,48.5309,49.9812,0,0,1,0
609806041,0,1.34097323142,26.100003354,0.0,0.0,50.0807,0.0,-0.176356,-0.0353533,-0.0205402,-0.0205402,-0.0294119,0.159688,0.109746,0.0,0.0,48.5311,50.315,0,0,1,0
610006479,0,1.34097323236,26.1000033853,0.0,0.0,50.0812,0.0,-0.189566,-0.0134294,-0.035439,-0.035439,-0.0525939,0.159608,0.109618,0.0,0.0,48.5312,51.5697,0,0,1,0
610206675,0,1.34097316068,26.1000034209,0.0,0.0,50.0883,0.0,-0.200554,-0.0128134,-0.0325374,-0.0325374,-0.0694554,0.159614,0.10964,0.0,0.0,48.5316,51.989,0,0,1,0
610406898,0,1.34097323574,26.1000034987,0.0,0.0,50.0922,0.0,-0.187754,0.00293909,-0.0489202,-0.0489202,-0.0871496,0.159499,0.109531,0.0,0.0,48.5319,49.2276,0,0,1,0
610617254,0,1.34097308462,26.1000035301,0.0,0.0,50.1,0.0,-0.179816,0.0238603,-0.0519575,-0.0519575,-0.106035,0.0719969,0.120626,0.0,0.0,48.5323,51.8211,0,0,1,0
610817662,0,1.34097315505,26.1000035995,0.0,0.0,50.122,0.0,-0.184658,0.033938,-0.0360818,-0.0360818,-0.125541,0.0721198,0.109563,0.0,0.0,48.5327,52.3228,0,0,1,0
611017999,0,1.34097315299,26.1000037436,0.0,0.0,50.1325,0.0,-0.177721,0.0572479,-0.0311525,-0.0311525,-0.145002,0.0719012,0.109704,0.0,0.0,48.533,50.5664,0,0,1,0
611218451,0,1.34097318785,26.1000039109,0.0,0.0,50.1318,0.0,-0.175361,0.0713235,-0.0368661,-0.0368661,-0.170311,0.072369,0.109611,0.0,0.0,48.533,50.4835,0,0,1,0
611418590,0,1.34097314249,26.1000040976,0.0,0.0,50.1383,0.0,-0.19109,0.0545011,-0.0189415,-0.0189415,-0.198539,0.0721426,0.109582,0.0,0.0,48.5333,49.2276,0,0,1,0
611628952,0,1.34097317454,26.1000042213,0.0,0.0,50.1398,0.0,-0.195281,0.0182983,3.06532e-05,3.06532e-05,-0.232088,0.10113,0.120656,0.0,0.0,48.5338,49.144,0,0,1,0
611829247,0,1.34097316305,26.1000042881,0.0,0.0,50.138,0.0,-0.175608,-0.0265905,-0.0253376,-0.0253376,-0.266526,0.188794,0.120614,0.0,0.0,48.5339,51.1516,0,0,1,0
612029507,0,1.34097315554,26.1000042811,0.0,0.0,50.1468,0.0,-0.174607,-0.0772721,-0.0168426,-0.0168426,-0.298552,0.18897,0.120639,0.0,0.0,48.5342,50.9008,0,0,1,0
612229790,0,1.34097317472,26.1000041933,0.0,0.0,50.1483,0.0,-0.200194,-0.130642,0.0282152,0.0282152,-0.324592,0.101073,0.120619,0.0,0.0,48.5346,49.7298,0,0,1,0
612430385,0,1.34097312402,26.1000039529,0.0,0.0,50.1486,0.0,-0.21855,-0.173069,0.0391428,0.0391428,-0.342522,0.18913,0.120769,0.0,0.0,48.535,50.5664,0,0,1,0
612640566,0,1.34097314072,26.1000036103,0.0,0.0,50.1506,0.0,-0.220571,-0.200095,0.0287436,0.0287436,-0.34106,0.123595,0.130633,0.0,0.0,48.5353,50.315,0,0,1,0
612841007,0,1.34097312274,26.1000031711,0.0,0.0,50.151,0.0,-0.207185,-0.208645,0.0245229,0.0245229,-0.321459,0.202072,0.130807,0.0,0.0,48.5356,50.5664,0,0,1,0
613041630,0,1.34097318066,26.1000026901,0.0,0.0,50.1419,0.0,-0.192342,-0.212399,0.0329946,0.0329946,-0.283709,0.123962,0.130948,0.0,0.0,48.5358,52.4064,0,0,1,0
613241875,0,1.3409731963,26.1000021554,0.0,0.0,50.134,0.0,-0.177368,-0.22063,0.0403663,0.0403663,-0.247269,0.123772,0.130812,0.0,0.0,48.5361,52.7409,0,0,1,0
613442175,0,1.34097312157,26.1000015089,0.0,0.0,50.1104,0.0,-0.153767,-0.224615,0.0336656,0.0336656,-0.211042,0.123552,0.130666,0.0,0.0,48.5366,52.9924,0,0,1,0
613642600,0,1.34097325005,26.1000009048,0.0,0.0,50.1071,0.0,-0.113432,-0.182883,0.00960941,0.00960941,-0.178851,0.123384,0.130724,0.0,0.0,48.5373,52.7409,0,0,1,0
613842986,0,1.34097318434,26.1000005414,0.0,0.0,50.1043,0.0,-0.0696848,-0.0846459,-0.00558672,-0.00558672,-0.141638,0.202188,0.120619,0.0,0.0,48.5379,49.144,0,0,1,0
614043325,0,1.34097325291,26.1000002815,0.0,0.0,50.1052,0.0,-0.0299538,0.00992427,-0.0195634,-0.0195634,-0.0991748,0.123554,0.120598,0.0,0.0,48.5381,53.5784,0,0,1,0
614253742,0,1.34097326453,26.1000001356,0.0,0.0,50.1078,0.0,-0.0102736,0.0806898,-0.00909528,-0.00909528,-0.0507395,0.159486,0.130787,0.0,0.0,48.5388,52.6573,0,0,1,0
614454145,0,1.34097325995,26.1000001578,0.0,0.0,50.109,0.0,-0.0125297,0.154889,-0.00523619,-0.00523619,-0.0100665,0.014087,0.130872,0.0,0.0,48.5393,50.315,0,0,1,0
614654488,0,1.34097323811,26.1000002745,0.0,0.0,50.103,0.0,-0.0417686,0.186969,-0.0247391,-0.0247391,0.0189483,0.0141146,0.130884,0.0,0.0,48.5396,53.4105,0,0,1,0
614854948,0,1.340973207,26.100000481,0.0,0.0,50.1002,0.0,-0.0943435,0.193163,-0.00216991,-0.00216991,0.0305277,0.0140869,0.13082,0.0,0.0,48.5398,52.3228,0,0,1,0
615055300,0,1.34097317365,26.1000007301,0.0,0.0,50.1004,0.0,-0.137717,0.182495,-0.00676382,-0.00676382,0.0192118,0.0140868,0.130638,0.0,0.0,48.5398,51.6539,0,0,1,0
615255391,0,1.34097316748,26.1000009865,0.0,0.0,50.1008,0.0,-0.158129,0.189407,-0.0133108,-0.0133108,-0.00947152,0.0140868,0.130648,0.0,0.0,48.5401,50.4835,0,0,1,0
615455706,0,1.3409731378,26.1000013869,0.0,0.0,50.1021,0.0,-0.182346,0.187394,-0.00541676,-0.00541676,-0.0525742,0.159446,0.130756,0.0,0.0,48.5404,51.989,0,0,1,0
615656199,0,1.34097313173,26.1000018126,0.0,0.0,50.0987,0.0,-0.200282,0.200743,0.0200595,0.0200595,-0.0871529,0.0140872,0.120915,0.0,0.0,48.5406,52.1556,0,0,1,0
615866539,0,1.3409731205,26.1000022677,0.0,0.0,50.0977,0.0,-0.181992,0.205071,-0.00554926,-0.00554926,-0.104134,0.174744,0.130744,0.0,0.0,48.5408,51.5697,0,0,1,0
616066955,0,1.34097316782,26.1000026387,0.0,0.0,50.0999,0.0,-0.155436,0.224657,-0.0254335,-0.0254335,-0.101803,0.0719741,0.130793,0.0,0.0,48.5411,52.0726,0,0,1,0
616267285,0,1.34097320244,26.1000029764,0.0,0.0,50.1014,0.0,-0.148013,0.241876,-0.0365454,-0.0365454,-0.0851893,0.0721614,0.130753,0.0,0.0,48.5414,52.9924,0,0,1,0
616467503,0,1.34097320184,26.1000033367,0.0,0.0,50.109,0.0,-0.15058,0.213656,-0.0521032,-0.0521032,-0.0605213,0.0721511,0.130878,0.0,0.0,48.5418,53.1596,0,0,1,0
616667772,0,1.34097318533,26.1000036494,0.0,0.0,50.1107,0.0,-0.145897,0.173011,-0.0599192,-0.0599192,-0.03086,0.174742,0.130732,0.0,0.0,48.5419,53.2433,0,0,1,0
616878161,0,1.34097317443,26.1000039588,0.0,0.0,50.1191,0.0,-0.15461,0.119512,-0.0494801,-0.0494801,0.00250709,0.18891,0.140251,0.0,0.0,48.5422,50.3986,0,0,1,0
617078490,0,1.34097316594,26.1000041078,0.0,0.0,50.1446,0.0,-0.17393,0.0439279,-0.0313986,-0.0313986,0.031886,0.101258,0.140263,0.0,0.0,48.5425,49.6462,0,0,1,0
617278751,0,1.34097319351,26.100004067,0.0,0.0,50.15,0.0,-0.186186,-0.0347423,-0.0143654,-0.0143654,0.0538651,0.101331,0.140008,0.0,0.0,48.5431,49.479,0,0,1,0
617489173,0,1.34097313559,26.100004032,0.0,0.0,50.1494,0.0,-0.195339,-0.0894399,-0.0110309,-0.0110309,0.0710377,0.123791,0.140258,0.0,0.0,48.5432,52.1556,0,0,1,0
617689674,0,1.34097312954,26.100003873,0.0,0.0,50.1514,0.0,-0.200457,-0.115021,-0.0161986,-0.0161986,0.0871183,0.123956,0.14041,0.0,0.0,48.5434,51.2352,0,0,1,0
617890272,0,1.34097309966,26.1000036017,0.0,0.0,50.151,0.0,-0.19642,-0.134124,-0.00914273,-0.00914273,0.106641,0.123858,0.140338,0.0,0.0,48.5435,51.9048,0,0,1,0
618090569,0,1.34097315059,26.100003358,0.0,0.0,50.1435,0.0,-0.173338,-0.119389,-0.0202949,-0.0202949,0.128189,0.12383,0.14033,0.0,0.0,48.5438,52.2392,0,0,1,0
618290699,0,1.34097321776,26.100003102,0.0,0.0,50.144,0.0,-0.134491,-0.0950138,-0.0413864,-0.0413864,0.157124,0.123594,0.140267,0.0,0.0,48.5445,49.2276,0,0,1,0
618490984,0,1.34097320419,26.1000028746,0.0,0.0,50.1459,0.0,-0.107619,-0.0635928,-0.0621921,-0.0621921,0.198879,0.12362,0.140201,0.0,0.0,48.5449,52.5743,0,0,1,0
618701474,0,1.3409731681,26.1000026799,0.0,0.0,50.1479,0.0,-0.101047,-0.0326427,-0.0590279,-0.0590279,0.246149,0.226607,0.14938,0.0,0.0,48.5452,49.144,0,0,1,0
618901821,0,1.34097316474,26.100002526,0.0,0.0,50.1586,0.0,-0.109479,-0.0138275,-0.072505,-0.072505,0.286637,0.214505,0.149142,0.0,0.0,48.5454,50.7336,0,0,1,0
619102174,0,1.34097318608,26.1000024404,0.0,0.0,50.1604,0.0,-0.123347,0.010265,-0.0713329,-0.0713329,0.332637,0.0140868,0.149033,0.0,0.0,48.5458,50.7336,0,0,1,0
619302571,0,1.34097312699,26.100002446,0.0,0.0,50.1967,0.0,-0.136704,0.0248279,-0.0802753,-0.0802753,0.378162,0.214614,0.14922,0.0,0.0,48.5461,50.5664,0,0,1,0
619512930,0,1.34097316237,26.1000023952,0.0,0.0,50.1983,0.0,-0.148096,0.0617235,-0.0330865,-0.0330865,0.434187,0.174877,0.157715,0.0,0.0,48.5463,50.2314,0,0,1,0
619713269,0,1.34097314822,26.1000024728,0.0,0.0,50.205,0.0,-0.156394,0.103117,0.00279588,0.00279588,0.490161,0.014096,0.157604,0.0,0.0,48.5466,52.9088,0,0,1,0
619913590,0,1.34097317613,26.1000025571,0.0,0.0,50.2045,0.0,-0.150093,0.117005,-0.00904107,-0.00904107,0.537162,0.0723276,0.157583,0.0,0.0,48.5468,50.5664,0,0,1,0
620113940,0,1.34097318241,26.1000025946,0.0,0.0,50.2086,0.0,-0.14335,0.128909,-0.0329723,-0.0329723,0.574823,0.0722896,0.157571,0.0,0.0,48.547,49.0604,0,0,1,0
620314283,0,1.34097316594,26.1000028533,0.0,0.0,50.2189,0.0,-0.146461,0.140209,-0.0326653,-0.0326653,0.601054,0.174869,0.157526,0.0,0.0,48.5474,49.5626,0,0,1,0
620514706,0,1.34097316412,26.1000031348,0.0,0.0,50.2193,0.0,-0.140821,0.145471,-0.0446063,-0.0446063,0.611555,0.0140961,0.157531,0.0,0.0,48.5475,51.8211,0,0,1,0
620715279,0,1.34097317743,26.1000033716,0.0,0.0,50.2293,0.0,-0.132457,0.136534,-0.0262147,-0.0262147,0.60666,0.0717061,0.157553,0.0,0.0,48.5479,52.3228,0,0,1,0
620915442,0,1.34097420747,26.1000036924,0.0,0.0,50.2281,0.0,-0.108917,0.120411,-0.0171468,-0.0171468,0.585776,0.174806,0.149134,0.0,0.0,48.5481,51.3189,0,0,1,0
621125793,0,1.34097577929,26.1000040007,0.0,0.0,50.2407,0.0,-0.107355,0.162807,-0.00294091,-0.00294091,0.549101,0.188903,0.157572,0.0,0.0,48.5489,50.4835,0,0,1,0
621326147,0,1.34097745172,26.100004322,0.0,0.0,50.2398,0.0,-0.109982,0.205566,0.0166224,0.0166224,0.503624,0.101263,0.157623,0.0,0.0,48.5493,53.0767,0,0,1,0
621526519,0,1.34097946674,26.1000045839,0.0,0.0,50.2381,0.0,-0.106525,0.219717,0.0492453,0.0492453,0.455685,0.101179,0.157564,0.0,0.0,48.5498,52.7409,0,0,1,0
621726593,0,1.34098108516,26.1000046524,0.0,0.0,50.2398,0.0,-0.114967,0.231992,0.0608839,0.0608839,0.40215,0.10111,0.225683,0.0,0.0,48.5503,53.1596,0,0,1,0
621926990,0,1.34098273747,26.100004903,0.0,0.0,50.2283,0.0,-0.11839,0.249087,0.0723774,0.0723774,0.336909,0.101139,0.157538,0.0,0.0,48.5507,50.4835,0,0,1,0
622127305,0,1.34098397712,26.100005271,0.0,0.0,50.181,0.0,-0.126623,0.267301,0.0886831,0.0886831,0.267596,0.0721528,0.157522,0.0,0.0,48.5508,48.8097,0,0,1,0
622327669,0,1.34098526762,26.1000055194,0.0,0.0,50.1601,0.0,-0.102804,0.149753,0.0923805,0.0923805,0.18793,0.188906,0.157564,0.0,0.0,48.5508,52.0726,0,0,1,0
622528089,0,1.34098700818,26.1000056605,0.0,0.0,50.1034,0.0,-0.0145828,-0.143177,0.0706499,0.0706499,0.116201,0.101067,0.157699,0.0,0.0,48.5511,50.9008,0,0,1,0
622738582,0,1.34098877647,26.1000053628,0.0,0.0,50.1254,0.0,0.0513478,-0.276983,-0.00703896,-0.00703896,0.0516873,0.123852,0.0437298,0.0,0.0,48.5514,50.65,0,0,1,0
622938706,0,1.34099064123,26.1000048991,0.0,0.0,50.135,0.0,0.0662885,-0.199046,-0.0198373,-0.0198373,0.00904108,0.123605,0.0437258,0.0,0.0,48.5515,49.3118,0,0,1,0
623138983,0,1.34099246337,26.1000044868,0.0,0.0,50.1117,0.0,0.0602029,-0.112579,0.0100104,0.0100104,-0.0192765,0.123616,0.0437243,0.0,0.0,48.5517,49.7298,0,0,1,0
623339333,0,1.34099475116,26.1000041519,0.0,0.0,50.1041,0.0,0.0870428,-0.0346895,-0.00834031,-0.00834031,-0.0280964,0.123538,0.165349,0.0,0.0,48.5519,49.8976,0,0,1,0
623539714,0,1.34099651009,26.1000039763,0.0,0.0,50.0983,0.0,0.151617,-0.00439789,0.0515766,0.0515766,-0.023022,0.12352,0.157544,0.0,0.0,48.5522,51.068,0,0,1,0
623740110,0,1.34099839241,26.1000036774,0.0,0.0,50.0891,0.0,0.344039,-0.000289563,-0.0377837,-0.0377837,-0.013052,0.123643,0.157533,0.0,0.0,48.5528,51.8211,0,0,1,0
623940481,0,1.34100024269,26.1000034814,0.0,0.0,50.0821,0.0,0.539513,-0.00050772,-0.0491954,-0.0491954,-0.00611064,0.12355,0.15747,0.0,0.0,48.5533,50.8172,0,0,1,0
624140806,0,1.34100195295,26.100003193,0.0,0.0,50.082,0.0,0.650065,0.00219021,-0.0472022,-0.0472022,-0.000605991,0.123965,0.15764,0.0,0.0,48.5535,52.8252,0,0,1,0
624351267,0,1.34100428545,26.1000029135,0.0,0.0,50.0505,0.0,0.681251,0.00523057,-0.0328685,-0.0328685,0.00151916,0.159645,0.0437101,0.0,0.0,48.5539,51.9048,0,0,1,0
624551644,0,1.34100647033,26.1000026098,0.0,0.0,50.0771,0.0,0.657615,0.00556676,-0.0298641,-0.0298641,0.0040033,0.142673,0.0437075,0.0,0.0,48.5542,52.2392,0,0,1,0
624751907,0,1.34100818377,26.1000023758,0.0,0.0,50.0797,0.0,0.630371,-0.00239723,-0.0489494,-0.0489494,0.00721982,0.142593,0.0437039,0.0,0.0,48.5549,49.8134,0,0,1,0
624952297,0,1.34100989856,26.1000020928,0.0,0.0,50.0802,0.0,0.611823,0.0191085,-0.0551583,-0.0551583,0.00670471,0.0140733,0.0437021,0.0,0.0,48.5552,51.4025,0,0,1,0
625152700,0,1.34101213242,26.1000018319,0.0,0.0,50.0807,0.0,0.601257,0.048205,-0.0493208,-0.0493208,-0.000594204,0.0140734,0.0436984,0.0,0.0,48.5557,52.8252,0,0,1,0
625363210,0,1.34101450922,26.1000015257,0.0,0.0,50.0794,0.0,0.611772,0.10206,-0.0515964,-0.0515964,-0.011148,0.0721345,0.0664481,0.0,0.0,48.556,50.4835,0,0,1,0
625563446,0,1.34101746673,26.1000016032,0.0,0.0,50.0799,0.0,0.664817,0.14745,-0.0499125,-0.0499125,-0.0234885,0.0719811,0.0663612,0.0,0.0,48.5562,49.9812,0,0,1,0
625764124,0,1.34101938538,26.1000015599,0.0,0.0,50.0816,0.0,0.735879,0.180268,-0.0885299,-0.0885299,-0.0347484,0.159721,0.0663471,0.0,0.0,48.5563,51.6539,0,0,1,0
625964533,0,1.34102168766,26.1000016136,0.0,0.0,50.0903,0.0,0.816348,0.207501,-0.0636689,-0.0636689,-0.0416459,0.0719204,0.0437174,0.0,0.0,48.5565,51.7375,0,0,1,0
626164945,0,1.34102401099,26.1000016808,0.0,0.0,50.0898,0.0,0.88763,0.206504,-0.0400486,-0.0400486,-0.0439133,0.0720991,0.0436855,0.0,0.0,48.5572,50.2314,0,0,1,0
626365329,0,1.34102622166,26.100001777,0.0,0.0,50.1266,0.0,0.961897,0.199696,-0.0200391,-0.0200391,-0.0403669,0.0717479,0.043684,0.0,0.0,48.5576,51.989,0,0,1,0
626565644,0,1.34102849711,26.1000018747,0.0,0.0,50.1135,0.0,1.06357,0.208316,-0.0136752,-0.0136752,-0.0294915,0.174925,0.0436803,0.0,0.0,48.5581,52.2392,0,0,1,0
626775993,0,1.34103142044,26.1000019604,0.0,0.0,50.1122,0.0,1.18247,0.197177,-0.0166657,-0.0166657,-0.0126203,0.101183,0.0665051,0.0,0.0,48.5587,52.6573,0,0,1,0
626976178,0,1.34103410208,26.1000019761,0.0,0.0,50.1168,0.0,1.25538,0.195847,-0.0144108,-0.0144108,0.00907679,0.101115,0.066394,0.0,0.0,48.5594,49.0604,0,0,1,0
627176525,0,1.34103676549,26.1000020666,0.0,0.0,50.1188,0.0,1.26284,0.19978,0.0083901,0.0083901,0.0387113,0.101169,0.0664069,0.0,0.0,48.5595,49.479,0,0,1,0
627376851,0,1.3410394328,26.1000021117,0.0,0.0,50.1158,0.0,1.21322,0.207996,0.0313016,0.0313016,0.0776376,0.101266,0.0665323,0.0,0.0,48.5596,50.315,0,0,1,0
627576968,0,1.34104196718,26.1000022638,0.0,0.0,50.1099,0.0,1.15475,0.218716,0.0106804,0.0106804,0.117221,0.101163,0.0436965,0.0,0.0,48.5599,49.9812,0,0,1,0
627777294,0,1.34104432001,26.1000023251,0.0,0.0,50.1032,0.0,1.10623,0.225838,-0.00292797,-0.00292797,0.15228,0.101147,0.0436641,0.0,0.0,48.5603,52.8252,0,0,1,0
627987756,0,1.3410475671,26.1000024337,0.0,0.0,50.1034,0.0,1.08788,0.248649,-0.0149356,-0.0149356,0.178278,0.12361,0.0663843,0.0,0.0,48.5609,51.4025,0,0,1,0
628188321,0,1.34104975614,26.1000028335,0.0,0.0,50.0987,0.0,1.05542,0.259243,0.0175454,0.0175454,0.19211,0.202022,0.0664443,0.0,0.0,48.5613,50.9851,0,0,1,0
628388528,0,1.3410527579,26.1000029368,0.0,0.0,50.0904,0.0,1.05597,0.227963,0.0295866,0.0295866,0.198262,0.1236,0.0663588,0.0,0.0,48.5618,49.8134,0,0,1,0
628588827,0,1.34105538926,26.1000031285,0.0,0.0,50.0888,0.0,1.05275,0.170326,0.0456237,0.0456237,0.196622,0.123786,0.0664203,0.0,0.0,48.562,52.1556,0,0,1,0
628788986,0,1.34105749128,26.1000032753,0.0,0.0,50.0706,0.0,1.036,0.106611,0.0542178,0.0542178,0.189629,0.202025,0.0664055,0.0,0.0,48.5625,52.3228,0,0,1,0
628999328,0,1.34106021987,26.1000032472,0.0,0.0,50.0503,0.0,1.02378,0.0956274,0.048322,0.048322,0.176535,0.142605,0.0832024,0.0,0.0,48.5629,48.9769,0,0,1,0
629199738,0,1.34106211757,26.1000033222,0.0,0.0,50.0516,0.0,0.968601,0.101421,0.0486127,0.0486127,0.157981,0.214709,0.083313,0.0,0.0,48.5631,49.6462,0,0,1,0
629400191,0,1.34106485388,26.1000033454,0.0,0.0,50.0374,0.0,0.901196,0.11971,0.105173,0.105173,0.136037,0.142637,0.0832416,0.0,0.0,48.5635,52.4901,0,0,1,0
629600531,0,1.34106742911,26.1000034241,0.0,0.0,49.9997,0.0,0.866891,0.150256,0.10266,0.10266,0.109667,0.142623,0.0832443,0.0,0.0,48.5637,52.9088,0,0,1,0
629800992,0,1.34106996537,26.10000359,0.0,0.0,50.0014,0.0,0.884063,0.18573,0.0736971,0.0736971,0.0847683,0.159689,0.0832284,0.0,0.0,48.5641,50.2314,0,0,1,0
630001409,0,1.3410725541,26.1000037921,0.0,0.0,49.9821,0.0,0.906652,0.211157,0.0863858,0.0863858,0.0569218,0.142773,0.0664524,0.0,0.0,48.5645,50.0642,0,0,1,0
630201796,0,1.34107514476,26.1000039885,0.0,0.0,49.9465,0.0,0.935178,0.165771,0.0839235,0.0839235,0.034289,0.159584,0.0665465,0.0,0.0,48.5647,52.9924,0,0,1,0
630412070,0,1.34107773067,26.1000040838,0.0,0.0,49.9285,0.0,0.97108,0.0509514,0.0741843,0.0741843,0.0121301,0.014096,0.0832111,0.0,0.0,48.565,50.3986,0,0,1,0
630612340,0,1.34107969877,26.1000040646,0.0,0.0,49.9136,0.0,0.988164,-0.021006,0.0771625,0.0771625,-0.00936138,0.0140869,0.0832079,0.0,0.0,48.5655,52.7409,0,0,1,0
630812665,0,1.3410817849,26.1000039155,0.0,0.0,49.8823,0.0,1.01591,-0.0265526,0.0757762,0.0757762,-0.0342341,0.0722874,0.0829864,0.0,0.0,48.5661,50.3986,0,0,1,0
631013033,0,1.34108463069,26.1000037709,0.0,0.0,49.864,0.0,1.06612,-0.0169431,0.0721586,0.0721586,-0.0493093,0.159564,0.0832882,0.0,0.0,48.5663,50.2314,0,0,1,0
631213388,0,1.34108755345,26.1000036448,0.0,0.0,49.8394,0.0,1.13452,0.0367156,0.0749213,0.0749213,-0.0539054,0.0721199,0.0831753,0.0,0.0,48.5668,51.068,0,0,1,0
631423870,0,1.34109007293,26.1000036481,0.0,0.0,49.806,0.0,1.21191,0.137208,0.0444887,0.0444887,-0.0471107,0.0722431,0.0972822,0.0,0.0,48.5673,51.8211,0,0,1,0
631624236,0,1.34109314831,26.1000036457,0.0,0.0,49.7836,0.0,1.27288,0.200788,0.0550303,0.0550303,-0.0319378,0.0723674,0.0972794,0.0,0.0,48.5676,50.8172,0,0,1,0
631824582,0,1.3410962842,26.1000037905,0.0,0.0,49.7641,0.0,1.29256,0.201637,0.0521703,0.0521703,-0.0119798,0.188865,0.0970857,0.0,0.0,48.5679,52.3228,0,0,1,0
632024960,0,1.34109921108,26.1000037804,0.0,0.0,49.7601,0.0,1.27939,0.149774,0.0589154,0.0589154,0.00669025,0.0720696,0.187481,0.0,0.0,48.5683,49.7298,0,0,1,0
632225288,0,1.34110199585,26.1000037901,0.0,0.0,49.7293,0.0,1.24429,0.100472,0.104845,0.104845,0.0268968,0.101188,0.0972656,0.0,0.0,48.5684,52.9088,0,0,1,0
632425665,0,1.34110473825,26.1000037,0.0,0.0,49.6993,0.0,1.24451,0.0892229,0.0733622,0.0733622,0.0410215,0.101194,0.0973238,0.0,0.0,48.569,49.479,0,0,1,0
632635883,0,1.34110707748,26.1000036768,0.0,0.0,49.679,0.0,1.26081,0.130361,0.0683628,0.0683628,0.0474483,0.12381,0.0973397,0.0,0.0,48.5698,53.1596,0,0,1,0
632836503,0,1.34110976532,26.1000037208,0.0,0.0,49.6487,0.0,1.2789,0.179542,0.0688147,0.0688147,0.0443154,0.123612,0.0972076,0.0,0.0,48.5704,50.0642,0,0,1,0
633036575,0,1.34111253665,26.1000038605,0.0,0.0,49.6373,0.0,1.28759,0.19718,0.0655255,0.0655255,0.0406916,0.101116,0.0663731,0.0,0.0,48.5711,51.3189,0,0,1,0
633236902,0,1.34111455112,26.100004027,0.0,0.0,49.5831,0.0,1.27357,0.166862,0.0733342,0.0733342,0.0372332,0.123517,0.0663505,0.0,0.0,48.5715,50.0642,0,0,1,0
633447274,0,1.34111696221,26.1000041325,0.0,0.0,49.5565,0.0,1.27674,0.120016,0.0702642,0.0702642,0.0291126,0.142613,0.0831909,0.0,0.0,48.572,52.0726,0,0,1,0
633647527,0,1.34111933255,26.1000041139,0.0,0.0,49.5304,0.0,1.29497,0.0716892,0.0549199,0.0549199,0.0179723,0.142788,0.0831773,0.0,0.0,48.5725,53.0767,0,0,1,0
633847786,0,1.34112227865,26.1000041225,0.0,0.0,49.5295,0.0,1.32336,0.0536581,0.0645265,0.0645265,0.0023229,0.142617,0.0831714,0.0,0.0,48.5728,50.315,0,0,1,0
634048189,0,1.34112541157,26.100004026,0.0,0.0,49.4907,0.0,1.34966,0.0402881,0.0801079,0.0801079,-0.0100602,0.142658,0.0832184,0.0,0.0,48.5733,51.7375,0,0,1,0
634248502,0,1.34112876251,26.100003893,0.0,0.0,49.4938,0.0,1.37352,0.0232246,0.0689068,0.0689068,-0.0157571,0.142575,0.083161,0.0,0.0,48.5736,51.8211,0,0,1,0
634449064,0,1.34113203931,26.1000037991,0.0,0.0,49.4895,0.0,1.39347,-0.0047059,0.0707571,0.0707571,-0.0127475,0.142985,0.0834357,0.0,0.0,48.5742,52.2392,0,0,1,0
634659081,0,1.34113544393,26.1000035735,0.0,0.0,49.4524,0.0,1.41955,0.00723581,0.0674665,0.0674665,-0.00908954,0.0141146,0.187498,0.0,0.0,48.5747,52.0726,0,0,1,0
634859338,0,1.34113823083,26.1000033861,0.0,0.0,49.4533,0.0,1.42869,0.0208577,0.0619495,0.0619495,-0.00811036,0.0141146,0.0971574,0.0,0.0,48.5753,51.4867,0,0,1,0
635059528,0,1.34114029685,26.1000033083,0.0,0.0,49.4486,0.0,1.41645,0.0381001,0.0721368,0.0721368,-0.0081338,0.0140868,0.187619,0.0,0.0,48.5756,52.1556,0,0,1,0
635259774,0,1.34114252435,26.1000031933,0.0,0.0,49.4113,0.0,1.40306,0.0195815,0.0928795,0.0928795,-0.0126588,0.0140869,0.0832278,0.0,0.0,48.5758,49.0604,0,0,1,0
635470068,0,1.34114613679,26.1000030343,0.0,0.0,49.3868,0.0,1.43665,0.00166499,0.101988,0.101988,-0.0243259,0.0721476,0.0972299,0.0,0.0,48.5764,49.9812,0,0,1,0
635670472,0,1.34114928331,26.100003041,0.0,0.0,49.3677,0.0,1.49131,0.00529875,0.0912381,0.0912381,-0.0431112,0.0722965,0.0972233,0.0,0.0,48.577,52.4901,0,0,1,0
635870808,0,1.3411524921,26.1000028907,0.0,0.0,49.3352,0.0,1.54443,0.00687181,0.0805462,0.0805462,-0.06221,0.15961,0.0971437,0.0,0.0,48.5775,49.479,0,0,1,0
636071236,0,1.34115550057,26.1000029225,0.0,0.0,49.3252,0.0,1.57864,0.0146779,0.0514804,0.0514804,-0.0739487,0.0725382,0.0974344,0.0,0.0,48.5779,52.0726,0,0,1,0
636271494,0,1.34115869941,26.1000028596,0.0,0.0,49.2985,0.0,1.57051,-0.0320799,0.0493899,0.0493899,-0.0739936,0.0721615,0.0971598,0.0,0.0,48.5784,51.4867,0,0,1,0
636471766,0,1.34116183447,26.1000027159,0.0,0.0,49.2836,0.0,1.54137,-0.115854,0.0695599,0.0695599,-0.0654286,0.10112,0.0831757,0.0,0.0,48.579,50.0642,0,0,1,0
636672284,0,1.34116447129,26.1000023716,0.0,0.0,49.2634,0.0,1.52718,-0.163446,0.0637363,0.0637363,-0.0583045,0.0721545,0.0832637,0.0,0.0,48.5793,52.7409,0,0,1,0
636882627,0,1.34116760734,26.100001936,0.0,0.0,49.2493,0.0,1.53802,-0.194737,0.0474692,0.0474692,-0.0662866,0.123691,0.0972448,0.0,0.0,48.5801,51.5697,0,0,1,0
637082908,0,1.34117061947,26.1000015401,0.0,0.0,49.2168,0.0,1.55297,-0.148012,0.0816004,0.0816004,-0.0818586,0.123541,0.0971386,0.0,0.0,48.5807,49.7298,0,0,1,0
637283337,0,1.34117345796,26.1000011312,0.0,0.0,49.1975,0.0,1.57247,-0.101074,0.0859558,0.0859558,-0.0947648,0.188829,0.0971637,0.0,0.0,48.5812,48.4753,0,0,1,0
637483747,0,1.34117655492,26.1000010024,0.0,0.0,49.1777,0.0,1.6276,-0.0358778,0.0670799,0.0670799,-0.105195,0.123531,0.0971221,0.0,0.0,48.5818,49.7298,0,0,1,0
637684075,0,1.3411799524,26.1000008153,0.0,0.0,49.1601,0.0,1.68212,-0.00280583,0.083711,0.083711,-0.112594,0.12357,0.0971535,0.0,0.0,48.5824,48.5589,0,0,1,0
637884415,0,1.34118260888,26.1000007106,0.0,0.0,49.1335,0.0,1.70917,0.0257324,0.074583,0.074583,-0.121787,0.202261,0.09715,0.0,0.0,48.5828,52.1556,0,0,1,0
638094667,0,1.34118562225,26.1000007692,0.0,0.0,49.1154,0.0,1.72771,0.0820832,0.065102,0.065102,-0.134316,0.123585,0.109487,0.0,0.0,48.5838,51.1516,0,0,1,0
638295301,0,1.34118870598,26.1000008147,0.0,0.0,49.086,0.0,1.72877,0.12725,0.0544549,0.0544549,-0.146243,0.142982,0.109682,0.0,0.0,48.5842,49.6462,0,0,1,0
638495531,0,1.3411916056,26.1000010022,0.0,0.0,49.0724,0.0,1.70749,0.163029,0.0642541,0.0642541,-0.152463,0.142732,0.109497,0.0,0.0,48.5849,50.9851,0,0,1,0
638705892,0,1.34119485962,26.1000011933,0.0,0.0,49.0402,0.0,1.69383,0.0942223,0.0744519,0.0744519,-0.152555,0.159459,0.120496,0.0,0.0,48.5851,49.8134,0,0,1,0
638906411,0,1.34119737675,26.1000012977,0.0,0.0,49.0355,0.0,1.71514,0.0537064,0.0411593,0.0411593,-0.160887,0.014087,0.120677,0.0,0.0,48.5854,48.9769,0,0,1,0
639106723,0,1.34120001379,26.1000014207,0.0,0.0,49.0081,0.0,1.72628,0.093995,0.0658302,0.0658302,-0.171655,0.014087,0.109571,0.0,0.0,48.5857,50.8172,0,0,1,0
639307094,0,1.34120291372,26.1000016012,0.0,0.0,48.9935,0.0,1.72007,0.100122,0.060205,0.060205,-0.183436,0.0141146,0.109381,0.0,0.0,48.5863,50.1478,0,0,1,0
639517523,0,1.34120652804,26.1000017395,0.0,0.0,48.9632,0.0,1.73408,0.1004,0.0939053,0.0939053,-0.193596,0.0723829,0.120644,0.0,0.0,48.5866,50.315,0,0,1,0
639717906,0,1.34120932276,26.1000019654,0.0,0.0,48.9536,0.0,1.7617,0.111622,0.0691358,0.0691358,-0.197907,0.0720906,0.12047,0.0,0.0,48.5869,51.2352,0,0,1,0
639918571,0,1.34121284645,26.1000021545,0.0,0.0,48.9229,0.0,1.83114,0.101658,0.0913724,0.0913724,-0.204372,0.0726243,0.120721,0.0,0.0,48.5876,50.1478,0,0,1,0
640118593,0,1.34121586561,26.1000023459,0.0,0.0,48.9139,0.0,1.88374,0.0650273,0.0752466,0.0752466,-0.21007,0.0721961,0.120469,0.0,0.0,48.588,50.1478,0,0,1,0
640319084,0,1.34121864142,26.1000025153,0.0,0.0,48.869,0.0,1.88877,0.0487598,0.0921027,0.0921027,-0.215102,0.0723848,0.120579,0.0,0.0,48.5882,48.5589,0,0,1,0
640529343,0,1.34122258939,26.1000026978,0.0,0.0,48.8166,0.0,1.87403,0.00276288,0.222505,0.222505,-0.228933,0.0721812,0.130649,0.0,0.0,48.5888,50.5664,0,0,1,0
640729601,0,1.34122622033,26.1000026848,0.0,0.0,48.7695,0.0,1.87484,-0.00672319,0.346312,0.346312,-0.248755,0.0720876,0.130706,0.0,0.0,48.5894,51.1516,0,0,1,0
641741228,0,1.34123970765,26.1000030603,0.0,0.0,48.6404,0.0,2.02559,-0.0351091,0.0182989,0.0182989,-0.221174,0.123567,0.140306,0.0,0.0,48.5906,48.9769,0,0,1,0
641941482,0,1.34124015924,26.1000030636,0.0,0.0,48.6216,0.0,1.93927,-0.0608937,0.0324511,0.0324511,-0.220545,0.202154,0.130701,0.0,0.0,48.5907,49.8976,0,0,1,0
642141681,0,1.34123991708,26.1000030324,0.0,0.0,48.6188,0.0,1.84558,-0.0774921,0.0428905,0.0428905,-0.220753,0.214427,0.120453,0.0,0.0,48.5908,48.5589,0,0,1,0
642351888,0,1.34123999707,26.1000030244,0.0,0.0,48.6346,0.0,1.76443,-0.0782278,0.0217731,0.0217731,-0.220979,0.214521,0.130706,0.0,0.0,48.5908,47.9732,0,0,1,0
642552358,0,1.34123985246,26.100003038,0.0,0.0,48.6396,0.0,1.68283,-0.0778922,0.018535,0.018535,-0.220862,0.0141146,0.130782,0.0,0.0,48.5908,47.9732,0,0,1,0
642752785,0,1.34123977805,26.1000030475,0.0,0.0,48.6162,0.0,1.60636,-0.085056,0.031768,0.031768,-0.221125,0.0141146,0.130679,0.0,0.0,48.5909,48.3924,0,0,1,0
642952983,0,1.34123924892,26.100003067,0.0,0.0,48.6341,0.0,1.52384,-0.0982276,0.0406606,0.0406606,-0.221417,0.0140731,0.207496,0.0,0.0,48.5909,48.141,0,0,1,0
643153311,0,1.34123922198,26.1000030139,0.0,0.0,48.6217,0.0,1.45635,-0.0986583,0.0486562,0.0486562,-0.221273,0.0140731,0.311353,0.0,0.0,48.5908,48.6425,0,0,1,0
643353719,0,1.34123933772,26.1000030243,0.0,0.0,48.6394,0.0,1.39948,-0.0960731,-0.012986,-0.012986,-0.221353,0.0140733,0.201136,0.0,0.0,48.5908,48.8939,0,0,1,0
643563894,0,1.34123922839,26.1000030477,0.0,0.0,48.6251,0.0,1.32638,-0.0915783,-0.0241817,-0.0241817,-0.22143,0.014096,0.120537,0.0,0.0,48.5906,47.7225,0,0,1,0
643764451,0,1.34123833366,26.1000031217,0.0,0.0,48.6189,0.0,0.0494108,-0.00516072,-0.0239579,-0.0239579,-0.221556,0.158817,0.118651,0.0,0.0,48.5905,48.3924,0,0,1,0
