timestamp,timestamp_sample,control[0],control[1],control[2],control[3],control[4],control[5],control[6],control[7]
556395291,556391141,0.00237567,0.00323615,-0.0234824,0.0,0.0,0.0,0.0,-1.0
556499337,556495145,0.00369609,0.00709713,-0.0414694,0.0,0.0,0.0,0.0,-1.0
556599355,556595186,0.00493552,-0.00019013,0.0105048,0.0,0.0,0.0,0.0,-1.0
556704107,556699949,0.00216317,0.00618202,0.00216267,0.0,0.0,0.0,0.0,-1.0
556804102,556799976,0.00503709,-0.00490972,-0.0226766,0.0,0.0,0.0,0.0,-1.0
556908957,556903953,0.00491319,0.00433232,-0.0553631,0.0,0.0,0.0,0.0,-1.0
557009185,557004784,0.00687977,0.000537552,0.0149672,0.0,0.0,0.0,0.0,-1.0
557109902,557104751,0.000832331,0.00962125,0.00288371,0.0,0.0,0.0,0.0,-1.0
557209763,557204743,0.00400918,-0.0025129,-0.0390896,0.0,0.0,0.0,0.0,-1.0
557309980,557305541,0.0109228,0.0130281,0.0169373,0.0,0.0,0.0,0.0,-1.0
557413765,557409579,0.0123817,0.00583874,0.019886,0.0,0.0,0.0,0.0,-1.0
557513827,557509554,0.00194374,0.0114701,0.0326242,0.0,0.0,0.0,0.0,-1.0
557614520,557610368,0.00364303,0.00673577,0.0388014,0.0,0.0,0.0,0.0,-1.0
557718542,557714344,0.000229085,0.00773437,0.032127,0.0,0.0,0.0,0.0,-1.0
557818571,557814365,0.00422365,0.00938092,0.00802725,0.0,0.0,0.0,0.0,-1.0
557920384,557915171,0.00261562,-0.00521359,0.000147911,0.0,0.0,0.0,0.0,-1.0
558023341,558019168,-0.00344538,-0.00669323,-0.0404368,0.0,0.0,0.0,0.0,-1.0
558123332,558119152,0.00836893,-0.00443963,0.0269854,0.0,0.0,0.0,0.0,-1.0
558224143,558219942,0.00120027,0.00360301,-0.0126699,0.0,0.0,0.0,0.0,-1.0
558328129,558323951,0.00455035,0.0120239,0.00456768,0.0,0.0,0.0,0.0,-1.0
558428105,558423942,0.00231656,0.000502738,-0.0290626,0.0,0.0,0.0,0.0,-1.0
558532930,558528751,0.00067836,-0.0019418,-0.0170003,0.0,0.0,0.0,0.0,-1.0
558633013,558628750,0.00894589,0.00185899,0.0337568,0.0,0.0,0.0,0.0,-1.0
558736937,558732749,0.00782508,-0.00155813,0.0350617,0.0,0.0,0.0,0.0,-1.0
558837692,558833543,0.00443121,0.00368684,-0.0216546,0.0,0.0,0.0,0.0,-1.0
558942024,558937587,0.00526431,0.0102906,-0.00849324,0.0,0.0,0.0,0.0,-1.0
559042120,559037570,0.000135215,-0.00300656,-0.00623079,0.0,0.0,0.0,0.0,-1.0
559142531,559138388,0.00691192,0.0134308,0.029263,0.0,0.0,0.0,0.0,-1.0
559242525,559238368,0.00128679,0.00361198,-0.0469301,0.0,0.0,0.0,0.0,-1.0
559346529,559342342,2.40789e-05,0.0115008,-0.0230573,0.0,0.0,0.0,0.0,-1.0
559447386,559443155,0.00272176,0.00149257,0.00280823,0.0,0.0,0.0,0.0,-1.0
559547348,559543172,0.00686718,0.00542957,-0.00568304,0.0,0.0,0.0,0.0,-1.0
559651377,559647146,0.00570247,0.00132046,0.0118724,0.0,0.0,0.0,0.0,-1.0
559755343,559751162,0.0059966,0.00117146,0.00941893,0.0,0.0,0.0,0.0,-1.0
559856212,559851967,0.00352069,-0.00257028,-0.0470904,0.0,0.0,0.0,0.0,-1.0
559956120,559951983,0.00166418,-0.00188495,0.0485111,0.0,0.0,0.0,0.0,-1.0
560060130,560055944,0.00349661,0.00164822,0.0222012,0.0,0.0,0.0,0.0,-1.0
560160921,560156741,0.00455279,0.000968451,0.0347007,0.0,0.0,0.0,0.0,-1.0
560260946,560256749,0.00301499,0.00417424,-0.0242373,0.0,0.0,0.0,0.0,-1.0
560361751,560357579,0.00301572,0.00181509,0.00999575,0.0,0.0,0.0,0.0,-1.0
560465745,560461544,0.00365319,-0.00121625,-0.000921374,0.0,0.0,0.0,0.0,-1.0
560565721,560561579,0.00509664,0.012566,0.0323044,0.0,0.0,0.0,0.0,-1.0
560669694,560665570,0.00398337,0.00900224,0.0302709,0.0,0.0,0.0,0.0,-1.0
560770629,560766350,0.00254533,0.0116173,-0.0206263,0.0,0.0,0.0,0.0,-1.0
560870493,560866341,0.00341616,-0.00634174,-0.0200269,0.0,0.0,0.0,0.0,-1.0
560976293,560970342,0.0031379,0.00168434,-0.0133835,0.0,0.0,0.0,0.0,-1.0
561076377,561071146,0.00721378,0.00300034,0.0226694,0.0,0.0,0.0,0.0,-1.0
561179295,561175147,0.0058651,-0.0138064,-0.0134353,0.0,0.0,0.0,0.0,-1.0
561280100,561275950,0.0057017,0.00893814,-0.0211855,0.0,0.0,0.0,0.0,-1.0
561380163,561375967,-0.000396794,-0.00601299,0.0055864,0.0,0.0,0.0,0.0,-1.0
561484181,561479960,-0.00184192,0.00302908,-0.00238922,0.0,0.0,0.0,0.0,-1.0
561584140,561579954,0.00719957,0.000670043,-0.00355969,0.0,0.0,0.0,0.0,-1.0
561684980,561680741,0.00487241,0.0120572,-0.0298134,0.0,0.0,0.0,0.0,-1.0
561788940,561784754,0.00887649,0.0132077,-0.0131427,0.0,0.0,0.0,0.0,-1.0
561888919,561884748,-0.0031506,-0.000219073,0.0443942,0.0,0.0,0.0,0.0,-1.0
561989754,561985587,0.00652269,0.00803106,0.02673,0.0,0.0,0.0,0.0,-1.0
562093786,562089552,0.00241807,-0.000241041,0.0372799,0.0,0.0,0.0,0.0,-1.0
562193755,562189543,0.0101585,0.0103936,-0.0392238,0.0,0.0,0.0,0.0,-1.0
562294541,562290342,0.00471836,-0.00465965,-0.00330535,0.0,0.0,0.0,0.0,-1.0
562398506,562394342,0.00190379,-0.00623786,0.00855391,0.0,0.0,0.0,0.0,-1.0
562498523,562494342,0.00664501,0.00891349,0.0357275,0.0,0.0,0.0,0.0,-1.0
562599353,562595150,-0.00479161,-0.00669453,-0.067681,0.0,0.0,0.0,0.0,-1.0
562703381,562699170,-0.00213336,0.00609387,-0.0517265,0.0,0.0,0.0,0.0,-1.0
562803369,562799157,0.00814922,-0.0042439,0.0195451,0.0,0.0,0.0,0.0,-1.0
562904143,562899968,0.00466721,0.0119098,0.0033349,0.0,0.0,0.0,0.0,-1.0
563009290,563003944,0.00658748,0.00836735,-0.00997392,0.0,0.0,0.0,0.0,-1.0
563112217,563107993,0.00730041,0.00981304,0.0188988,0.0,0.0,0.0,0.0,-1.0
563212962,563208757,0.00249946,0.00441897,-0.0606295,0.0,0.0,0.0,0.0,-1.0
563312955,563308750,0.00126609,-1.04646e-05,0.0566752,0.0,0.0,0.0,0.0,-1.0
563416924,563412743,0.00128058,-0.0024239,0.0375117,0.0,0.0,0.0,0.0,-1.0
563517746,563513549,0.00118087,0.00851205,0.031691,0.0,0.0,0.0,0.0,-1.0
563617774,563613594,0.00333966,-0.00291592,-0.0325513,0.0,0.0,0.0,0.0,-1.0
563721785,563717557,0.00308795,0.00540847,-0.0656962,0.0,0.0,0.0,0.0,-1.0
563822638,563818360,0.00786783,0.00169996,-3.06417e-06,0.0,0.0,0.0,0.0,-1.0
563922570,563918344,0.00343687,0.00321109,0.00931312,0.0,0.0,0.0,0.0,-1.0
564026518,564022347,0.00513197,0.0046053,0.0248709,0.412014,0.0,0.0,0.0,-1.0
564127321,564123142,0.0084678,0.00838085,-0.0335458,0.426285,0.0,0.0,0.0,-1.0
564227332,564223171,0.0142423,0.00655465,-0.000884637,0.463326,0.0,0.0,0.0,-1.0
564327314,564323147,0.00503915,-0.00082569,0.00949277,0.504789,0.0,0.0,0.0,-1.0
564432134,564427964,0.0364698,0.04082,-0.0653396,0.557251,0.0,0.0,0.0,-1.0
564532101,564527961,-0.00405837,0.0588097,-0.0272531,0.584284,0.0,0.0,0.0,-1.0
564632150,564627985,-0.0570636,0.0585625,0.0215378,0.595581,0.0,0.0,0.0,-1.0
564736987,564732741,-0.0336447,0.0541042,0.0464573,0.598435,0.0,0.0,0.0,-1.0
564836954,564832742,0.0186474,0.0746467,-0.0425031,0.586888,0.0,0.0,0.0,-1.0
564936926,564932757,0.0267986,0.0844614,-0.0588838,0.594641,0.0,0.0,0.0,-1.0
565042244,565037542,-0.0130224,0.0592249,-0.0898898,0.596431,0.0,0.0,0.0,-1.0
565142440,565137541,-0.0265118,0.0522169,-0.0984943,0.602773,0.0,0.0,0.0,-1.0
565242630,565237560,-0.00274629,0.0535856,-0.0966996,0.609672,0.0,0.0,0.0,-1.0
565345701,565341576,-0.00330321,0.0362229,-0.0949036,0.599721,0.0,0.0,0.0,-1.0
565446543,565442343,-0.0364299,0.0324093,-0.0489379,0.604893,0.0,0.0,0.0,-1.0
565546547,565542374,0.00191044,0.0376847,0.00178644,0.611275,0.0,0.0,0.0,-1.0
565647363,565642342,0.0243625,0.0150044,0.0169165,0.604858,0.0,0.0,0.0,-1.0
565751429,565747162,0.0298837,0.0156204,0.00484673,0.610151,0.0,0.0,0.0,-1.0
565851439,565847172,0.00593412,0.0268702,-0.0209458,0.620085,0.0,0.0,0.0,-1.0
565956172,565951974,0.0275851,0.0323957,-0.0265872,0.619799,0.0,0.0,0.0,-1.0
566060168,566055979,0.00166625,0.0392723,-0.021129,0.620111,0.0,0.0,0.0,-1.0
566160102,566155947,-0.00752813,0.0430426,-0.0746114,0.619078,0.0,0.0,0.0,-1.0
566260897,566256742,-0.00390702,0.043538,-0.100245,0.613954,0.0,0.0,0.0,-1.0
566365236,566360744,0.00481787,0.0421852,-0.101562,0.611324,0.0,0.0,0.0,-1.0
566465458,566460764,-0.00615874,0.041585,-0.103327,0.612147,0.0,0.0,0.0,-1.0
566565690,566560782,-0.00653695,0.0387296,-0.0858891,0.609326,0.0,0.0,0.0,-1.0
566665939,566661551,-0.00282109,0.0396403,-0.0514876,0.612691,0.0,0.0,0.0,-1.0
566769719,566765547,0.00142014,0.0368124,-0.0338107,0.609118,0.0,0.0,0.0,-1.0
566869807,566865547,0.00430727,0.0371614,-0.0213404,0.61145,0.0,0.0,0.0,-1.0
566970621,566966376,0.00388208,0.0408174,0.00170463,0.570973,0.0,0.0,0.0,-1.0
567074604,567070344,-0.0159477,0.0422984,-0.0098475,0.581232,0.0,0.0,0.0,-1.0
567178543,567174365,-0.00291241,0.0384023,-0.0315371,0.594266,0.0,0.0,0.0,-1.0
567279385,567275181,-0.00566109,0.0408536,0.0017616,0.599163,0.0,0.0,0.0,-1.0
567379407,567375186,-0.0120529,0.0380695,-0.022851,0.600879,0.0,0.0,0.0,-1.0
567483330,567479141,-0.00500282,0.0390561,-0.0350086,0.605114,0.0,0.0,0.0,-1.0
567584140,567579944,-0.00170027,0.0442632,-0.0416864,0.606866,0.0,0.0,0.0,-1.0
567684121,567679941,-0.00610136,0.0414539,-0.0356555,0.605707,0.0,0.0,0.0,-1.0
567788112,567783942,-0.0106521,0.0438017,-0.0446881,0.607579,0.0,0.0,0.0,-1.0
567888969,567884747,-0.0165795,0.0373203,-0.0142878,0.60875,0.0,0.0,0.0,-1.0
567988924,567984776,-0.00834915,0.0417658,-0.00839437,0.589243,0.0,0.0,0.0,-1.0
568093033,568088758,-6.60189e-05,0.0407101,-0.014252,0.590439,0.0,0.0,0.0,-1.0
568193847,568189558,-0.00702885,0.0376323,0.0179514,0.592193,0.0,0.0,0.0,-1.0
568293725,568289596,-0.0130246,0.0423043,0.0271667,0.59491,0.0,0.0,0.0,-1.0
568397975,568393542,-0.000643756,0.0391438,0.0120214,0.599183,0.0,0.0,0.0,-1.0
568498577,568494347,0.00253619,0.0442134,0.0108834,0.60279,0.0,0.0,0.0,-1.0
568598699,568594342,0.000696925,0.044756,-0.0164117,0.604197,0.0,0.0,0.0,-1.0
568698768,568694344,-0.0408598,0.046344,-0.0112502,0.603147,0.0,0.0,0.0,-1.0
568799340,568795181,0.0163962,0.0482478,-0.010786,0.602333,0.0,0.0,0.0,-1.0
568899340,568895191,0.0124183,0.0450378,-0.00869557,0.604499,0.0,0.0,0.0,-1.0
569003374,568999141,-0.0254838,0.0478143,-0.0218515,0.601961,0.0,0.0,0.0,-1.0
569104134,569099941,-0.0195816,0.0433019,-0.0151617,0.582753,0.0,0.0,0.0,-1.0
569204147,569199943,0.00124938,0.0454785,0.0110083,0.585901,0.0,0.0,0.0,-1.0
569304176,569299960,0.0050679,0.0371284,0.0048918,0.594002,0.0,0.0,0.0,-1.0
569410577,569404749,5.44607e-05,0.0367824,-0.000100564,0.596634,0.0,0.0,0.0,-1.0
569512999,569508746,-0.00857991,0.0400194,-0.000541415,0.599847,0.0,0.0,0.0,-1.0
569612992,569608761,0.0250276,0.0397336,-0.00779144,0.60231,0.0,0.0,0.0,-1.0
569713828,569709587,0.0118761,0.0436652,-0.022801,0.597315,0.0,0.0,0.0,-1.0
569817723,569813541,0.00550418,0.0403062,-0.0387705,0.599186,0.0,0.0,0.0,-1.0
569917753,569913558,0.016386,0.0360331,-0.0605862,0.596593,0.0,0.0,0.0,-1.0
570018582,570014377,0.0030723,0.0399517,-0.0479201,0.599234,0.0,0.0,0.0,-1.0
570122524,570118349,-0.000307538,0.0484897,-0.0554843,0.598261,0.0,0.0,0.0,-1.0
570222503,570218342,0.00630432,0.0424378,-0.0710403,0.596243,0.0,0.0,0.0,-1.0
570323325,570319142,0.00614371,0.035018,-0.0633657,0.593754,0.0,0.0,0.0,-1.0
570427292,570423178,-0.00982321,0.0350391,-0.0628392,0.594257,0.0,0.0,0.0,-1.0
570527293,570523141,-0.016915,0.0345643,-0.0492229,0.596402,0.0,0.0,0.0,-1.0
570632237,570627942,-0.000377351,0.0365094,-0.0368125,0.599266,0.0,0.0,0.0,-1.0
570732275,570727941,-0.00687707,0.0465338,-0.00643044,0.599526,0.0,0.0,0.0,-1.0
570832292,570827974,-0.0168749,0.0509911,-0.0115292,0.600209,0.0,0.0,0.0,-1.0
570932966,570928741,-0.0111568,0.0489335,-0.0029996,0.60046,0.0,0.0,0.0,-1.0
571036918,571032742,-0.0065757,0.0505199,-0.000326842,0.599387,0.0,0.0,0.0,-1.0
571136942,571132742,-0.0177935,0.0487845,-0.0055048,0.598013,0.0,0.0,0.0,-1.0
571237837,571233561,-0.0178008,0.0447081,-0.0106817,0.599115,0.0,0.0,0.0,-1.0
571337733,571333548,0.00755615,0.0481331,-0.0244343,0.600635,0.0,0.0,0.0,-1.0
571441701,571437550,-0.0065077,0.0511998,-0.0101055,0.600108,0.0,0.0,0.0,-1.0
571541701,571537571,-0.00420069,0.0498003,-0.0289533,0.598405,0.0,0.0,0.0,-1.0
571643703,571638342,-0.0137446,0.040367,-0.00806017,0.599193,0.0,0.0,0.0,-1.0
571746549,571742373,-0.01445,0.0323167,-0.0179393,0.602493,0.0,0.0,0.0,-1.0
571846538,571842374,-0.0159537,0.0482482,-0.0145065,0.606526,0.0,0.0,0.0,-1.0
571947341,571943167,-0.00582728,0.0548897,-0.00203314,0.604608,0.0,0.0,0.0,-1.0
572051437,572047144,-0.00517394,0.0484273,-0.0018278,0.601092,0.0,0.0,0.0,-1.0
572151343,572147141,-0.0106038,0.0451759,0.0132746,0.598555,0.0,0.0,0.0,-1.0
572252207,572247977,-0.00835931,0.0546953,0.00849344,0.598492,0.0,0.0,0.0,-1.0
572356126,572351941,-0.00757916,0.0380564,-0.00785457,0.597355,0.0,0.0,0.0,-1.0
572456938,572452742,-0.000236516,0.0366632,-0.0210251,0.596925,0.0,0.0,0.0,-1.0
572556973,572552741,-0.00607915,0.037696,-0.0297124,0.599487,0.0,0.0,0.0,-1.0
572660904,572656747,-0.00716142,0.0428505,-0.037024,0.601243,0.0,0.0,0.0,-1.0
572760945,572756742,-0.0129137,0.0441981,-0.0470166,0.601109,0.0,0.0,0.0,-1.0
572861689,572857541,-0.00458024,0.0341942,-0.0730493,0.601037,0.0,0.0,0.0,-1.0
572966007,572961544,-0.00903255,0.0348344,-0.0632081,0.605144,0.0,0.0,0.0,-1.0
573066071,573061570,-0.0187492,0.0397836,-0.0730223,0.607565,0.0,0.0,0.0,-1.0
573166574,573162348,-0.015051,0.034791,-0.0837848,0.607815,0.0,0.0,0.0,-1.0
573266518,573262342,-0.0139564,0.0300571,-0.0775048,0.60894,0.0,0.0,0.0,-1.0
573371374,573367142,-0.0200607,0.0499334,-0.0902908,0.609772,0.0,0.0,0.0,-1.0
573471320,573467142,-0.0145718,0.0583898,-0.099103,0.607266,0.0,0.0,0.0,-1.0
573571360,573567173,-0.0158251,0.052533,-0.0768402,0.600424,0.0,0.0,0.0,-1.0
573675391,573671141,-0.0185661,0.0698861,-0.0795575,0.602017,0.0,0.0,0.0,-1.0
573776182,573771941,-0.00953744,0.0430972,-0.0884972,0.598201,0.0,0.0,0.0,-1.0
573876248,573871949,-0.0104068,0.0279582,-0.0634815,0.599976,0.0,0.0,0.0,-1.0
573980242,573976009,-0.0124525,0.0383142,-0.0698212,0.608993,0.0,0.0,0.0,-1.0
574081051,574076826,-0.00648801,0.045756,-0.0540977,0.610505,0.0,0.0,0.0,-1.0
574180926,574176759,-0.000128593,0.0464331,-0.0524259,0.608296,0.0,0.0,0.0,-1.0
574285029,574280744,-0.0123374,0.0371704,-0.0697572,0.603985,0.0,0.0,0.0,-1.0
574385732,574381541,0.000979006,0.0358916,-0.0684201,0.604889,0.0,0.0,0.0,-1.0
574485732,574481564,0.0225377,0.0392618,-0.074029,0.609089,0.0,0.0,0.0,-1.0
574585689,574581551,0.0258511,0.0425733,-0.0507321,0.610127,0.0,0.0,0.0,-1.0
574690527,574686344,-0.0039062,0.0369808,-0.0676028,0.60864,0.0,0.0,0.0,-1.0
574790526,574786343,0.00242256,0.0352614,-0.065284,0.610002,0.0,0.0,0.0,-1.0
574890573,574886383,0.020387,0.0334359,-0.0580434,0.611843,0.0,0.0,0.0,-1.0
574995328,574991170,0.0179201,0.0295139,-0.0483285,0.614496,0.0,0.0,0.0,-1.0
575095385,575091155,0.0136228,0.0322897,-0.0291803,0.619149,0.0,0.0,0.0,-1.0
575199552,575195191,0.00850422,0.0285905,-0.0348248,0.617454,0.0,0.0,0.0,-1.0
575300187,575295978,0.01255,0.024497,-0.0256839,0.6174,0.0,0.0,0.0,-1.0
575400099,575395975,-0.003608,0.0128846,-0.021268,0.620215,0.0,0.0,0.0,-1.0
575500101,575495947,0.0175246,0.0252754,-0.0179622,0.622528,0.0,0.0,0.0,-1.0
575600904,575596741,0.0181589,0.0359775,-0.0182014,0.620345,0.0,0.0,0.0,-1.0
575705058,575700742,0.00898213,0.0287405,-0.0224782,0.616713,0.0,0.0,0.0,-1.0
575804984,575800743,0.0117215,0.0356159,-0.0232408,0.615365,0.0,0.0,0.0,-1.0
575905091,575900780,0.00723423,0.0311219,-0.00599646,0.618186,0.0,0.0,0.0,-1.0
576010907,576005542,0.00292602,0.0334514,-0.0176529,0.61809,0.0,0.0,0.0,-1.0
576109737,576105541,0.00716081,0.0357154,-0.0118847,0.611366,0.0,0.0,0.0,-1.0
576211540,576206348,0.0131729,0.0348672,0.00402183,0.579656,0.0,0.0,0.0,-1.0
576314586,576310342,0.00546369,0.0390702,-0.00356216,0.591977,0.0,0.0,0.0,-1.0
576414565,576410361,-0.00345359,0.0360335,0.00296318,0.601073,0.0,0.0,0.0,-1.0
576515402,576510359,0.00551109,0.0371214,0.000875651,0.605512,0.0,0.0,0.0,-1.0
576619341,576615148,0.00754704,0.047192,-0.0116273,0.609392,0.0,0.0,0.0,-1.0
576719295,576715184,0.0127103,0.0444418,-0.00863155,0.610783,0.0,0.0,0.0,-1.0
576820100,576815184,0.00270738,0.0474033,-0.00253694,0.610299,0.0,0.0,0.0,-1.0
576920137,576915960,0.00207063,0.0393148,0.000536412,0.611615,0.0,0.0,0.0,-1.0
577024173,577019950,0.00414716,0.0391365,0.0118324,0.616162,0.0,0.0,0.0,-1.0
577125015,577120762,0.00806027,0.0575327,0.0122349,0.619643,0.0,0.0,0.0,-1.0
577225016,577220789,0.0297039,0.0608263,0.00511696,0.615658,0.0,0.0,0.0,-1.0
577328908,577324744,0.0152218,0.0627148,-0.0024534,0.613942,0.0,0.0,0.0,-1.0
577429695,577425542,0.00241207,0.053219,-0.00396061,0.609764,0.0,0.0,0.0,-1.0
577529788,577525542,0.0087325,0.0550916,-0.0244157,0.611691,0.0,0.0,0.0,-1.0
577633729,577629547,0.0015671,0.0513751,-0.0383558,0.619114,0.0,0.0,0.0,-1.0
577733830,577729542,1.20141e-05,0.050862,-0.0409083,0.620737,0.0,0.0,0.0,-1.0
577834507,577830344,0.00598209,0.0518889,-0.0296431,0.616887,0.0,0.0,0.0,-1.0
577938539,577934369,-0.0012608,0.0488701,-0.0444911,0.6179,0.0,0.0,0.0,-1.0
578038595,578034365,-0.000551986,0.0438583,-0.0640407,0.620493,0.0,0.0,0.0,-1.0
578139446,578135185,-0.0103728,0.0421622,-0.050995,0.622183,0.0,0.0,0.0,-1.0
578244411,578239146,-0.0101947,0.0350876,-0.0638043,0.637057,0.0,0.0,0.0,-1.0
578348182,578343999,-0.00973133,0.0414507,-0.0538362,0.639054,0.0,0.0,0.0,-1.0
578448131,578443941,-0.00676237,0.0458565,-0.0284745,0.659498,0.0,0.0,0.0,-1.0
578548139,578543941,0.000776417,0.0391799,-0.0349103,0.642699,0.0,0.0,0.0,-1.0
578652128,578647942,0.00602627,0.0323419,-0.0386634,0.630804,0.0,0.0,0.0,-1.0
578752928,578748754,-0.0066557,0.0305114,-0.0647637,0.626337,0.0,0.0,0.0,-1.0
578852970,578848786,-0.00364411,0.0357601,-0.0857816,0.615383,0.0,0.0,0.0,-1.0
578956959,578952744,-0.00157487,0.0289874,-0.089956,0.597564,0.0,0.0,0.0,-1.0
579057804,579053544,0.0021932,0.0371005,-0.105621,0.576771,0.0,0.0,0.0,-1.0
579157772,579153560,0.0181268,0.0444906,-0.129644,0.585646,0.0,0.0,0.0,-1.0
579261737,579257577,0.0201396,0.0383497,-0.105308,0.591309,0.0,0.0,0.0,-1.0
579362578,579358388,0.00697001,0.0348175,-0.110505,0.597004,0.0,0.0,0.0,-1.0
579462505,579458341,0.0147434,0.0329948,-0.125739,0.601305,0.0,0.0,0.0,-1.0
579566791,579562354,0.0237759,0.0435431,-0.115161,0.606679,0.0,0.0,0.0,-1.0
579667335,579663171,0.0136802,0.0444995,-0.119257,0.606918,0.0,0.0,0.0,-1.0
579767468,579763171,0.0101916,0.0503414,-0.0992969,0.606375,0.0,0.0,0.0,-1.0
579867516,579863146,0.00918846,0.0409231,-0.104991,0.604488,0.0,0.0,0.0,-1.0
579972103,579967941,0.0114608,0.036876,-0.107304,0.602545,0.0,0.0,0.0,-1.0
580072130,580067945,0.0155648,0.0361199,-0.112188,0.603631,0.0,0.0,0.0,-1.0
580172182,580167973,0.0131604,0.040123,-0.0829427,0.605317,0.0,0.0,0.0,-1.0
580277942,580272743,0.0069561,0.0451032,-0.0820431,0.609777,0.0,0.0,0.0,-1.0
580378551,580372744,-0.00387417,0.0487052,-0.0730191,0.610837,0.0,0.0,0.0,-1.0
580478696,580472742,0.00162538,0.0433386,-0.044988,0.609178,0.0,0.0,0.0,-1.0
580578099,580573562,0.0166195,0.0367023,-0.0183099,0.608741,0.0,0.0,0.0,-1.0
580681756,580677542,0.0082184,0.0312428,0.00232423,0.610822,0.0,0.0,0.0,-1.0
580781786,580777574,0.00735566,0.0336197,0.0173588,0.60865,0.0,0.0,0.0,-1.0
580882506,580878342,0.0146731,0.0359375,-0.00466602,0.609621,0.0,0.0,0.0,-1.0
580986530,580982342,0.0110487,0.0401665,0.000950259,0.608988,0.0,0.0,0.0,-1.0
581086525,581082394,0.00615836,0.0374166,0.00549859,0.612309,0.0,0.0,0.0,-1.0
581187338,581183198,0.00823375,0.0378713,0.0142889,0.615131,0.0,0.0,0.0,-1.0
581291433,581287173,0.00897237,0.0417647,0.0376009,0.619939,0.0,0.0,0.0,-1.0
581391418,581387141,0.0145328,0.0449457,0.0357134,0.619641,0.0,0.0,0.0,-1.0
581492237,581487950,0.0170711,0.0488736,0.0572502,0.616957,0.0,0.0,0.0,-1.0
581596096,581591947,0.0113517,0.0468627,0.0483085,0.616903,0.0,0.0,0.0,-1.0
581696135,581691962,0.0208679,0.0363375,0.0716499,0.617108,0.0,0.0,0.0,-1.0
581796939,581792746,0.0186794,0.0329275,0.0762588,0.613511,0.0,0.0,0.0,-1.0
581900999,581896752,0.00383061,0.0356347,0.0647941,0.616896,0.0,0.0,0.0,-1.0
582000911,581996742,0.0101827,0.0369953,0.0482262,0.61954,0.0,0.0,0.0,-1.0
582101697,582097542,0.00826259,0.0397632,0.0586651,0.616372,0.0,0.0,0.0,-1.0
582201764,582197574,0.015001,0.0418818,0.0718422,0.610717,0.0,0.0,0.0,-1.0
582305869,582301569,0.0148954,0.0424063,0.0640445,0.611695,0.0,0.0,0.0,-1.0
582406561,582402361,0.0203445,0.0417943,0.0769064,0.61427,0.0,0.0,0.0,-1.0
582510945,582506342,0.00911192,0.0366819,0.0879976,0.612778,0.0,0.0,0.0,-1.0
582611205,582606342,0.00978685,0.038251,0.111609,0.613439,0.0,0.0,0.0,-1.0
582711345,582706342,0.00937481,0.0423103,0.113053,0.616399,0.0,0.0,0.0,-1.0
582811496,582807146,0.0268946,0.0439829,0.113149,0.615044,0.0,0.0,0.0,-1.0
582915390,582911177,0.0248301,0.0445799,0.0992474,0.61732,0.0,0.0,0.0,-1.0
583016109,583011171,0.0245002,0.0399215,0.107621,0.618859,0.0,0.0,0.0,-1.0
583116122,583111947,0.0143242,0.0366294,0.107967,0.619285,0.0,0.0,0.0,-1.0
583220237,583216008,0.0136995,0.035475,0.110842,0.620735,0.0,0.0,0.0,-1.0
583321061,583316802,0.0196739,0.0292112,0.0877941,0.618878,0.0,0.0,0.0,-1.0
583420912,583416742,0.027953,0.0291101,0.082402,0.617304,0.0,0.0,0.0,-1.0
583525022,583520749,0.0291343,0.0301913,0.0894707,0.620139,0.0,0.0,0.0,-1.0
583625777,583621542,0.0175359,0.0310474,0.0696057,0.62285,0.0,0.0,0.0,-1.0
583725751,583721571,0.0255703,0.0309769,0.0680123,0.622002,0.0,0.0,0.0,-1.0
583825692,583821568,0.0207709,0.0370383,0.0627455,0.620213,0.0,0.0,0.0,-1.0
583929698,583925541,0.0188089,0.041152,0.0701639,0.619966,0.0,0.0,0.0,-1.0
584030531,584026342,0.0117403,0.0334025,0.0790272,0.61988,0.0,0.0,0.0,-1.0
584134581,584130347,0.0239661,0.0377839,0.0765226,0.623857,0.0,0.0,0.0,-1.0
584234598,584230379,0.00879531,0.0453917,0.0905822,0.626594,0.0,0.0,0.0,-1.0
584335438,584331186,-7.24311e-05,0.0530928,0.104185,0.625964,0.0,0.0,0.0,-1.0
584435388,584431177,-0.0023994,0.0560884,0.0981262,0.624211,0.0,0.0,0.0,-1.0
584539393,584535174,-2.20602e-05,0.0521587,0.0900946,0.621882,0.0,0.0,0.0,-1.0
584640194,584635961,0.00825941,0.0494786,0.0923747,0.616886,0.0,0.0,0.0,-1.0
584740107,584735947,0.00459097,0.0464231,0.0782058,0.615077,0.0,0.0,0.0,-1.0
584844897,584839947,-0.00243587,0.0360246,0.0817333,0.616093,0.0,0.0,0.0,-1.0
584945297,584940749,-0.004649,0.0386285,0.0709314,0.617137,0.0,0.0,0.0,-1.0
585045628,585040748,-0.00334393,0.0375855,0.0721977,0.61782,0.0,0.0,0.0,-1.0
585145963,585140770,0.00196141,0.0347643,0.0583209,0.61835,0.0,0.0,0.0,-1.0
585249708,585245542,-0.00419685,0.0388259,0.0513964,0.618396,0.0,0.0,0.0,-1.0
585349740,585345542,-0.00175979,0.0397707,0.0742577,0.61835,0.0,0.0,0.0,-1.0
585449699,585445542,0.00352774,0.046281,0.0500982,0.618887,0.0,0.0,0.0,-1.0
585554525,585550391,0.0137705,0.0370858,0.0440287,0.619072,0.0,0.0,0.0,-1.0
585654552,585650358,0.0173722,0.0439211,0.0634495,0.618511,0.0,0.0,0.0,-1.0
585754542,585750347,0.011934,0.0396481,0.0581891,0.62147,0.0,0.0,0.0,-1.0
585859383,585855171,0.0150573,0.0308129,0.0648917,0.619059,0.0,0.0,0.0,-1.0
585959347,585955164,-0.00311317,0.0340078,0.0719083,0.619908,0.0,0.0,0.0,-1.0
586059337,586055212,-0.00367247,0.0399503,0.0631719,0.622099,0.0,0.0,0.0,-1.0
586160142,586155971,0.00889819,0.03436,0.0613949,0.62333,0.0,0.0,0.0,-1.0
586264158,586259969,0.0231131,0.0437197,0.0622305,0.623127,0.0,0.0,0.0,-1.0
586364129,586359984,0.0104767,0.051317,0.0480583,0.620366,0.0,0.0,0.0,-1.0
586465001,586460742,0.0116652,0.0487009,0.0599081,0.620441,0.0,0.0,0.0,-1.0
586568909,586564742,0.00948982,0.0518484,0.0594374,0.648495,0.0,0.0,0.0,-1.0
586669121,586664742,0.00625372,0.047979,0.0467968,0.636802,0.0,0.0,0.0,-1.0
586769792,586765544,0.0129738,0.0425862,0.0575056,0.628656,0.0,0.0,0.0,-1.0
586873744,586869557,0.00179131,0.0379554,0.0480532,0.626813,0.0,0.0,0.0,-1.0
586973732,586969548,0.00874235,0.0337804,0.0507085,0.628904,0.0,0.0,0.0,-1.0
587073756,587069579,0.014419,0.0339158,0.0415491,0.62852,0.0,0.0,0.0,-1.0
587180175,587174350,0.0263395,0.0388307,0.0394992,0.608723,0.0,0.0,0.0,-1.0
587282512,587278351,0.0254067,0.0404034,0.0352579,0.6099,0.0,0.0,0.0,-1.0
587383330,587379148,0.0221337,0.0406739,0.0517099,0.611181,0.0,0.0,0.0,-1.0
587483448,587479193,0.0111999,0.0246698,0.0588254,0.614662,0.0,0.0,0.0,-1.0
587587376,587583164,0.017497,0.0327224,0.0450303,0.615955,0.0,0.0,0.0,-1.0
587688133,587683978,0.0201988,0.0339265,0.0570303,0.616331,0.0,0.0,0.0,-1.0
587788137,587783944,0.012708,0.0404959,0.0500156,0.620224,0.0,0.0,0.0,-1.0
587892190,587887941,0.0261639,0.038356,0.0458828,0.618746,0.0,0.0,0.0,-1.0
587993006,587988744,0.0153888,0.0375974,0.0623427,0.616214,0.0,0.0,0.0,-1.0
588092932,588088748,0.00588674,0.0287539,0.0538999,0.615301,0.0,0.0,0.0,-1.0
588196926,588192743,0.00681063,0.0270664,0.068755,0.616884,0.0,0.0,0.0,-1.0
588297710,588293541,0.0112921,0.0261818,0.0722722,0.618745,0.0,0.0,0.0,-1.0
588401707,588397575,0.0112386,0.0279952,0.0773417,0.617856,0.0,0.0,0.0,-1.0
588501905,588497574,0.00993251,0.0306085,0.0879164,0.618045,0.0,0.0,0.0,-1.0
588602539,588598381,0.00418013,0.0318857,0.10175,0.618431,0.0,0.0,0.0,-1.0
588702665,588698344,0.00385298,0.0289098,0.12307,0.61752,0.0,0.0,0.0,-1.0
588806576,588802352,0.00597378,0.0290033,0.124187,0.617814,0.0,0.0,0.0,-1.0
588906541,588902342,0.0171959,0.0363042,0.1325,0.618266,0.0,0.0,0.0,-1.0
589007292,589003164,0.0120972,0.0469405,0.134593,0.619325,0.0,0.0,0.0,-1.0
589107294,589103143,-0.000165117,0.0351946,0.150129,0.614879,0.0,0.0,0.0,-1.0
589211323,589207145,0.003099,0.0299999,0.150657,0.613724,0.0,0.0,0.0,-1.0
589313134,589307942,-0.00133685,0.0302108,0.146603,0.615934,0.0,0.0,0.0,-1.0
589413236,589407965,0.00779392,0.0343505,0.155498,0.620797,0.0,0.0,0.0,-1.0
589513275,589508770,0.00502081,0.0431267,0.154049,0.621787,0.0,0.0,0.0,-1.0
589613654,589608776,0.0101071,0.050439,0.131225,0.621294,0.0,0.0,0.0,-1.0
589713602,589708747,0.00292201,0.0418151,0.142591,0.615145,0.0,0.0,0.0,-1.0
589816937,589812757,-0.00436701,0.0346307,0.112668,0.611592,0.0,0.0,0.0,-1.0
589917720,589913542,-0.00597746,0.0249318,0.117591,0.614804,0.0,0.0,0.0,-1.0
590017749,590013563,0.00293246,0.0318845,0.10684,0.614433,0.0,0.0,0.0,-1.0
590122507,590117541,0.0102222,0.0307019,0.120695,0.61572,0.0,0.0,0.0,-1.0
590222515,590218349,0.00235191,0.0293593,0.1211,0.617284,0.0,0.0,0.0,-1.0
590322535,590318347,0.0135955,0.0390084,0.108667,0.617306,0.0,0.0,0.0,-1.0
590426533,590422342,0.0136538,0.0387434,0.101241,0.617501,0.0,0.0,0.0,-1.0
590527295,590523141,0.0110474,0.0411431,0.0940808,0.616563,0.0,0.0,0.0,-1.0
590627292,590623145,0.0102146,0.0347455,0.073864,0.612899,0.0,0.0,0.0,-1.0
590731376,590727151,0.00899628,0.0278689,0.0692263,0.612511,0.0,0.0,0.0,-1.0
590832140,590827956,0.00382541,0.0351864,0.0706699,0.617202,0.0,0.0,0.0,-1.0
590932203,590927981,0.000112693,0.0404619,0.0738093,0.61756,0.0,0.0,0.0,-1.0
591036514,591031942,0.00853724,0.040936,0.0592569,0.614237,0.0,0.0,0.0,-1.0
591136980,591132744,0.00381371,0.0377347,0.0459658,0.608192,0.0,0.0,0.0,-1.0
591236953,591232782,0.0011481,0.042903,0.0570573,0.606606,0.0,0.0,0.0,-1.0
591336949,591332742,-0.00497097,0.0350268,0.0564279,0.607028,0.0,0.0,0.0,-1.0
591441739,591437581,-0.00493811,0.0326922,0.0592163,0.604395,0.0,0.0,0.0,-1.0
591541734,591537551,-0.00761649,0.0297893,0.0541375,0.60317,0.0,0.0,0.0,-1.0
591641823,591637545,-0.00149043,0.0362137,0.0531693,0.597813,0.0,0.0,0.0,-1.0
591746964,591742351,0.00368558,0.0403931,0.0653022,0.603462,0.0,0.0,0.0,-1.0
591847208,591842382,-0.00367023,0.0365983,0.0501597,0.608195,0.0,0.0,0.0,-1.0
591947477,591942344,-0.011858,0.0443212,0.0576286,0.610475,0.0,0.0,0.0,-1.0
592047622,592043142,-0.00696201,0.0449825,0.0700183,0.610975,0.0,0.0,0.0,-1.0
592151356,592147142,-0.000691088,0.0439405,0.0622945,0.61224,0.0,0.0,0.0,-1.0
592251462,592247174,0.00110892,0.0458885,0.0599428,0.610282,0.0,0.0,0.0,-1.0
592352185,592347977,-0.00135726,0.0420298,0.0740948,0.611352,0.0,0.0,0.0,-1.0
592456204,592451944,0.00467999,0.0411089,0.0789436,0.611102,0.0,0.0,0.0,-1.0
592556123,592551944,-0.000526564,0.0419276,0.0849247,0.612191,0.0,0.0,0.0,-1.0
592656912,592652742,-0.00428224,0.038406,0.0925201,0.611867,0.0,0.0,0.0,-1.0
592760951,592756742,0.0127727,0.0388158,0.0892471,0.612205,0.0,0.0,0.0,-1.0
592860899,592856741,0.0145322,0.0389459,0.0960018,0.614197,0.0,0.0,0.0,-1.0
592961706,592956741,0.014034,0.0350463,0.0989284,0.616711,0.0,0.0,0.0,-1.0
593065731,593061577,0.00562968,0.0352693,0.0966716,0.617833,0.0,0.0,0.0,-1.0
593165726,593161616,0.00354015,0.0290316,0.0977187,0.618508,0.0,0.0,0.0,-1.0
593266532,593262412,0.0029932,0.0332437,0.0977763,0.618788,0.0,0.0,0.0,-1.0
593370612,593366373,0.0101629,0.0370005,0.0919369,0.621776,0.0,0.0,0.0,-1.0
593470681,593466342,0.00571802,0.041241,0.0676639,0.623616,0.0,0.0,0.0,-1.0
593570747,593566354,0.00322352,0.0396081,0.0568166,0.622299,0.0,0.0,0.0,-1.0
593671435,593667170,0.0200769,0.0316937,0.0346321,0.620657,0.0,0.0,0.0,-1.0
593775326,593771173,0.0136585,0.0250656,0.0172716,0.618794,0.0,0.0,0.0,-1.0
593875393,593871149,0.0185563,0.0365827,-0.00388758,0.618333,0.0,0.0,0.0,-1.0
593976196,593971943,0.00812198,0.0364509,0.0228815,0.617402,0.0,0.0,0.0,-1.0
594080096,594075942,0.00287671,0.0360273,0.00949912,0.618291,0.0,0.0,0.0,-1.0
594181699,594176741,0.0260868,0.0463508,-0.0198287,0.620823,0.0,0.0,0.0,-1.0
594282001,594276776,0.0225255,0.0416337,-0.0153872,0.617709,0.0,0.0,0.0,-1.0
594385087,594380774,0.0104559,0.0347341,-0.0283289,0.612525,0.0,0.0,0.0,-1.0
594484984,594480761,0.011473,0.0239986,-0.0501175,0.613928,0.0,0.0,0.0,-1.0
594585696,594581554,0.015346,0.0262689,-0.0604383,0.619972,0.0,0.0,0.0,-1.0
594689743,594685542,0.0102039,0.0382693,-0.075731,0.624493,0.0,0.0,0.0,-1.0
594789728,594785541,0.00710841,0.0454146,-0.0807143,0.624245,0.0,0.0,0.0,-1.0
594890532,594886342,-0.000814135,0.0484604,-0.0742187,0.620188,0.0,0.0,0.0,-1.0
594994560,594990342,0.00438358,0.0463732,-0.0917261,0.617658,0.0,0.0,0.0,-1.0
595094627,595090342,-0.00515523,0.0453852,-0.0812106,0.618146,0.0,0.0,0.0,-1.0
595195407,595191170,-0.0096675,0.0482182,-0.0913489,0.619509,0.0,0.0,0.0,-1.0
595295389,595291146,0.000242247,0.0415882,-0.116132,0.618156,0.0,0.0,0.0,-1.0
595399338,595395141,0.00586217,0.0331852,-0.119449,0.617513,0.0,0.0,0.0,-1.0
595500125,595495941,0.00965804,0.0352951,-0.102747,0.616486,0.0,0.0,0.0,-1.0
595604456,595599947,0.00130591,0.0348773,-0.112275,0.616551,0.0,0.0,0.0,-1.0
595708106,595703942,-0.0145871,0.0411244,-0.0828802,0.617755,0.0,0.0,0.0,-1.0
595808889,595804742,-0.0102686,0.0441369,-0.0924399,0.618465,0.0,0.0,0.0,-1.0
595908910,595904756,-0.00231705,0.0460991,-0.0991389,0.616386,0.0,0.0,0.0,-1.0
596013008,596008781,-0.0045506,0.0417935,-0.0948177,0.612855,0.0,0.0,0.0,-1.0
596114753,596109562,-0.00978503,0.033076,-0.0941222,0.610226,0.0,0.0,0.0,-1.0
596213738,596209542,-0.00450287,0.0327772,-0.0878519,0.613088,0.0,0.0,0.0,-1.0
596313785,596309577,-0.00405564,0.0336124,-0.0731764,0.613548,0.0,0.0,0.0,-1.0
596418523,596414369,-0.00149264,0.0363752,-0.102514,0.616306,0.0,0.0,0.0,-1.0
596518593,596514344,0.000167564,0.0375748,-0.088013,0.615807,0.0,0.0,0.0,-1.0
596618541,596614363,0.00606393,0.0328326,-0.0748957,0.613931,0.0,0.0,0.0,-1.0
596723331,596719141,0.00337631,0.0303996,-0.0608581,0.614564,0.0,0.0,0.0,-1.0
596823336,596819141,-0.00384302,0.0314891,-0.0621448,0.618705,0.0,0.0,0.0,-1.0
596923336,596919166,0.00284734,0.0437486,-0.0820223,0.623419,0.0,0.0,0.0,-1.0
597024131,597019942,-0.00405334,0.0514546,-0.0825322,0.624572,0.0,0.0,0.0,-1.0
597128168,597123942,0.0101331,0.0506574,-0.0901552,0.620559,0.0,0.0,0.0,-1.0
597228105,597223978,0.0149287,0.0398185,-0.103377,0.617659,0.0,0.0,0.0,-1.0
597328918,597324744,0.0197437,0.033584,-0.130698,0.61685,0.0,0.0,0.0,-1.0
597432971,597428768,0.0149112,0.0293485,-0.118043,0.619167,0.0,0.0,0.0,-1.0
597532928,597528782,0.013679,0.0377532,-0.140483,0.621901,0.0,0.0,0.0,-1.0
597637732,597633589,0.00889992,0.0503782,-0.147879,0.623881,0.0,0.0,0.0,-1.0
597737820,597733551,0.0124373,0.0488785,-0.158244,0.622749,0.0,0.0,0.0,-1.0
597837966,597833552,0.0221156,0.0446566,-0.148931,0.620069,0.0,0.0,0.0,-1.0
597938531,597934359,0.0211218,0.0388042,-0.139706,0.618287,0.0,0.0,0.0,-1.0
598042502,598038343,0.0108588,0.0399634,-0.157135,0.61958,0.0,0.0,0.0,-1.0
598142511,598138344,0.00787446,0.0382705,-0.146725,0.617352,0.0,0.0,0.0,-1.0
598243333,598239147,0.0118277,0.0510355,-0.132841,0.618251,0.0,0.0,0.0,-1.0
598347326,598343181,0.00906242,0.0524762,-0.135103,0.615215,0.0,0.0,0.0,-1.0
598451343,598447159,0.0178753,0.0487927,-0.15324,0.611073,0.0,0.0,0.0,-1.0
598552129,598547942,0.0199031,0.0498184,-0.154423,0.612226,0.0,0.0,0.0,-1.0
598652209,598647942,0.0172832,0.0493345,-0.142363,0.610897,0.0,0.0,0.0,-1.0
598756258,598751942,0.0108409,0.0464735,-0.131264,0.609608,0.0,0.0,0.0,-1.0
598857005,598852747,0.0173525,0.0445392,-0.130518,0.610409,0.0,0.0,0.0,-1.0
598956960,598952744,0.0250429,0.0431177,-0.122542,0.6115,0.0,0.0,0.0,-1.0
599060999,599056775,0.0241129,0.0489875,-0.129107,0.610656,0.0,0.0,0.0,-1.0
599161708,599157568,0.0146525,0.0508128,-0.114534,0.611525,0.0,0.0,0.0,-1.0
599261750,599257576,0.00917804,0.0597167,-0.114605,0.612076,0.0,0.0,0.0,-1.0
599365725,599361550,0.00930907,0.0589298,-0.121302,0.616788,0.0,0.0,0.0,-1.0
599466549,599462343,0.0250304,0.0601223,-0.12037,0.614673,0.0,0.0,0.0,-1.0
599566569,599562386,0.0196239,0.0610647,-0.136303,0.612018,0.0,0.0,0.0,-1.0
599670960,599666356,0.018336,0.0572457,-0.118412,0.61098,0.0,0.0,0.0,-1.0
599771368,599767183,0.0206987,0.0504541,-0.137637,0.609597,0.0,0.0,0.0,-1.0
599871394,599867152,0.00318997,0.0533388,-0.106663,0.613109,0.0,0.0,0.0,-1.0
599971518,599967158,0.0159631,0.0577682,-0.11488,0.616426,0.0,0.0,0.0,-1.0
600076128,600071945,0.0230105,0.0650809,-0.0968584,0.616845,0.0,0.0,0.0,-1.0
600176163,600171948,0.00684945,0.0655751,-0.0902699,0.612086,0.0,0.0,0.0,-1.0
600276191,600271946,0.00599358,0.0541147,-0.0552596,0.611385,0.0,0.0,0.0,-1.0
600382059,600376794,0.0172699,0.0463012,-0.0458065,0.613606,0.0,0.0,0.0,-1.0
600481017,600476767,0.031424,0.0523906,-0.0430595,0.614146,0.0,0.0,0.0,-1.0
600580963,600576782,0.0229463,0.0555207,-0.0378534,0.61736,0.0,0.0,0.0,-1.0
600685069,600680757,0.0174918,0.0560985,-0.0407434,0.614592,0.0,0.0,0.0,-1.0
600785842,600781556,0.0186498,0.0475843,-0.0589243,0.613666,0.0,0.0,0.0,-1.0
600885797,600881545,0.0136279,0.0474984,-0.0260468,0.613733,0.0,0.0,0.0,-1.0
600989784,600985549,0.00126936,0.0518136,-0.0325952,0.614638,0.0,0.0,0.0,-1.0
601090511,601086347,0.00640846,0.0532405,-0.04561,0.615908,0.0,0.0,0.0,-1.0
601190505,601186347,0.0143879,0.0481169,-0.0303704,0.614178,0.0,0.0,0.0,-1.0
601294503,601290341,0.0150441,0.047936,-0.0378191,0.616397,0.0,0.0,0.0,-1.0
601395347,601391146,0.000527923,0.0430555,-0.042453,0.616697,0.0,0.0,0.0,-1.0
601495317,601491146,0.00735277,0.050074,-0.0309705,0.615283,0.0,0.0,0.0,-1.0
601595364,601591148,-0.00399552,0.0508537,-0.0441036,0.617918,0.0,0.0,0.0,-1.0
601700215,601695998,-0.006604,0.0578256,-0.0644932,0.618073,0.0,0.0,0.0,-1.0
601800223,601795974,0.00622501,0.0514071,-0.0529338,0.612423,0.0,0.0,0.0,-1.0
601904668,601899956,0.00110057,0.0437376,-0.0487302,0.613469,0.0,0.0,0.0,-1.0
602005229,602000742,-0.0118661,0.0495387,-0.060452,0.616523,0.0,0.0,0.0,-1.0
602105309,602100741,-0.0113139,0.0526713,-0.0463209,0.61878,0.0,0.0,0.0,-1.0
602205759,602200756,-0.0109291,0.0499609,-0.0487981,0.620805,0.0,0.0,0.0,-1.0
602306272,602301598,-0.0103957,0.0519739,-0.0405635,0.620681,0.0,0.0,0.0,-1.0
602406156,602401574,-0.00441253,0.0449473,-0.0400521,0.622193,0.0,0.0,0.0,-1.0
602505920,602501575,-0.0123272,0.048223,-0.0534058,0.621904,0.0,0.0,0.0,-1.0
602610581,602606349,-0.0101141,0.0523816,-0.0462948,0.625115,0.0,0.0,0.0,-1.0
602710561,602706342,-0.00812823,0.0608523,-0.051133,0.628794,0.0,0.0,0.0,-1.0
602810539,602806347,-0.00579051,0.0594475,-0.0462269,0.628692,0.0,0.0,0.0,-1.0
602911401,602907173,0.00517908,0.0488329,-0.0374445,0.623231,0.0,0.0,0.0,-1.0
603015324,603011146,0.0165925,0.0363521,-0.0317313,0.620482,0.0,0.0,0.0,-1.0
603115298,603111171,0.00475055,0.0424883,-0.0259689,0.625103,0.0,0.0,0.0,-1.0
603216938,603211942,-0.00385686,0.0494631,-0.0218577,0.629546,0.0,0.0,0.0,-1.0
603320107,603315956,-8.54736e-05,0.0596411,-0.00433748,0.62585,0.0,0.0,0.0,-1.0
603420137,603415996,-0.00836579,0.0525039,0.00204038,0.625535,0.0,0.0,0.0,-1.0
603520936,603516742,-0.0153533,0.0437009,-0.0146348,0.625944,0.0,0.0,0.0,-1.0
603625034,603620750,-0.00475987,0.0332373,0.0040581,0.623504,0.0,0.0,0.0,-1.0
603725070,603720770,0.0050634,0.0409588,0.0107521,0.626008,0.0,0.0,0.0,-1.0
603825689,603821544,0.00465239,0.0455306,0.00556963,0.62769,0.0,0.0,0.0,-1.0
603929776,603925547,-0.000478504,0.0436822,0.0144998,0.62901,0.0,0.0,0.0,-1.0
604029723,604025547,0.00653456,0.0424876,0.0156171,0.628118,0.0,0.0,0.0,-1.0
604130517,604126342,0.00603906,0.0486151,0.0189398,0.629324,0.0,0.0,0.0,-1.0
604234506,604230341,-0.00251551,0.0511994,0.0332213,0.629676,0.0,0.0,0.0,-1.0
604334505,604330341,-0.00513575,0.0419676,0.0359272,0.626094,0.0,0.0,0.0,-1.0
604435300,604431141,0.00150971,0.0313026,0.0341819,0.62093,0.0,0.0,0.0,-1.0
604535361,604531173,0.00648579,0.030337,0.0378466,0.618794,0.0,0.0,0.0,-1.0
604639585,604635173,0.00782945,0.0403713,0.040056,0.626371,0.0,0.0,0.0,-1.0
604740135,604735148,0.00210563,0.0388686,0.0383363,0.626665,0.0,0.0,0.0,-1.0
604840113,604835942,0.0139381,0.0221526,0.0296698,0.620453,0.0,0.0,0.0,-1.0
604944137,604939941,0.0262119,0.0342095,0.0355652,0.620634,0.0,0.0,0.0,-1.0
605045076,605040741,0.0117788,0.044629,0.0569393,0.626281,0.0,0.0,0.0,-1.0
605145015,605140780,0.00900495,0.0578778,0.071105,0.625908,0.0,0.0,0.0,-1.0
605248947,605244752,0.0128737,0.0498242,0.0686021,0.62403,0.0,0.0,0.0,-1.0
605350629,605345552,0.00925623,0.0422586,0.0700806,0.620865,0.0,0.0,0.0,-1.0
605450477,605445553,0.00758449,0.0403801,0.0852462,0.622368,0.0,0.0,0.0,-1.0
605553769,605549554,0.0080282,0.0377961,0.0991601,0.625864,0.0,0.0,0.0,-1.0
605654537,605650378,-0.000493524,0.0316468,0.0907703,0.623067,0.0,0.0,0.0,-1.0
605754530,605750344,2.26641e-05,0.0254456,0.0824905,0.622996,0.0,0.0,0.0,-1.0
605858534,605854361,0.00145913,0.0223124,0.0653621,0.6237,0.0,0.0,0.0,-1.0
605958497,605954379,0.000761914,0.0360307,0.0427757,0.625271,0.0,0.0,0.0,-1.0
606059300,606055154,-0.00919559,0.0371273,0.0352334,0.624022,0.0,0.0,0.0,-1.0
606159293,606155141,0.00523323,0.0393858,0.0260618,0.623339,0.0,0.0,0.0,-1.0
606264191,606259944,0.00941119,0.0423493,0.00817475,0.618974,0.0,0.0,0.0,-1.0
606364256,606359949,-0.00346372,0.040877,-0.00642665,0.617229,0.0,0.0,0.0,-1.0
606464250,606459976,-0.0090632,0.0350065,-0.0175901,0.617504,0.0,0.0,0.0,-1.0
606568903,606563947,0.00646481,0.0368086,-0.019924,0.619166,0.0,0.0,0.0,-1.0
606668956,606664747,-0.00353707,0.0318152,-0.0208019,0.617707,0.0,0.0,0.0,-1.0
606768921,606764744,-0.0131047,0.0291604,-0.0487885,0.618485,0.0,0.0,0.0,-1.0
606872917,606868745,0.00220884,0.0324657,-0.0630124,0.620357,0.0,0.0,0.0,-1.0
606973736,606969542,0.000311295,0.0394624,-0.0678055,0.618726,0.0,0.0,0.0,-1.0
607073735,607069588,-0.00364254,0.0470372,-0.0831166,0.618878,0.0,0.0,0.0,-1.0
607177725,607173580,-0.00761521,0.053315,-0.105592,0.616728,0.0,0.0,0.0,-1.0
607278577,607274347,-0.00574833,0.0613555,-0.11023,0.61328,0.0,0.0,0.0,-1.0
607378537,607374424,-0.00955458,0.010048,-0.124078,0.60808,0.0,0.0,0.0,-1.0
607484247,607478384,-0.00763526,0.0252329,-0.128553,0.621643,0.0,0.0,0.0,-1.0
607587367,607583185,-0.0122508,0.0457306,-0.126415,0.628402,0.0,0.0,0.0,-1.0
607687330,607683187,-0.0103909,0.0581585,-0.119659,0.625521,0.0,0.0,0.0,-1.0
607787359,607783153,-0.0110958,0.0557303,-0.125192,0.620643,0.0,0.0,0.0,-1.0
607892222,607887985,-0.00337655,0.0523861,-0.13863,0.615589,0.0,0.0,0.0,-1.0
607992209,607987941,-0.00536855,0.0495826,-0.147239,0.615901,0.0,0.0,0.0,-1.0
608092207,608087974,-0.00932842,0.0483644,-0.121497,0.617421,0.0,0.0,0.0,-1.0
608193014,608188775,0.000760692,0.0496202,-0.110347,0.618992,0.0,0.0,0.0,-1.0
608296935,608292756,-0.00669726,0.0451738,-0.0961811,0.621611,0.0,0.0,0.0,-1.0
608396922,608392760,-0.00622483,0.0394984,-0.102985,0.621891,0.0,0.0,0.0,-1.0
608497747,608493556,-0.001917,0.0413219,-0.0910058,0.624097,0.0,0.0,0.0,-1.0
608601696,608597542,2.95229e-05,0.046593,-0.0583966,0.623483,0.0,0.0,0.0,-1.0
608701733,608697542,0.00355046,0.050805,-0.0493313,0.624125,0.0,0.0,0.0,-1.0
608806779,608802373,0.00177886,0.0502032,-0.0352016,0.621295,0.0,0.0,0.0,-1.0
608910543,608906377,0.0110831,0.039747,-0.0281461,0.617153,0.0,0.0,0.0,-1.0
609010522,609006342,0.00427459,0.0294006,-0.0102643,0.616937,0.0,0.0,0.0,-1.0
609111301,609107142,-0.00261875,0.0402366,0.0077183,0.622058,0.0,0.0,0.0,-1.0
609211312,609207141,0.00128134,0.0473698,0.0212756,0.624212,0.0,0.0,0.0,-1.0
609315355,609311149,0.00169719,0.0517057,0.0339248,0.622765,0.0,0.0,0.0,-1.0
609416812,609411947,0.00481682,0.0472638,0.0296954,0.620718,0.0,0.0,0.0,-1.0
609516690,609511947,0.000543837,0.0430983,0.0165788,0.620597,0.0,0.0,0.0,-1.0
609620140,609615977,-0.0023666,0.0342613,0.0276911,0.621367,0.0,0.0,0.0,-1.0
609720931,609716779,-0.00925171,0.0337291,0.0163506,0.624066,0.0,0.0,0.0,-1.0
609820926,609816761,-0.00662315,0.0368651,0.00818317,0.622223,0.0,0.0,0.0,-1.0
609925035,609920748,0.00187695,0.0339141,0.00784882,0.619449,0.0,0.0,0.0,-1.0
610025760,610021549,0.00121393,0.0332116,0.0250634,0.620003,0.0,0.0,0.0,-1.0
610125741,610121589,-0.0081875,0.0336239,0.0372424,0.61874,0.0,0.0,0.0,-1.0
610229766,610225542,-0.0133408,0.047772,0.044767,0.62039,0.0,0.0,0.0,-1.0
610330593,610326344,-0.0172998,0.0474284,0.0532888,0.616977,0.0,0.0,0.0,-1.0
610430497,610426341,-0.0203152,0.0383504,0.0752179,0.614844,0.0,0.0,0.0,-1.0
610534500,610530376,-0.00666486,0.033129,0.071023,0.614469,0.0,0.0,0.0,-1.0
610635298,610631171,-0.00874707,0.0316445,0.0950326,0.616133,0.0,0.0,0.0,-1.0
610735299,610731146,-0.0209447,0.0329211,0.101289,0.619902,0.0,0.0,0.0,-1.0
610835332,610831146,-0.0226839,0.0369827,0.0996585,0.619211,0.0,0.0,0.0,-1.0
610940204,610935965,-0.0138707,0.0351155,0.0985731,0.620139,0.0,0.0,0.0,-1.0
611040160,611035957,-0.0158935,0.0340076,0.109635,0.619425,0.0,0.0,0.0,-1.0
611140115,611135978,-0.0150448,0.02724,0.105651,0.618633,0.0,0.0,0.0,-1.0
611244187,611239947,-0.0173722,0.0236468,0.118045,0.618876,0.0,0.0,0.0,-1.0
611345052,611340742,-0.00692471,0.0171391,0.103949,0.618842,0.0,0.0,0.0,-1.0
611445010,611440742,-0.00359668,0.0272027,0.122482,0.620376,0.0,0.0,0.0,-1.0
611548921,611544749,-0.00667276,0.0359717,0.128617,0.618232,0.0,0.0,0.0,-1.0
611650401,611645542,-0.00868819,0.0497204,0.148098,0.619484,0.0,0.0,0.0,-1.0
611750386,611745557,-0.00273109,0.0396655,0.155382,0.616674,0.0,0.0,0.0,-1.0
611853890,611849570,0.0157712,0.0246774,0.163664,0.610963,0.0,0.0,0.0,-1.0
611954543,611950375,0.0182021,0.0144336,0.174808,0.611956,0.0,0.0,0.0,-1.0
612054538,612050342,0.0327894,0.0136645,0.178286,0.615744,0.0,0.0,0.0,-1.0
612155362,612151183,0.0221079,0.0200838,0.205917,0.621427,0.0,0.0,0.0,-1.0
612259343,612255141,0.029141,0.0183933,0.177815,0.623019,0.0,0.0,0.0,-1.0
612359326,612355179,0.0403142,0.0226264,0.176791,0.623167,0.0,0.0,0.0,-1.0
612460134,612455952,0.0254045,0.0259977,0.157476,0.624025,0.0,0.0,0.0,-1.0
612564124,612559943,0.0132342,0.0280375,0.162838,0.621999,0.0,0.0,0.0,-1.0
612664140,612659944,0.0290635,0.0306598,0.127462,0.621341,0.0,0.0,0.0,-1.0
612764245,612759945,0.033431,0.0281498,0.106808,0.621416,0.0,0.0,0.0,-1.0
612869016,612864742,0.0326162,0.026072,0.101271,0.619763,0.0,0.0,0.0,-1.0
612968961,612964744,0.0362329,0.0322232,0.0814675,0.623679,0.0,0.0,0.0,-1.0
613073136,613068760,0.0315081,0.0347244,0.0961604,0.625436,0.0,0.0,0.0,-1.0
613173783,613169574,0.0348218,0.0386642,0.0747121,0.626613,0.0,0.0,0.0,-1.0
613277728,613273544,0.042006,0.0434167,0.0688704,0.62719,0.0,0.0,0.0,-1.0
613377726,613373544,0.023162,0.0404941,0.069797,0.626037,0.0,0.0,0.0,-1.0
613478527,613474342,0.0191522,0.0525493,0.0660794,0.632294,0.0,0.0,0.0,-1.0
613582564,613578362,0.0149423,0.0496114,0.0496725,0.627355,0.0,0.0,0.0,-1.0
613686581,613682341,0.00298301,0.0570169,0.0431725,0.627011,0.0,0.0,0.0,-1.0
613787341,613783179,-0.00393291,0.0646499,0.00740203,0.625641,0.0,0.0,0.0,-1.0
613887488,613883142,0.00323084,0.0547633,0.0158081,0.624555,0.0,0.0,0.0,-1.0
613991322,613987172,-0.00249577,0.0618612,0.00440374,0.622535,0.0,0.0,0.0,-1.0
614092154,614087942,-0.00337419,0.0534516,-0.0216051,0.622436,0.0,0.0,0.0,-1.0
614192220,614187961,0.00465771,0.0459729,-0.00649854,0.623143,0.0,0.0,0.0,-1.0
614296942,614292742,0.00630769,0.0484495,-0.0119348,0.627393,0.0,0.0,0.0,-1.0
614397023,614392756,0.00478825,0.0470155,-0.0228647,0.626231,0.0,0.0,0.0,-1.0
614496962,614492741,0.0138515,0.0358136,-0.0255153,0.623731,0.0,0.0,0.0,-1.0
614600922,614596742,0.0232826,0.0243864,-0.00669143,0.620192,0.0,0.0,0.0,-1.0
614701728,614697545,0.0140021,0.0229739,-1.77696e-05,0.624242,0.0,0.0,0.0,-1.0
614801740,614797553,0.0125344,0.0257712,0.0129265,0.628928,0.0,0.0,0.0,-1.0
614906695,614901548,0.00746925,0.0316675,0.0211845,0.628901,0.0,0.0,0.0,-1.0
615007173,615002344,-0.00275874,0.0320038,0.0433028,0.628384,0.0,0.0,0.0,-1.0
615106741,615102381,0.00995834,0.0285744,0.0633266,0.627412,0.0,0.0,0.0,-1.0
615210618,615206381,0.0145734,0.0362171,0.0713779,0.627356,0.0,0.0,0.0,-1.0
615311373,615307163,0.0132162,0.0245763,0.0739244,0.625675,0.0,0.0,0.0,-1.0
615411382,615407158,0.0212705,0.0110101,0.0769982,0.626368,0.0,0.0,0.0,-1.0
615511384,615507141,0.0234035,0.0290009,0.0866673,0.633356,0.0,0.0,0.0,-1.0
615617073,615611949,0.0282444,0.0459566,0.0834048,0.635639,0.0,0.0,0.0,-1.0
615716211,615711968,0.0225097,0.0464548,0.0659976,0.633872,0.0,0.0,0.0,-1.0
615816120,615811944,0.00793482,0.0351946,0.0381258,0.63135,0.0,0.0,0.0,-1.0
615920933,615916760,-0.00937447,0.0340805,0.0562567,0.627047,0.0,0.0,0.0,-1.0
616020926,616016744,-0.00963611,0.0310791,0.0374058,0.62571,0.0,0.0,0.0,-1.0
616120965,616116763,-0.0016515,0.0314367,0.0266342,0.625916,0.0,0.0,0.0,-1.0
616221764,616217591,-0.00501997,0.0353468,0.017163,0.623969,0.0,0.0,0.0,-1.0
616325751,616321554,0.0112995,0.0416904,0.00680784,0.623705,0.0,0.0,0.0,-1.0
616425729,616421583,0.00617721,0.045655,-0.00363292,0.621129,0.0,0.0,0.0,-1.0
616529847,616525544,0.00156288,0.037468,-0.00588403,0.616791,0.0,0.0,0.0,-1.0
616630506,616626342,0.0103177,0.0359896,-0.0266047,0.61697,0.0,0.0,0.0,-1.0
616730506,616726341,0.00678353,0.0296389,-0.0270249,0.618712,0.0,0.0,0.0,-1.0
616831407,616827171,0.00642885,0.0301508,-0.0234334,0.618746,0.0,0.0,0.0,-1.0
616935336,616931177,0.0235672,0.0309169,-0.0230997,0.619961,0.0,0.0,0.0,-1.0
617035297,617031174,0.0183876,0.0300127,-0.0199397,0.619057,0.0,0.0,0.0,-1.0
617136099,617131972,0.0172878,0.031028,-0.0191186,0.615455,0.0,0.0,0.0,-1.0
617240173,617235970,0.0261527,0.0340527,-0.0266526,0.617888,0.0,0.0,0.0,-1.0
617340217,617335942,0.021757,0.030911,-0.0286557,0.619381,0.0,0.0,0.0,-1.0
617440969,617436744,0.0123654,0.0317409,-0.0321225,0.618129,0.0,0.0,0.0,-1.0
617544990,617540747,0.0172888,0.028812,-0.0521885,0.618576,0.0,0.0,0.0,-1.0
617644977,617640764,0.0194674,0.0332683,-0.0397811,0.617049,0.0,0.0,0.0,-1.0
617745753,617741541,0.0171696,0.037371,-0.0711189,0.617677,0.0,0.0,0.0,-1.0
617845707,617841553,0.0144318,0.0419847,-0.059667,0.618109,0.0,0.0,0.0,-1.0
617949766,617945542,0.00643769,0.0532846,-0.0602288,0.619042,0.0,0.0,0.0,-1.0
618050555,618045554,0.00151432,0.0553271,-0.0728926,0.617436,0.0,0.0,0.0,-1.0
618150576,618146378,0.00819657,0.0544142,-0.0950408,0.615505,0.0,0.0,0.0,-1.0
618254572,618250384,0.00862265,0.0544729,-0.108893,0.613414,0.0,0.0,0.0,-1.0
618354562,618350341,0.00882734,0.0486206,-0.143103,0.610715,0.0,0.0,0.0,-1.0
618455295,618451173,-0.00496051,0.0389018,-0.141963,0.607995,0.0,0.0,0.0,-1.0
618559339,618555141,-0.000145792,0.0437336,-0.141798,0.609611,0.0,0.0,0.0,-1.0
618659322,618655141,0.00062965,0.0420427,-0.152986,0.609279,0.0,0.0,0.0,-1.0
618760155,618755978,0.00329835,0.038991,-0.171193,0.606395,0.0,0.0,0.0,-1.0
618864099,618859942,-0.00321599,0.037726,-0.17542,0.603272,0.0,0.0,0.0,-1.0
618965012,618960742,0.0062502,0.040029,-0.202377,0.604123,0.0,0.0,0.0,-1.0
619064953,619060742,0.00590653,0.0441294,-0.224895,0.60331,0.0,0.0,0.0,-1.0
619169045,619164781,-0.00552146,0.0423618,-0.226083,0.600266,0.0,0.0,0.0,-1.0
619269026,619264771,-0.00785483,0.042617,-0.261078,0.593768,0.0,0.0,0.0,-1.0
619369853,619365546,-0.0108452,0.0473043,-0.263006,0.598665,0.0,0.0,0.0,-1.0
619474127,619469547,-0.0210527,0.0475186,-0.283557,0.603464,0.0,0.0,0.0,-1.0
619574574,619569547,-0.020577,0.0462645,-0.290955,0.603646,0.0,0.0,0.0,-1.0
619674674,619670344,-0.0145313,0.0455284,-0.284678,0.607119,0.0,0.0,0.0,-1.0
619774683,619770341,-0.00819676,0.0502122,-0.306515,0.610465,0.0,0.0,0.0,-1.0
619878516,619874342,-0.0226915,0.0586803,-0.311466,0.604275,0.0,0.0,0.0,-1.0
619979336,619975149,-0.0294343,0.0533453,-0.291077,0.602773,0.0,0.0,0.0,-1.0
620079361,620075173,-0.0246189,0.0505606,-0.304279,0.599199,0.0,0.0,0.0,-1.0
620183403,620179179,-0.0146831,0.0531953,-0.321485,0.595672,0.0,0.0,0.0,-1.0
620284197,620279949,-0.0291099,0.0583724,-0.301101,0.596629,0.0,0.0,0.0,-1.0
620384208,620379946,-0.0236346,0.0614791,-0.29948,0.595408,0.0,0.0,0.0,-1.0
620488254,620483960,-0.0252719,0.0603265,-0.284644,0.59284,0.0,0.0,0.0,-1.0
620589067,620584767,-0.0245362,0.0586908,-0.275098,0.595846,0.0,0.0,0.0,-1.0
620688946,620684773,-0.0178424,0.0578921,-0.272337,0.593958,0.0,0.0,0.0,-1.0
620792976,620788747,0.0192039,0.0549543,-0.271049,0.600551,0.0,0.0,0.0,-1.0
620893741,620889590,-0.0290802,0.0576337,-0.258267,0.596304,0.0,0.0,0.0,-1.0
620993804,620989542,-0.0326367,0.0615843,-0.232525,0.592387,0.0,0.0,0.0,-1.0
621093861,621089595,-0.00647946,0.0578917,-0.221653,0.595393,0.0,0.0,0.0,-1.0
621198506,621194341,-0.0043596,0.0471487,-0.218995,0.600015,0.0,0.0,0.0,-1.0
621298612,621294355,0.00572253,0.0460854,-0.188822,0.598799,0.0,0.0,0.0,-1.0
621398531,621394342,-0.000761459,0.0440326,-0.174312,0.603262,0.0,0.0,0.0,-1.0
621503334,621499174,-0.000987799,0.0455291,-0.167542,0.606906,0.0,0.0,0.0,-1.0
621603302,621599141,-0.00805176,0.0443692,-0.154791,0.607487,0.0,0.0,0.0,-1.0
621703290,621699141,-0.00778522,0.0455027,-0.144192,0.608449,0.0,0.0,0.0,-1.0
621808357,621803942,-0.0108947,0.0449954,-0.0984027,0.607982,0.0,0.0,0.0,-1.0
621908520,621903942,-0.0108855,0.0475384,-0.0819693,0.612952,0.0,0.0,0.0,-1.0
622008949,622003985,-0.0175451,0.0374888,-0.0848401,0.612871,0.0,0.0,0.0,-1.0
622109146,622104762,-0.115219,0.0440478,-0.0345071,0.626533,0.0,0.0,0.0,-1.0
622212922,622208769,0.0288641,0.0515426,-0.0432405,0.63241,0.0,0.0,0.0,-1.0
622312949,622308742,0.0509243,0.046417,-0.0385593,0.631811,0.0,0.0,0.0,-1.0
622413764,622409570,0.0194947,0.0493933,-0.00444384,0.636364,0.0,0.0,0.0,-1.0
622517733,622513546,0.0313452,0.0485491,-0.000582567,0.640571,0.0,0.0,0.0,-1.0
622617736,622613541,-0.0735061,0.0496721,0.00667275,0.630896,0.0,0.0,0.0,-1.0
622718539,622714342,-0.0621117,0.044662,0.00432525,0.619681,0.0,0.0,0.0,-1.0
622822500,622818343,-0.0110291,0.0312067,0.00457125,0.613245,0.0,0.0,0.0,-1.0
622922518,622918341,-0.0154997,0.0282342,0.00031296,0.616191,0.0,0.0,0.0,-1.0
623023292,623019141,-0.00459238,0.034768,-0.00987191,0.627264,0.0,0.0,0.0,-1.0
623127353,623123150,0.00802399,0.042872,-0.025561,0.628662,0.0,0.0,0.0,-1.0
623227408,623223143,0.00269013,0.0248765,-0.0266479,0.62321,0.0,0.0,0.0,-1.0
623327394,623323179,-0.0006819,0.0135832,-0.0262088,0.625319,0.0,0.0,0.0,-1.0
623428112,623423961,0.0105027,0.0346998,-0.0255815,0.63627,0.0,0.0,0.0,-1.0
623532133,623527947,0.0202706,0.0781866,-0.0198353,0.641672,0.0,0.0,0.0,-1.0
623632955,623628742,0.0173028,0.0694389,-0.0214793,0.627571,0.0,0.0,0.0,-1.0
623732966,623728741,0.0154693,0.0609619,-0.0148024,0.621185,0.0,0.0,0.0,-1.0
623836967,623832742,0.00977324,0.0478279,-0.0106706,0.62114,0.0,0.0,0.0,-1.0
623936954,623932742,0.00993279,0.0477738,-0.0129946,0.624653,0.0,0.0,0.0,-1.0
624041931,624037578,0.0115758,0.0625243,-0.0140048,0.625441,0.0,0.0,0.0,-1.0
624145695,624141545,0.012075,0.0459836,-0.0278977,0.623454,0.0,0.0,0.0,-1.0
624246548,624242342,0.0135067,0.0229919,-0.0158449,0.621503,0.0,0.0,0.0,-1.0
624346566,624342370,0.0174707,0.0266569,-0.0221457,0.636399,0.0,0.0,0.0,-1.0
624450555,624446423,0.0282759,0.0417627,-0.00707262,0.631984,0.0,0.0,0.0,-1.0
624550512,624546347,0.0229209,0.0501217,-0.0254336,0.629697,0.0,0.0,0.0,-1.0
624651306,624647176,0.0192751,0.0466396,-0.0219329,0.62636,0.0,0.0,0.0,-1.0
624751289,624747147,0.0297486,0.0442972,-0.0261603,0.625417,0.0,0.0,0.0,-1.0
624855438,624851163,0.00291186,0.0354443,-0.022554,0.624618,0.0,0.0,0.0,-1.0
624956187,624951963,-0.0139191,0.043028,-0.00994819,0.624553,0.0,0.0,0.0,-1.0
625056117,625051941,0.0212915,0.0383083,-0.00956246,0.625983,0.0,0.0,0.0,-1.0
625160908,625156742,0.0047856,0.0278565,-0.0105124,0.62591,0.0,0.0,0.0,-1.0
625260927,625256747,-0.0148252,0.0342563,0.00255449,0.625568,0.0,0.0,0.0,-1.0
625361023,625356783,-0.00162995,0.0304858,0.011203,0.62564,0.0,0.0,0.0,-1.0
625464987,625460785,0.00563498,0.0355348,-0.00429499,0.626733,0.0,0.0,0.0,-1.0
625565744,625561576,0.00544358,0.0468183,0.0213243,0.626219,0.0,0.0,0.0,-1.0
625665712,625661552,0.00236722,0.0359606,0.0146064,0.619368,0.0,0.0,0.0,-1.0
625769694,625765577,0.00927883,0.0317638,0.0027801,0.617432,0.0,0.0,0.0,-1.0
625870637,625866366,0.0142062,0.0343282,0.001105,0.618956,0.0,0.0,0.0,-1.0
625970500,625966347,0.0119598,0.0327492,-0.00140302,0.623444,0.0,0.0,0.0,-1.0
626074541,626070341,0.00645595,0.0404448,-0.00672432,0.626328,0.0,0.0,0.0,-1.0
626176336,626171171,0.0135753,0.0337412,-0.00678545,0.627345,0.0,0.0,0.0,-1.0
626275378,626271164,0.0156255,0.0393336,-0.0192331,0.619972,0.0,0.0,0.0,-1.0
626376676,626371987,0.0205236,0.0468935,-0.0253712,0.624453,0.0,0.0,0.0,-1.0
626480151,626475982,0.0157707,0.0440373,-0.0433442,0.627935,0.0,0.0,0.0,-1.0
626580111,626575970,0.0132669,0.0424559,-0.0394971,0.626974,0.0,0.0,0.0,-1.0
626680162,626675964,0.0223816,0.0366494,-0.0371747,0.628404,0.0,0.0,0.0,-1.0
626785052,626780742,0.0166329,0.0543181,-0.0441971,0.61436,0.0,0.0,0.0,-1.0
626885010,626880741,0.0141433,0.0371926,-0.0468622,0.614283,0.0,0.0,0.0,-1.0
626985016,626980742,0.0191234,0.0396676,-0.0623088,0.616341,0.0,0.0,0.0,-1.0
627085749,627081541,0.0160027,0.0237594,-0.0773933,0.618052,0.0,0.0,0.0,-1.0
627189818,627185547,0.0110174,0.0239384,-0.077298,0.621601,0.0,0.0,0.0,-1.0
627289726,627285562,0.00421628,0.0258164,-0.0934588,0.625091,0.0,0.0,0.0,-1.0
627390609,627386376,0.00687398,0.0362973,-0.103856,0.625962,0.0,0.0,0.0,-1.0
627494565,627490378,0.0249075,0.0351988,-0.126152,0.624434,0.0,0.0,0.0,-1.0
627594567,627590342,-0.00346797,0.0397306,-0.116569,0.619142,0.0,0.0,0.0,-1.0
627695408,627691164,-0.00790644,0.0431038,-0.117747,0.618732,0.0,0.0,0.0,-1.0
627799338,627795151,0.00183759,0.0468896,-0.125436,0.616551,0.0,0.0,0.0,-1.0
627899334,627895148,-0.0036788,0.0412608,-0.111457,0.604458,0.0,0.0,0.0,-1.0
628000210,627995947,-0.0069591,0.0388487,-0.127937,0.606084,0.0,0.0,0.0,-1.0
628104099,628099942,-0.00776559,0.0442394,-0.119725,0.610667,0.0,0.0,0.0,-1.0
628204119,628199970,0.0058402,0.043783,-0.116791,0.61361,0.0,0.0,0.0,-1.0
628305070,628300742,0.00912076,0.040818,-0.117527,0.613062,0.0,0.0,0.0,-1.0
628410129,628404778,-0.00464251,0.0393537,-0.121673,0.61551,0.0,0.0,0.0,-1.0
628512976,628508773,0.013094,0.0391721,-0.124649,0.617717,0.0,0.0,0.0,-1.0
628613771,628609555,0.0473444,0.0379822,-0.0976078,0.618391,0.0,0.0,0.0,-1.0
628713760,628709541,-0.0112102,0.0371975,-0.100042,0.618639,0.0,0.0,0.0,-1.0
628817722,628813542,-0.00838705,0.0397888,-0.10488,0.62097,0.0,0.0,0.0,-1.0
628918535,628914348,0.00420382,0.0475731,-0.0875595,0.61996,0.0,0.0,0.0,-1.0
629018503,629014347,0.00865488,0.0449356,-0.0782809,0.616376,0.0,0.0,0.0,-1.0
629122531,629118342,0.000922959,0.0128345,-0.0627771,0.613674,0.0,0.0,0.0,-1.0
629223348,629219170,-0.00387937,0.0181785,-0.0731142,0.62253,0.0,0.0,0.0,-1.0
629323295,629319173,0.002877,0.0313091,-0.0680934,0.630757,0.0,0.0,0.0,-1.0
629427333,629423186,0.00489908,0.0395489,-0.0652278,0.629639,0.0,0.0,0.0,-1.0
629528105,629523947,0.0120855,0.0521027,-0.0462667,0.629929,0.0,0.0,0.0,-1.0
629628154,629623955,0.00597632,0.0560382,-0.0409334,0.626674,0.0,0.0,0.0,-1.0
629732396,629727942,-0.00335191,0.0477845,-0.0435754,0.621558,0.0,0.0,0.0,-1.0
629832923,629828753,-0.00786371,0.0451631,-0.0351299,0.62306,0.0,0.0,0.0,-1.0
629932928,629928743,-0.0127638,0.0393334,-0.0281649,0.62556,0.0,0.0,0.0,-1.0
630032945,630028744,-0.0152302,0.0503489,-0.0181951,0.627161,0.0,0.0,0.0,-1.0
630137737,630133585,0.0164119,0.0490466,-0.0060038,0.626343,0.0,0.0,0.0,-1.0
630237750,630233556,0.0311023,0.0493446,-0.0122715,0.624211,0.0,0.0,0.0,-1.0
630337723,630333548,-0.0117154,0.0472933,-0.0144671,0.622898,0.0,0.0,0.0,-1.0
630441718,630437541,-0.0223431,0.0455532,0.00465474,0.624622,0.0,0.0,0.0,-1.0
630543698,630538341,-0.00550165,0.0524414,0.010152,0.62451,0.0,0.0,0.0,-1.0
630642578,630638350,-0.0117102,0.0508285,0.0117421,0.623644,0.0,0.0,0.0,-1.0
630746503,630742342,-0.036162,0.0543718,0.00486943,0.6238,0.0,0.0,0.0,-1.0
630847403,630843152,0.00556339,0.053409,0.00417385,0.624677,0.0,0.0,0.0,-1.0
630947345,630943153,0.0136616,0.0485057,0.000868121,0.622236,0.0,0.0,0.0,-1.0
631048162,631043947,-0.0202372,0.0508432,-0.00785893,0.625686,0.0,0.0,0.0,-1.0
631152102,631147941,-0.0238121,0.0620062,-0.0165363,0.626202,0.0,0.0,0.0,-1.0
631252096,631247942,-0.00853639,0.0558083,-0.00767908,0.621195,0.0,0.0,0.0,-1.0
631352904,631348749,-0.00638287,0.0606011,-0.021016,0.620178,0.0,0.0,0.0,-1.0
631456923,631452792,0.00177908,0.0459223,-0.0431885,0.617126,0.0,0.0,0.0,-1.0
631556936,631552780,-0.0232207,0.0429942,-0.0202334,0.617489,0.0,0.0,0.0,-1.0
631656925,631652748,-0.0225823,0.0535634,-0.0445628,0.623123,0.0,0.0,0.0,-1.0
631761777,631757571,-0.00530894,0.0632215,-0.0456763,0.621792,0.0,0.0,0.0,-1.0
631861759,631857541,-0.00172441,0.0478627,-0.055569,0.616551,0.0,0.0,0.0,-1.0
631966239,631961572,-0.00426362,0.0353813,-0.0472454,0.617669,0.0,0.0,0.0,-1.0
632066564,632062347,0.00757779,0.0393359,-0.0583043,0.626798,0.0,0.0,0.0,-1.0
632166529,632162347,-0.0109183,0.0534094,-0.0361555,0.631214,0.0,0.0,0.0,-1.0
632266623,632262347,-0.0137026,0.0571302,-0.0537609,0.629311,0.0,0.0,0.0,-1.0
632367325,632363147,-0.0256553,0.0564585,-0.0694386,0.623551,0.0,0.0,0.0,-1.0
632471358,632467143,-0.0162033,0.0530017,-0.0297582,0.623808,0.0,0.0,0.0,-1.0
632571427,632567189,-0.0246008,0.0564932,-0.0419972,0.624499,0.0,0.0,0.0,-1.0
632672149,632667973,-0.0133647,0.052964,-0.0529276,0.623392,0.0,0.0,0.0,-1.0
632776157,632771968,-0.0184187,0.0573092,-0.0439538,0.624577,0.0,0.0,0.0,-1.0
632876101,632871967,0.00681536,0.0565205,-0.0474491,0.623595,0.0,0.0,0.0,-1.0
632977946,632972756,0.00279617,0.0554554,-0.0421832,0.623892,0.0,0.0,0.0,-1.0
633080924,633076742,-0.00769607,0.0525714,-0.0694114,0.621173,0.0,0.0,0.0,-1.0
633180927,633176742,0.0036446,0.0415396,-0.0290461,0.624346,0.0,0.0,0.0,-1.0
633281751,633277573,0.0152474,0.0510873,-0.0295539,0.627167,0.0,0.0,0.0,-1.0
633385758,633381549,2.99653e-07,0.0602088,-0.0292912,0.626072,0.0,0.0,0.0,-1.0
633485834,633481587,-0.0078202,0.059526,-0.0026324,0.621157,0.0,0.0,0.0,-1.0
633586638,633582379,-0.0020922,0.0510874,-0.0186112,0.62054,0.0,0.0,0.0,-1.0
633690669,633686348,0.00242676,0.0473721,0.00301739,0.621554,0.0,0.0,0.0,-1.0
633790529,633786341,-0.0126558,0.0481087,-0.0219378,0.622027,0.0,0.0,0.0,-1.0
633891402,633887154,0.00409452,0.0474229,-0.018551,0.624524,0.0,0.0,0.0,-1.0
633991407,633987171,0.000763318,0.0479799,-0.0134202,0.627376,0.0,0.0,0.0,-1.0
634095357,634091179,0.00225931,0.0452274,-0.0256788,0.626775,0.0,0.0,0.0,-1.0
634196136,634191947,-0.00382169,0.0517143,-0.0358525,0.624732,0.0,0.0,0.0,-1.0
634296106,634291977,0.00679079,0.0480072,-0.0200693,0.624321,0.0,0.0,0.0,-1.0
634400375,634395942,0.00778169,0.0501962,-0.0196037,0.624702,0.0,0.0,0.0,-1.0
634500915,634496741,-0.00245126,0.051839,-0.0246947,0.625833,0.0,0.0,0.0,-1.0
634601044,634596775,-0.0126854,0.0494723,-0.0114788,0.624344,0.0,0.0,0.0,-1.0
634704971,634700747,0.00722548,0.0488222,-0.0245024,0.623961,0.0,0.0,0.0,-1.0
634805737,634801555,-0.00660827,0.0459021,-0.0209456,0.622842,0.0,0.0,0.0,-1.0
634905721,634901590,-0.000634949,0.0493912,-0.0233644,0.624668,0.0,0.0,0.0,-1.0
635011517,635005542,0.0172942,0.0448966,-0.012673,0.625774,0.0,0.0,0.0,-1.0
635111663,635106361,0.00816162,0.0426528,-0.0130765,0.625558,0.0,0.0,0.0,-1.0
635211603,635206342,-0.00584725,0.0484702,-0.00605756,0.629573,0.0,0.0,0.0,-1.0
635314526,635310347,0.00480446,0.0554552,0.00489731,0.632256,0.0,0.0,0.0,-1.0
635415370,635411177,0.00291964,0.0613196,0.0124378,0.631546,0.0,0.0,0.0,-1.0
635515399,635511156,-0.00420622,0.0634861,0.0180401,0.631755,0.0,0.0,0.0,-1.0
635615362,635611180,-0.0102856,0.059619,0.035802,0.630386,0.0,0.0,0.0,-1.0
635720155,635715141,0.00447892,0.0624629,0.0198985,0.628531,0.0,0.0,0.0,-1.0
635820155,635815942,0.00395481,0.0590207,0.0112677,0.629208,0.0,0.0,0.0,-1.0
635920150,635915942,-0.0117168,0.0582971,0.00890301,0.630326,0.0,0.0,0.0,-1.0
636024984,636020742,0.00669936,0.050934,0.0116715,0.629096,0.0,0.0,0.0,-1.0
636124952,636120747,0.0270707,0.0395139,0.00515726,0.624973,0.0,0.0,0.0,-1.0
636224951,636220748,0.0320769,0.0406423,0.003935,0.626697,0.0,0.0,0.0,-1.0
636325699,636321542,0.0148198,0.0452753,-0.00632767,0.630973,0.0,0.0,0.0,-1.0
636429756,636425546,0.0221744,0.0493245,-0.00886067,0.632957,0.0,0.0,0.0,-1.0
636529739,636525585,0.0276291,0.0598578,-0.005166,0.634566,0.0,0.0,0.0,-1.0
636633975,636629580,0.0134207,0.0564736,0.014858,0.632235,0.0,0.0,0.0,-1.0
636734571,636730383,-0.00496203,0.05059,0.0439866,0.630292,0.0,0.0,0.0,-1.0
636834565,636830350,0.00301922,0.0540252,0.0390914,0.628872,0.0,0.0,0.0,-1.0
636934629,636930376,0.0085265,0.050319,0.0465838,0.629406,0.0,0.0,0.0,-1.0
637039376,637035141,0.00470446,0.0484161,0.0341652,0.635696,0.0,0.0,0.0,-1.0
637139340,637135152,0.00365648,0.0619163,0.0377656,0.640414,0.0,0.0,0.0,-1.0
637239376,637235141,0.00338332,0.068327,0.035701,0.638475,0.0,0.0,0.0,-1.0
637344901,637339974,0.00222244,0.0677926,0.0351148,0.635272,0.0,0.0,0.0,-1.0
637444809,637439947,0.00840755,0.0640837,0.029432,0.633091,0.0,0.0,0.0,-1.0
637545306,637539991,0.00682403,0.0566542,0.0354192,0.634961,0.0,0.0,0.0,-1.0
637645497,637640741,0.00983347,0.0585979,0.0375787,0.637432,0.0,0.0,0.0,-1.0
637745668,637740744,0.0153337,0.059814,0.0557915,0.639101,0.0,0.0,0.0,-1.0
637845483,637840743,-0.00215611,0.0573442,0.0524808,0.63566,0.0,0.0,0.0,-1.0
637949699,637945562,-0.00659308,0.0578781,0.0557713,0.635391,0.0,0.0,0.0,-1.0
638049706,638045542,-0.00971291,0.0511896,0.0605215,0.634732,0.0,0.0,0.0,-1.0
638149760,638145543,-0.000710988,0.0417056,0.0658308,0.633389,0.0,0.0,0.0,-1.0
638254538,638250350,-0.00111721,0.0430276,0.0655945,0.631893,0.0,0.0,0.0,-1.0
638354537,638350386,-0.0169806,0.043018,0.0438847,0.631693,0.0,0.0,0.0,-1.0
638454520,638450362,0.00788831,0.0447437,0.0406709,0.635135,0.0,0.0,0.0,-1.0
638555330,638551141,0.0370247,0.0555124,0.0435596,0.636963,0.0,0.0,0.0,-1.0
638655293,638651141,0.022362,0.0644687,0.0544471,0.638761,0.0,0.0,0.0,-1.0
638755294,638751141,-0.00834524,0.0646587,0.0654061,0.634225,0.0,0.0,0.0,-1.0
638856103,638851942,-0.0188647,0.0486205,0.0724527,0.630709,0.0,0.0,0.0,-1.0
638960170,638955941,-0.0264489,0.0425692,0.0730024,0.629959,0.0,0.0,0.0,-1.0
639060930,639055971,-0.0105228,0.0538665,0.0815126,0.637208,0.0,0.0,0.0,-1.0
639160907,639156743,0.011321,0.0511693,0.0909453,0.635197,0.0,0.0,0.0,-1.0
639265015,639260777,0.0116121,0.0454005,0.0933593,0.635003,0.0,0.0,0.0,-1.0
639365017,639360786,0.0168317,0.0459622,0.10514,0.635264,0.0,0.0,0.0,-1.0
639465744,639461576,0.000417523,0.0657616,0.104997,0.641947,0.0,0.0,0.0,-1.0
639569725,639565544,-0.012703,0.0675727,0.101596,0.640777,0.0,0.0,0.0,-1.0
639669912,639665543,-0.0551781,0.0729255,0.112102,0.638693,0.0,0.0,0.0,-1.0
639770531,639766349,-0.00104696,0.0670049,0.0810494,0.635425,0.0,0.0,0.0,-1.0
639874497,639870356,-0.0124657,0.0718813,0.0639609,0.64156,0.0,0.0,0.0,-1.0
639974499,639970342,-0.0313216,0.0846868,0.0806663,0.639429,0.0,0.0,0.0,-1.0
640075294,640071151,0.0093091,0.0608378,0.152344,0.637185,0.0,0.0,0.0,-1.0
640180183,640175146,-0.0381261,0.051192,0.126664,0.640865,0.0,0.0,0.0,-1.0
640280370,640275147,0.00146428,0.0425441,0.142555,0.630385,0.0,0.0,0.0,-1.0
640380430,640375994,-0.0121422,0.0384076,0.151372,0.603133,0.0,0.0,0.0,-1.0
640480644,640475975,-0.0108632,0.0434445,0.113673,0.567382,0.0,0.0,0.0,-1.0
640584134,640579944,-0.0276436,0.036619,0.0967393,0.583148,0.0,0.0,0.0,-1.0
640684981,640680742,-0.0437761,0.0386928,0.105518,0.595141,0.0,0.0,0.0,-1.0
640784990,640780742,0.0296234,0.0548279,0.00323009,0.600687,0.0,0.0,0.0,-1.0
640989746,640985552,-0.220721,-0.108575,-0.00932246,0.519201,0.0,0.0,0.0,-1.0
641699342,641695151,-0.0475642,0.0471684,0.133188,0.116,0.0,0.0,0.0,-1.0
641803311,641799143,0.0219268,0.0787657,0.0793874,0.116,0.0,0.0,0.0,-1.0
641904138,641899942,-0.014124,0.0545106,0.0781073,0.116,0.0,0.0,0.0,-1.0
642004134,641999944,0.0178682,0.0717966,0.120468,0.116,0.0,0.0,0.0,-1.0
642104165,642099978,0.0024913,0.0518003,0.128212,0.116,0.0,0.0,0.0,-1.0
642208949,642204748,-0.00518888,0.0502405,0.0806833,0.116,0.0,0.0,0.0,-1.0
642308928,642304755,-0.00224083,0.0505603,0.115737,0.116,0.0,0.0,0.0,-1.0
642413968,642408741,-0.00538434,0.0536448,0.10732,0.116,0.0,0.0,0.0,-1.0
642513976,642509560,0.00552328,0.0630477,0.0857712,0.116,0.0,0.0,0.0,-1.0
642614053,642609560,0.00577403,0.050191,0.0981154,0.116,0.0,0.0,0.0,-1.0
642714021,642709541,0.00260544,0.0530516,0.111418,0.116,0.0,0.0,0.0,-1.0
642818509,642814347,0.00195063,0.0624054,0.0964802,0.116,0.0,0.0,0.0,-1.0
642918524,642914347,0.00781154,0.0479013,0.0948719,0.116,0.0,0.0,0.0,-1.0
643018537,643014380,-0.00306003,-0.000449608,0.159999,0.116,0.0,0.0,0.0,-1.0
643122500,643118350,0.0202598,-0.00268798,0.074326,0.116,0.0,0.0,0.0,-1.0
643223337,643219141,0.00791714,-0.00175407,0.127627,0.116,0.0,0.0,0.0,-1.0
643323347,643319162,0.00259218,-0.00130506,0.131394,0.116,0.0,0.0,0.0,-1.0
643425296,643419984,0.00490697,0.000749332,0.113013,0.116,0.0,0.0,0.0,-1.0
643528135,643523963,0.00383437,-0.00794543,0.108363,0.116,0.0,0.0,0.0,-1.0
643628103,643623950,0.00649492,-0.0026915,0.119509,0.116,0.0,0.0,0.0,-1.0
643728116,643723950,0.0059448,0.00136128,0.0958728,0.116,0.0,0.0,0.0,-1.0
643832927,643828741,0.00438405,0.00451022,0.119947,0.116,0.0,0.0,0.0,-1.0
643932895,643928768,0.0046009,0.00184466,0.120203,0.116,0.0,0.0,0.0,-1.0
