timestamp,rollspeed,pitchspeed,yawspeed,q[0],q[1],q[2],q[3]
556342866,0.0,0.0,0.0,0.999906,-0.00230439,-0.00232501,0.0132824
556441849,0.0,0.0,0.0,0.999923,-0.00236064,-0.00235009,0.0119644
556495224,0.0,0.0,0.0,0.999914,-0.00229987,-0.00233974,0.0127226
556544412,0.0,0.0,0.0,0.999943,-0.00235452,-0.00235407,0.0101243
556592751,0.0,0.0,0.0,0.999936,-0.00234097,-0.00236783,0.0108338
556642820,0.0,0.0,0.0,0.999929,-0.00240128,-0.00243632,0.0114281
556693611,0.0,0.0,0.0,0.999929,-0.00239894,-0.00238596,0.0114283
556793229,0.0,0.0,0.0,0.999937,-0.00237278,-0.0023689,0.0107025
556843201,0.0,0.0,0.0,0.999932,-0.00228345,-0.00239256,0.0112207
556896457,0.0,0.0,0.0,0.999939,-0.00237756,-0.00242923,0.0105086
556945996,0.0,0.0,0.0,0.999939,-0.0023826,-0.00238495,0.0104984
556993681,0.0,0.0,0.0,0.999934,-0.00230109,-0.00235505,0.0110306
557043621,0.0,0.0,0.0,0.999925,-0.00227102,-0.00236771,0.0117824
557092480,0.0,0.0,0.0,0.999937,-0.00227028,-0.00237293,0.0107513
557142425,0.0,0.0,0.0,0.999936,-0.0022999,-0.00237945,0.0108066
557192704,0.0,0.0,0.0,0.999918,-0.0022569,-0.00238954,0.0123844
557294751,0.0,0.0,0.0,0.999923,-0.0022807,-0.00236851,0.0119312
557344263,0.0,0.0,0.0,0.999921,-0.00225908,-0.00237559,0.0121594
557443519,0.0,0.0,0.0,0.999913,-0.00228415,-0.00241604,0.0127908
557493247,0.0,0.0,0.0,0.999941,-0.0023566,-0.00240402,0.0103363
557543324,0.0,0.0,0.0,0.999951,-0.00225066,-0.00239641,0.00930871
557590495,0.0,0.0,0.0,0.999945,-0.00233873,-0.00244989,0.00996192
557640434,0.0,0.0,0.0,0.999928,-0.00217082,-0.00232972,0.011524
557691891,0.0,0.0,0.0,0.999944,-0.00229069,-0.00236468,0.0100568
557741903,0.0,0.0,0.0,0.99993,-0.00230794,-0.00236587,0.0113581
557795481,0.0,0.0,0.0,0.999939,-0.00225962,-0.00234525,0.0105245
557845516,0.0,0.0,0.0,0.999941,-0.00224055,-0.00236807,0.0103681
557943068,0.0,0.0,0.0,0.999934,-0.00228712,-0.00236119,0.010991
558042863,0.0,0.0,0.0,0.99994,-0.00226554,-0.00231289,0.0104731
558093442,0.0,0.0,0.0,0.999939,-0.00221254,-0.00231252,0.0105569
558143997,0.0,0.0,0.0,0.999912,-0.00228952,-0.00227843,0.0128548
558190580,0.0,0.0,0.0,0.999945,-0.00225122,-0.00228502,0.00994041
558240887,0.0,0.0,0.0,0.999947,-0.00229607,-0.00236337,0.00976152
558291269,0.0,0.0,0.0,0.999943,-0.00227489,-0.00235426,0.0101143
558341567,0.0,0.0,0.0,0.999937,-0.00225741,-0.00233371,0.0107029
558443938,0.0,0.0,0.0,0.999916,-0.00230587,-0.00235617,0.0125213
558491093,0.0,0.0,0.0,0.999947,-0.00220629,-0.00229663,0.00983158
558541019,0.0,0.0,0.0,0.999934,-0.00225464,-0.00233935,0.0110174
558641185,0.0,0.0,0.0,0.99992,-0.00223468,-0.00236263,0.0121846
558744830,0.0,0.0,0.0,0.999916,-0.0022092,-0.00237266,0.0125861
558794498,0.0,0.0,0.0,0.99993,-0.00223652,-0.0023626,0.0113617
558844381,0.0,0.0,0.0,0.999928,-0.0022582,-0.00234836,0.0115319
558942665,0.0,0.0,0.0,0.999918,-0.00228661,-0.00233192,0.0124101
558992589,0.0,0.0,0.0,0.999932,-0.00218184,-0.0023042,0.0112597
559042912,0.0,0.0,0.0,0.999925,-0.00222142,-0.00231178,0.0118361
559092104,0.0,0.0,0.0,0.999926,-0.00217475,-0.00229195,0.0117777
559142571,0.0,0.0,0.0,0.999936,-0.0023432,-0.00234221,0.010782
559240770,0.0,0.0,0.0,0.999925,-0.00219264,-0.00227281,0.0118587
559291830,0.0,0.0,0.0,0.999935,-0.00236445,-0.00232903,0.0109395
559341820,0.0,0.0,0.0,0.999934,-0.00229057,-0.00233031,0.0110226
559391585,0.0,0.0,0.0,0.999936,-0.00224432,-0.00235703,0.0108445
559490991,0.0,0.0,0.0,0.999932,-0.00230134,-0.00232605,0.011243
559540984,0.0,0.0,0.0,0.999957,-0.00224329,-0.00237653,0.00868956
559640942,0.0,0.0,0.0,0.999936,-0.00231229,-0.00240136,0.0108015
559691629,0.0,0.0,0.0,0.999938,-0.00223476,-0.00237612,0.0106404
559792045,0.0,0.0,0.0,0.999951,-0.00227693,-0.00240256,0.00934433
559842096,0.0,0.0,0.0,0.999934,-0.00224854,-0.00246161,0.0110133
559892169,0.0,0.0,0.0,0.999924,-0.0022729,-0.0024754,0.011899
559994712,0.0,0.0,0.0,0.999946,-0.00228698,-0.00246572,0.00985457
560091672,0.0,0.0,0.0,0.999945,-0.00219759,-0.00239379,0.0100178
560140981,0.0,0.0,0.0,0.999929,-0.00223685,-0.0024376,0.0114838
560244647,0.0,0.0,0.0,0.999935,-0.00221073,-0.00237034,0.0109512
560292962,0.0,0.0,0.0,0.999954,-0.00225463,-0.00243511,0.00905495
560342318,0.0,0.0,0.0,0.999938,-0.00228085,-0.00240809,0.0106325
560443187,0.0,0.0,0.0,0.999909,-0.00223831,-0.00243528,0.0130482
560491662,0.0,0.0,0.0,0.999915,-0.00221114,-0.00242654,0.0126244
560541782,0.0,0.0,0.0,0.999934,-0.00239222,-0.00248651,0.0109752
560591438,0.0,0.0,0.0,0.999929,-0.00231429,-0.00246867,0.0114466
560641228,0.0,0.0,0.0,0.999931,-0.00221703,-0.00243503,0.0112429
560691685,0.0,0.0,0.0,0.999934,-0.00224108,-0.00244378,0.0109757
560793951,0.0,0.0,0.0,0.999918,-0.00221802,-0.00244542,0.0123387
560843567,0.0,0.0,0.0,0.999922,-0.00218533,-0.00242437,0.0120914
560942321,0.0,0.0,0.0,0.999941,-0.00218041,-0.00240275,0.0103728
560994967,0.0,0.0,0.0,0.99992,-0.00216085,-0.00240862,0.0122458
561045547,0.0,0.0,0.0,0.999936,-0.00214621,-0.00239024,0.0108124
561092767,0.0,0.0,0.0,0.999929,-0.00214291,-0.0024227,0.0114284
561142511,0.0,0.0,0.0,0.999938,-0.0021217,-0.00240426,0.0106837
561191513,0.0,0.0,0.0,0.999917,-0.00211803,-0.00241598,0.0124525
561241507,0.0,0.0,0.0,0.999936,-0.00215369,-0.00240853,0.0108726
561290409,0.0,0.0,0.0,0.999921,-0.00221146,-0.00243405,0.0121089
561340377,0.0,0.0,0.0,0.999927,-0.00219643,-0.00239447,0.0116254
561391896,0.0,0.0,0.0,0.99994,-0.0021267,-0.00237693,0.0105127
561492091,0.0,0.0,0.0,0.99994,-0.00210337,-0.00233256,0.0105128
561541599,0.0,0.0,0.0,0.999938,-0.00210395,-0.00234417,0.0106875
561589395,0.0,0.0,0.0,0.999935,-0.00215311,-0.00233298,0.0109785
561689525,0.0,0.0,0.0,0.999932,-0.00221841,-0.00238182,0.0112024
561739382,0.0,0.0,0.0,0.999922,-0.00211733,-0.00236707,0.0120568
561841424,0.0,0.0,0.0,0.999944,-0.00219148,-0.00231316,0.0101088
561939478,0.0,0.0,0.0,0.999926,-0.0021451,-0.00234483,0.0117291
561990657,0.0,0.0,0.0,0.999952,-0.00201124,-0.00230929,0.00935833
562040550,0.0,0.0,0.0,0.999944,-0.00210469,-0.00232552,0.010109
562091780,0.0,0.0,0.0,0.999956,-0.00203687,-0.00225404,0.00889612
562192471,0.0,0.0,0.0,0.999924,-0.00206777,-0.00227977,0.0118946
562242753,0.0,0.0,0.0,0.999933,-0.00217042,-0.0023173,0.0111368
562290779,0.0,0.0,0.0,0.999931,-0.00217616,-0.00230856,0.0113004
562340564,0.0,0.0,0.0,0.999934,-0.00194255,-0.00222343,0.011066
562439920,0.0,0.0,0.0,0.999937,-0.00205191,-0.00230055,0.0108118
562542570,0.0,0.0,0.0,0.999918,-0.00210617,-0.00230444,0.0124475
562588475,0.0,0.0,0.0,0.999933,-0.00203523,-0.00220384,0.0111833
562692405,0.0,0.0,0.0,0.999932,-0.00206984,-0.00218478,0.0112343
562741732,0.0,0.0,0.0,0.999925,-0.00203338,-0.00217627,0.0118542
562841841,0.0,0.0,0.0,0.999918,-0.00206067,-0.00217726,0.012486
562943473,0.0,0.0,0.0,0.999946,-0.00205137,-0.00219201,0.00996714
562992421,0.0,0.0,0.0,0.999936,-0.00204717,-0.00214271,0.0109521
563042175,0.0,0.0,0.0,0.999933,-0.00194524,-0.00212138,0.0112368
563142810,0.0,0.0,0.0,0.999915,-0.00200692,-0.00218889,0.0127026
563194562,0.0,0.0,0.0,0.999932,-0.00190657,-0.00215353,0.0113156
563293270,0.0,0.0,0.0,0.999932,-0.00195024,-0.0020607,0.0112998
563343302,0.0,0.0,0.0,0.999928,-0.00195423,-0.00209455,0.0116233
563443947,0.0,0.0,0.0,0.999924,-0.00199907,-0.00205268,0.0119706
563492632,0.0,0.0,0.0,0.999931,-0.00196423,-0.00204363,0.0114354
563590258,0.0,0.0,0.0,0.999932,-0.0019234,-0.00201697,0.0113581
563640336,0.0,0.0,0.0,0.999928,-0.00199161,-0.00205239,0.0116133
563693185,0.0,0.0,0.0,0.999929,-0.00199,-0.00206611,0.0116076
563743508,0.0,0.0,0.0,0.999919,-0.0019572,-0.00202026,0.0124082
563792502,0.0,0.0,0.0,0.999929,-0.00195658,-0.00206833,0.011577
563842555,0.0,0.0,0.0,0.999938,-0.00196867,-0.00205537,0.0108077
563892286,0.0,0.0,0.0,0.999921,-0.00197748,-0.00204845,0.0122432
563994243,0.0,0.0,0.0,0.999923,-0.00189849,-0.00202001,0.0120831
564090457,0.0,0.0,0.0,0.999922,-0.0018933,-0.00202028,0.0121667
564140468,0.0,0.0,0.0,0.999931,-0.00184357,-0.00214675,0.0113678
564243684,0.0,0.0,0.0,0.999937,-0.00340121,-0.00265755,0.0103115
564292386,0.0,0.0,0.0,0.999916,-0.00418999,-0.00283608,0.011893
564389883,0.0,0.0,0.0,0.999924,-0.00470676,-0.00346265,0.0108466
564494194,0.0,0.0,0.0,0.999848,-0.0080285,-0.00962668,0.0121516
564545019,0.0,0.0,0.0,0.9998,-0.00612108,-0.0143185,0.012546
564594084,0.0,0.0,0.0,0.999779,-0.00515166,-0.0160472,0.0125499
564644090,0.0,0.0,0.0,0.999608,-0.000827586,-0.0229881,0.0159906
564743625,0.0,0.0,0.0,0.99942,0.012423,-0.0268349,0.0168936
564791243,0.0,0.0,0.0,0.999163,0.0140658,-0.0298178,0.0242025
564841554,0.0,0.0,0.0,0.999047,0.0119802,-0.0316144,0.0276156
564941801,0.0,0.0,0.0,0.998594,-0.00133078,-0.0402167,0.0345242
564994038,0.0,0.0,0.0,0.998543,-0.00350589,-0.0411028,0.0347932
565049171,0.0,0.0,0.0,0.99849,-0.00542824,-0.0405398,0.0366678
565092113,0.0,0.0,0.0,0.998539,-0.00274467,-0.0379837,0.0383287
565142139,0.0,0.0,0.0,0.998521,-0.000888481,-0.0363796,0.0403807
565241626,0.0,0.0,0.0,0.998457,0.00484875,-0.0308691,0.0459018
565292870,0.0,0.0,0.0,0.998388,0.00230869,-0.0287568,0.0488764
565342534,0.0,0.0,0.0,0.998203,0.000437301,-0.0276962,0.0531275
565441622,0.0,0.0,0.0,0.998209,-0.0065762,-0.0209654,0.0556475
565543162,0.0,0.0,0.0,0.998035,-0.0102625,-0.013006,0.0604356
565594408,0.0,0.0,0.0,0.997877,-0.0161768,-0.00869358,0.0624806
565644948,0.0,0.0,0.0,0.997536,-0.0286957,-0.0041932,0.0638871
565693762,0.0,0.0,0.0,0.997329,-0.0362142,-0.000671773,0.0634243
565742749,0.0,0.0,0.0,0.996913,-0.0459588,0.00445295,0.0635018
565794280,0.0,0.0,0.0,0.996468,-0.0508819,0.00694963,0.0664392
565844163,0.0,0.0,0.0,0.99646,-0.0521681,0.00789193,0.0654508
565893577,0.0,0.0,0.0,0.996309,-0.0539321,0.00881073,0.0662016
565942006,0.0,0.0,0.0,0.99628,-0.0545235,0.00800247,0.066255
565989687,0.0,0.0,0.0,0.996256,-0.0545291,0.00514119,0.0668969
566039279,0.0,0.0,0.0,0.996239,-0.0540465,0.00280856,0.0676747
566092292,0.0,0.0,0.0,0.996266,-0.0516526,-0.00120793,0.069178
566141230,0.0,0.0,0.0,0.996475,-0.0449299,-0.0066466,0.0705291
566244790,0.0,0.0,0.0,0.996353,-0.0400558,-0.0114745,0.0744648
566292285,0.0,0.0,0.0,0.996424,-0.0372418,-0.0121,0.0748671
566342302,0.0,0.0,0.0,0.996412,-0.036334,-0.0128567,0.0753467
566441512,0.0,0.0,0.0,0.996324,-0.0343202,-0.0140626,0.0772251
566492281,0.0,0.0,0.0,0.996361,-0.0324425,-0.0142352,0.0775208
566542658,0.0,0.0,0.0,0.996503,-0.0308616,-0.0141399,0.0763471
566641206,0.0,0.0,0.0,0.996527,-0.0273685,-0.0136655,0.077446
566694040,0.0,0.0,0.0,0.996613,-0.0261736,-0.0132519,0.0768239
566744239,0.0,0.0,0.0,0.996613,-0.0251179,-0.0127264,0.0772598
566794870,0.0,0.0,0.0,0.996749,-0.0245849,-0.0124238,0.0757195
566845517,0.0,0.0,0.0,0.996852,-0.0230769,-0.0120152,0.0748977
566941756,0.0,0.0,0.0,0.997085,-0.0185962,-0.0113727,0.0731137
566990928,0.0,0.0,0.0,0.997069,-0.0175271,-0.0112671,0.0736163
567089951,0.0,0.0,0.0,0.997344,-0.0087261,-0.0101226,0.0715922
567140257,0.0,0.0,0.0,0.997617,-0.00719804,-0.00987134,0.0679024
567190529,0.0,0.0,0.0,0.997582,-0.00403871,-0.00931063,0.0687474
567240406,0.0,0.0,0.0,0.997759,-0.00393598,-0.00900547,0.0661794
567339310,0.0,0.0,0.0,0.998143,-0.00482271,-0.0089059,0.0600655
567391926,0.0,0.0,0.0,0.998263,-0.00473214,-0.00859215,0.05809
567441922,0.0,0.0,0.0,0.998375,-0.00463782,-0.00852609,0.0561486
567491893,0.0,0.0,0.0,0.998513,-0.00532645,-0.00843566,0.053589
567593706,0.0,0.0,0.0,0.998718,-0.00809238,-0.00878263,0.0491919
567644258,0.0,0.0,0.0,0.998942,-0.00920288,-0.00883914,0.044184
567694379,0.0,0.0,0.0,0.998984,-0.00912074,-0.00890213,0.0432235
567792957,0.0,0.0,0.0,0.998994,-0.00791349,-0.00887191,0.0432345
567843425,0.0,0.0,0.0,0.999187,-0.00703353,-0.00878233,0.0387045
567893475,0.0,0.0,0.0,0.999316,-0.00704014,-0.00856466,0.0352818
567943814,0.0,0.0,0.0,0.99939,-0.00702753,-0.00823356,0.0332093
567991731,0.0,0.0,0.0,0.999453,-0.00699434,-0.00816933,0.0312785
568041783,0.0,0.0,0.0,0.999514,-0.00731804,-0.00807887,0.029221
568092953,0.0,0.0,0.0,0.999585,-0.00898549,-0.00785683,0.0262324
568142299,0.0,0.0,0.0,0.999671,-0.0102632,-0.00758265,0.022271
568193150,0.0,0.0,0.0,0.999655,-0.0120146,-0.00703484,0.022265
568295305,0.0,0.0,0.0,0.999748,-0.0121323,-0.00639527,0.0177499
568345358,0.0,0.0,0.0,0.999757,-0.0109894,-0.00651413,0.0179466
568397398,0.0,0.0,0.0,0.9998,-0.0108277,-0.0066707,0.0154337
568494383,0.0,0.0,0.0,0.999818,-0.0123769,-0.00702491,0.0127041
568544117,0.0,0.0,0.0,0.999822,-0.0128905,-0.00711996,0.0118296
568593880,0.0,0.0,0.0,0.999838,-0.0136826,-0.00775077,0.00880307
568643972,0.0,0.0,0.0,0.999828,-0.0135652,-0.00799853,0.00975897
568693605,0.0,0.0,0.0,0.999861,-0.0119483,-0.00856402,0.00793055
568744267,0.0,0.0,0.0,0.999898,-0.00958096,-0.00881617,0.00588638
568790970,0.0,0.0,0.0,0.999884,-0.0106355,-0.00889987,0.0062749
568840758,0.0,0.0,0.0,0.999824,-0.0155774,-0.00890576,0.00544937
568890359,0.0,0.0,0.0,0.999774,-0.0189085,-0.00864702,0.00437926
568939859,0.0,0.0,0.0,0.999785,-0.0187398,-0.00823051,0.00318215
568992792,0.0,0.0,0.0,0.999849,-0.0154501,-0.00786494,0.00137904
569042469,0.0,0.0,0.0,0.999876,-0.0134669,-0.00773499,0.00269316
569091184,0.0,0.0,0.0,0.999954,-0.00544914,-0.00714651,0.00326689
569141098,0.0,0.0,0.0,0.999967,-0.00344048,-0.00704922,0.00230071
569192590,0.0,0.0,0.0,0.999967,-0.00369469,-0.00672651,0.00275231
569242206,0.0,0.0,0.0,0.99996,-0.00518969,-0.00633467,0.00365318
569292271,0.0,0.0,0.0,0.99994,-0.00845374,-0.00543457,0.00443443
569342487,0.0,0.0,0.0,0.999907,-0.012354,-0.00473283,0.0032196
569392889,0.0,0.0,0.0,0.999905,-0.0129753,-0.00359431,0.00295216
569442858,0.0,0.0,0.0,0.999898,-0.0138111,-0.0029271,0.00238878
569490076,0.0,0.0,0.0,0.999897,-0.0138463,-0.00210496,0.00307867
569541369,0.0,0.0,0.0,0.999883,-0.0147429,-0.00167573,0.00362351
569590573,0.0,0.0,0.0,0.999851,-0.0164662,-0.00182997,0.00485903
569641449,0.0,0.0,0.0,0.999823,-0.0177226,-0.001947,0.0059846
569740117,0.0,0.0,0.0,0.999702,-0.0231891,-0.00248104,0.0071557
569794245,0.0,0.0,0.0,0.999689,-0.0230961,-0.00267513,0.00899039
569844491,0.0,0.0,0.0,0.999703,-0.0218386,-0.00265659,0.0104839
569892452,0.0,0.0,0.0,0.99969,-0.0210698,-0.00245793,0.0130606
569942243,0.0,0.0,0.0,0.999669,-0.020737,-0.00234516,0.015031
570041112,0.0,0.0,0.0,0.999644,-0.0168054,-0.00168143,0.0206323
570143061,0.0,0.0,0.0,0.999563,-0.0135494,-0.00228487,0.026185
570193746,0.0,0.0,0.0,0.99951,-0.0104356,-0.00311168,0.0293396
570243751,0.0,0.0,0.0,0.999397,-0.00891898,-0.00364799,0.0333519
570291938,0.0,0.0,0.0,0.999313,-0.00791492,-0.00395083,0.0359951
570341696,0.0,0.0,0.0,0.999206,-0.00800354,-0.00305617,0.0389064
570394488,0.0,0.0,0.0,0.999099,-0.00748098,-0.00235382,0.0417039
570443897,0.0,0.0,0.0,0.999082,-0.00545729,-0.00121547,0.0424742
570540899,0.0,0.0,0.0,0.99892,-0.00107917,0.000630946,0.0464468
570592835,0.0,0.0,0.0,0.998864,-0.000170806,0.00091973,0.0476354
570643081,0.0,0.0,0.0,0.998745,-0.000688647,0.000899122,0.0500814
570693979,0.0,0.0,0.0,0.998793,-0.00131901,0.000441465,0.0491053
570744016,0.0,0.0,0.0,0.998806,-0.00296994,-0.00113253,0.048745
570795197,0.0,0.0,0.0,0.998893,-0.00316655,-0.00232003,0.0468844
570843858,0.0,0.0,0.0,0.998899,-0.00264647,-0.00396793,0.0466656
570894683,0.0,0.0,0.0,0.998973,-0.00256658,-0.00434288,0.0450294
570944476,0.0,0.0,0.0,0.998989,-0.00359285,-0.00610875,0.0443872
570995097,0.0,0.0,0.0,0.999028,-0.0044384,-0.00649344,0.0433667
571044772,0.0,0.0,0.0,0.999167,-0.00865602,-0.00751317,0.0391668
571092987,0.0,0.0,0.0,0.999237,-0.00958942,-0.00755813,0.0370897
571143091,0.0,0.0,0.0,0.999318,-0.0119822,-0.00745739,0.0341115
571191757,0.0,0.0,0.0,0.999316,-0.0124148,-0.00737001,0.0340569
571241784,0.0,0.0,0.0,0.999422,-0.0133702,-0.00718081,0.030403
571294155,0.0,0.0,0.0,0.999441,-0.0165455,-0.00717973,0.0281549
571344317,0.0,0.0,0.0,0.999417,-0.020265,-0.00798432,0.0263051
571392453,0.0,0.0,0.0,0.999326,-0.0285271,-0.0085977,0.0214218
571443131,0.0,0.0,0.0,0.999255,-0.0319525,-0.00937294,0.0194943
571540232,0.0,0.0,0.0,0.999302,-0.0324551,-0.00979613,0.0156621
571643255,0.0,0.0,0.0,0.999465,-0.0284995,-0.00816138,0.0138262
571745880,0.0,0.0,0.0,0.999624,-0.0246746,-0.00673859,0.00985026
571795410,0.0,0.0,0.0,0.999728,-0.0210228,-0.00638355,0.00787006
571845274,0.0,0.0,0.0,0.999774,-0.0191441,-0.00706796,0.0058885
571942260,0.0,0.0,0.0,0.999795,-0.0155375,-0.0122426,0.00432737
572043294,0.0,0.0,0.0,0.999645,-0.0168413,-0.0204998,0.0023676
572092874,0.0,0.0,0.0,0.999609,-0.0175413,-0.0217705,-0.000136244
572143745,0.0,0.0,0.0,-0.999588,0.0177511,0.0225257,0.001479
572241844,0.0,0.0,0.0,-0.999604,0.0172116,0.0222607,0.000952135
572290623,0.0,0.0,0.0,-0.999616,0.0170509,0.0218337,0.000546211
572340237,0.0,0.0,0.0,-0.99966,0.017225,0.019514,0.00170998
572393556,0.0,0.0,0.0,-0.999677,0.0171798,0.018669,0.00125468
572442732,0.0,0.0,0.0,-0.999742,0.0172172,0.0146298,0.00213353
572493544,0.0,0.0,0.0,-0.999753,0.0174932,0.0136653,0.00105316
572543546,0.0,0.0,0.0,0.999761,-0.0189733,-0.0108244,0.000127492
572591941,0.0,0.0,0.0,0.999764,-0.0189893,-0.0103128,0.0022262
572641911,0.0,0.0,0.0,0.999784,-0.0184853,-0.00928512,0.00186132
572690337,0.0,0.0,0.0,0.999806,-0.0170007,-0.00809166,0.00578452
572740298,0.0,0.0,0.0,0.999789,-0.0161025,-0.00752714,0.0103229
572793400,0.0,0.0,0.0,0.99981,-0.0149421,-0.00660728,0.0106118
572842633,0.0,0.0,0.0,0.999761,-0.0140481,-0.00569078,0.0157776
572896459,0.0,0.0,0.0,0.999749,-0.013139,-0.00352793,0.0178002
572947228,0.0,0.0,0.0,0.99966,-0.0125137,-0.000436996,0.0228665
572994855,0.0,0.0,0.0,0.99953,-0.0122354,0.000151335,0.0281031
573044980,0.0,0.0,0.0,0.999444,-0.00981612,0.00189321,0.031809
573095234,0.0,0.0,0.0,0.999285,-0.00982482,0.00184751,0.036459
573145428,0.0,0.0,0.0,0.999201,-0.00715908,0.00209229,0.0392545
573191825,0.0,0.0,0.0,0.999049,-0.00444577,0.00159075,0.0433342
573241981,0.0,0.0,0.0,0.998912,-0.0030879,0.00088587,0.0465169
573343005,0.0,0.0,0.0,0.99851,-0.00151659,-0.00711061,0.0540792
573441683,0.0,0.0,0.0,0.998047,0.000772325,-0.0128213,0.0611348
573489433,0.0,0.0,0.0,0.997751,0.0014212,-0.0203225,0.0638652
573539307,0.0,0.0,0.0,0.997323,0.00150518,-0.0216887,0.0698209
573640597,0.0,0.0,0.0,0.996965,-0.000125372,-0.0258852,0.0734184
573691462,0.0,0.0,0.0,0.996925,-0.000563624,-0.0255647,0.074077
573741296,0.0,0.0,0.0,0.996543,-0.000666328,-0.0251303,0.0791814
573841587,0.0,0.0,0.0,0.996537,-0.00415939,-0.0138602,0.0818854
573944169,0.0,0.0,0.0,0.996319,-0.00732465,-0.00386981,0.0853253
574044592,0.0,0.0,0.0,0.996202,-0.00802715,-0.000857897,0.0866988
574144216,0.0,0.0,0.0,0.996169,-0.00910313,-0.000254711,0.0869738
574192167,0.0,0.0,0.0,0.996225,-0.00962651,-0.000920142,0.0862663
574242462,0.0,0.0,0.0,0.996206,-0.0122168,-0.00153841,0.0861513
574293025,0.0,0.0,0.0,0.996303,-0.012715,-0.00172083,0.0849505
574342633,0.0,0.0,0.0,0.996336,-0.0135418,-0.00156598,0.0844274
574393043,0.0,0.0,0.0,0.996523,-0.015345,-0.000868666,0.081894
574443284,0.0,0.0,0.0,0.996491,-0.0192854,7.06624e-05,0.0814481
574493993,0.0,0.0,0.0,0.996619,-0.0204072,0.000194627,0.0795901
574544370,0.0,0.0,0.0,0.996648,-0.022687,4.90007e-05,0.0785975
574593961,0.0,0.0,0.0,0.996681,-0.0250061,-0.000690332,0.0774619
574643612,0.0,0.0,0.0,0.996961,-0.0234335,-0.00103027,0.0742857
574741610,0.0,0.0,0.0,0.997073,-0.0175455,-0.000247586,0.0744161
574842030,0.0,0.0,0.0,0.9973,-0.00769986,0.00227528,0.0729935
574892875,0.0,0.0,0.0,0.997353,-0.00764088,0.00260195,0.0722639
574943455,0.0,0.0,0.0,0.997419,-0.00850108,0.00307699,0.0712347
574991058,0.0,0.0,0.0,0.997459,-0.0111562,0.00353803,0.0702798
575040727,0.0,0.0,0.0,0.997657,-0.0121559,0.003592,0.067236
575143050,0.0,0.0,0.0,0.997904,-0.0119,0.00373352,0.0634948
575191715,0.0,0.0,0.0,0.998053,-0.0111537,0.00366319,0.06126
575292134,0.0,0.0,0.0,0.998125,-0.00902925,0.00492256,0.0603434
575342081,0.0,0.0,0.0,0.99851,-0.00911645,0.00660288,0.0534033
575442019,0.0,0.0,0.0,0.998514,-0.00809674,0.00707041,0.0534333
575544848,0.0,0.0,0.0,0.998963,-0.0116248,0.00490588,0.0437397
575642826,0.0,0.0,0.0,0.999059,-0.0161532,-0.000787544,0.0402392
575692599,0.0,0.0,0.0,0.999226,-0.0160801,-0.00391909,0.0356918
575743372,0.0,0.0,0.0,0.999308,-0.0155898,-0.00532197,0.0333368
575792958,0.0,0.0,0.0,0.999318,-0.0146669,-0.00618006,0.0333282
575842333,0.0,0.0,0.0,0.999575,-0.013554,-0.00676602,0.0248981
575943182,0.0,0.0,0.0,0.999665,-0.011974,-0.00840883,0.0213457
576041307,0.0,0.0,0.0,0.999736,-0.0101822,-0.00892857,0.0185826
576092621,0.0,0.0,0.0,0.999744,-0.00908744,-0.00937012,0.0184758
576142699,0.0,0.0,0.0,0.9998,-0.00842099,-0.0094728,0.0154381
576191763,0.0,0.0,0.0,0.999832,-0.00895185,-0.00945371,0.0129221
576294813,0.0,0.0,0.0,0.999868,-0.010732,-0.00935059,0.00786949
576343651,0.0,0.0,0.0,0.999869,-0.0118607,-0.00912411,0.00621397
576396528,0.0,0.0,0.0,0.999883,-0.0116995,-0.00899204,0.00399455
576446763,0.0,0.0,0.0,0.999906,-0.0106782,-0.00843514,0.0017588
576544925,0.0,0.0,0.0,0.999936,-0.00782816,-0.00819298,0.000380161
576594376,0.0,0.0,0.0,-0.999938,0.00691057,0.00866405,0.000761914
576693499,0.0,0.0,0.0,-0.999923,0.0067981,0.0102875,0.0010244
576743431,0.0,0.0,0.0,-0.999911,0.00717656,0.0110272,0.00231344
576792008,0.0,0.0,0.0,-0.999888,0.00825064,0.0121046,0.00294852
576842606,0.0,0.0,0.0,-0.999886,0.00834883,0.0121772,0.00302969
576892711,0.0,0.0,0.0,-0.999905,0.00734216,0.0114134,0.00237398
576942582,0.0,0.0,0.0,-0.999911,0.00695649,0.0110145,0.00296981
577046256,0.0,0.0,0.0,-0.999911,0.00684749,0.0102563,0.00513731
577140891,0.0,0.0,0.0,-0.999876,0.00696707,0.0131992,0.00503255
577243584,0.0,0.0,0.0,-0.99972,0.0112745,0.0196445,0.00680768
577293681,0.0,0.0,0.0,-0.999622,0.0129345,0.0229117,0.00791317
577343679,0.0,0.0,0.0,-0.999565,0.0138763,0.0240402,0.00994634
577393756,0.0,0.0,0.0,-0.999556,0.0138976,0.0240279,0.010831
577444313,0.0,0.0,0.0,-0.999592,0.0124873,0.0232943,0.010844
577494557,0.0,0.0,0.0,-0.999672,0.0100144,0.0206066,0.01146
577544831,0.0,0.0,0.0,-0.999722,0.00865114,0.0186711,0.0115523
577593859,0.0,0.0,0.0,-0.999773,0.0075437,0.0163255,0.0114321
577643897,0.0,0.0,0.0,-0.999816,0.00625536,0.0139567,0.0115721
577693442,0.0,0.0,0.0,-0.999827,0.00587523,0.0134834,0.0113834
577743284,0.0,0.0,0.0,-0.999862,0.00447338,0.0125744,0.00990371
577789517,0.0,0.0,0.0,-0.999884,0.00429447,0.0124858,0.0076403
577839420,0.0,0.0,0.0,-0.999894,0.00440625,0.0122429,0.00654495
577943812,0.0,0.0,0.0,-0.999929,0.00636164,0.00987755,0.00178289
577992701,0.0,0.0,0.0,0.999931,-0.00622279,-0.00962894,0.0027227
578042785,0.0,0.0,0.0,0.999918,-0.00578903,-0.00919902,0.00674614
578093378,0.0,0.0,0.0,0.999921,-0.00508851,-0.00835087,0.0078774
578143267,0.0,0.0,0.0,0.999853,-0.00483235,-0.00791488,0.0144287
578191085,0.0,0.0,0.0,0.99984,-0.00405176,-0.00654423,0.016146
578240966,0.0,0.0,0.0,0.999661,-0.00370321,-0.0060997,0.0250523
578342150,0.0,0.0,0.0,0.999534,-0.0032214,-0.00368331,0.0301422
578442607,0.0,0.0,0.0,0.999256,-0.00424803,-0.00397801,0.0381287
578492145,0.0,0.0,0.0,0.999182,-0.00421315,-0.00539998,0.0398554
578542316,0.0,0.0,0.0,0.998863,-0.00415527,-0.00592781,0.0471213
578642617,0.0,0.0,0.0,0.998752,-0.00562997,-0.00633554,0.0492283
578743052,0.0,0.0,0.0,0.99873,-0.00825544,-0.00448513,0.0494899
578794306,0.0,0.0,0.0,0.99859,-0.00846584,-0.00297758,0.052312
578844405,0.0,0.0,0.0,0.998574,-0.00784043,-0.00287628,0.0527184
578943437,0.0,0.0,0.0,0.998412,-0.00787267,-0.00372202,0.0556583
579044197,0.0,0.0,0.0,0.99831,-0.0090403,-0.00459993,0.057225
579093580,0.0,0.0,0.0,0.998211,-0.0101667,-0.00506429,0.0586993
579143692,0.0,0.0,0.0,0.998167,-0.0126907,-0.00783122,0.0586481
579245546,0.0,0.0,0.0,0.997584,-0.0164996,-0.0102425,0.0666948
579344623,0.0,0.0,0.0,0.997003,-0.0184771,-0.0117583,0.0742026
579396169,0.0,0.0,0.0,0.996789,-0.0182666,-0.0115598,0.0770943
579493128,0.0,0.0,0.0,0.996407,-0.015595,-0.00952008,0.0826961
579542896,0.0,0.0,0.0,0.996115,-0.01512,-0.00926899,0.0862565
579642416,0.0,0.0,0.0,0.995523,-0.0154314,-0.0124376,0.0924132
579746050,0.0,0.0,0.0,0.995549,-0.0124468,-0.0134685,0.0924481
579842419,0.0,0.0,0.0,0.994804,-0.0103563,-0.0143387,0.10026
579943419,0.0,0.0,0.0,0.99472,-0.00653619,-0.0129103,0.101601
579992027,0.0,0.0,0.0,0.994585,-0.00597348,-0.0119673,0.103063
580041600,0.0,0.0,0.0,0.994429,-0.00584901,-0.0114942,0.104621
580094661,0.0,0.0,0.0,0.994453,-0.00590712,-0.00946257,0.104585
580144947,0.0,0.0,0.0,0.994258,-0.00596223,-0.00912258,0.106449
580241605,0.0,0.0,0.0,0.994326,-0.00602067,-0.00849499,0.105863
580290245,0.0,0.0,0.0,0.99435,-0.00574993,-0.00871149,0.105633
580340249,0.0,0.0,0.0,0.994569,-0.00318677,-0.00990567,0.10356
580440572,0.0,0.0,0.0,0.994783,0.00117884,-0.010732,0.101445
580491191,0.0,0.0,0.0,0.994999,0.00234388,-0.0112747,0.0992185
580541115,0.0,0.0,0.0,0.99529,0.00250354,-0.0111752,0.0962623
580593540,0.0,0.0,0.0,0.99563,0.0011789,-0.00979213,0.0928674
580644002,0.0,0.0,0.0,0.995934,0.000506178,-0.00829378,0.089705
580744545,0.0,0.0,0.0,0.996832,-0.00196617,-0.00585177,0.0792924
580843379,0.0,0.0,0.0,0.997845,-0.00193253,-0.00443958,0.0654294
580942490,0.0,0.0,0.0,0.998692,-0.0034209,-0.00406026,0.0508505
580993087,0.0,0.0,0.0,0.999022,-0.00483658,-0.00481402,0.0436762
581044070,0.0,0.0,0.0,0.999279,-0.00581537,-0.00533363,0.0371518
581144098,0.0,0.0,0.0,0.999692,-0.00738233,-0.0063739,0.0228072
581191119,0.0,0.0,0.0,0.999796,-0.00752144,-0.00668482,0.017537
581241252,0.0,0.0,0.0,0.999887,-0.00827583,-0.00753831,0.0100254
581290726,0.0,0.0,0.0,0.999918,-0.00859721,-0.0077783,0.00549156
581340524,0.0,0.0,0.0,-0.999886,0.00998014,0.0091354,0.00675747
581442194,0.0,0.0,0.0,-0.99978,0.0109707,0.0102508,0.0146628
581546083,0.0,0.0,0.0,-0.999646,0.013162,0.0113174,0.0201805
581593967,0.0,0.0,0.0,-0.999493,0.0133037,0.0112625,0.026648
581643723,0.0,0.0,0.0,-0.999289,0.013187,0.0109756,0.0335714
581744184,0.0,0.0,0.0,-0.999106,0.013177,0.00997276,0.0389138
581795437,0.0,0.0,0.0,-0.998988,0.0140488,0.00820931,0.0419248
581845105,0.0,0.0,0.0,-0.998926,0.0144942,0.00675195,0.0434899
581946586,0.0,0.0,0.0,-0.998599,0.0123485,0.00461188,0.0512497
581994412,0.0,0.0,0.0,-0.998432,0.0104388,0.0049073,0.0547788
582044235,0.0,0.0,0.0,-0.998342,0.00940731,0.00554841,0.0565188
582140042,0.0,0.0,0.0,-0.997957,0.00973622,0.00822737,0.0625978
582192384,0.0,0.0,0.0,-0.997843,0.0101083,0.0084612,0.0643063
582288053,0.0,0.0,0.0,-0.997631,0.012114,0.00811786,0.0672256
582390868,0.0,0.0,0.0,-0.997316,0.0135983,0.00756832,0.0715422
582440821,0.0,0.0,0.0,-0.997143,0.0151219,0.00725047,0.0736515
582544279,0.0,0.0,0.0,-0.996981,0.0153639,0.00695044,0.0757918
582643791,0.0,0.0,0.0,-0.996494,0.0139455,0.00549426,0.0823146
582741786,0.0,0.0,0.0,-0.995988,0.0130879,0.00618025,0.0883125
582842071,0.0,0.0,0.0,-0.995435,0.0142987,0.00676943,0.0941241
582894583,0.0,0.0,0.0,-0.994833,0.0149492,0.0067775,0.100193
582994568,0.0,0.0,0.0,-0.994259,0.0175645,0.00674323,0.10533
583044145,0.0,0.0,0.0,-0.993578,0.0183168,0.00620092,0.111482
583146378,0.0,0.0,0.0,-0.993121,0.0184019,0.0048083,0.115539
583245313,0.0,0.0,0.0,-0.993082,0.0156426,0.00394282,0.116313
583296365,0.0,0.0,0.0,-0.992944,0.0140224,0.00341779,0.117707
583347326,0.0,0.0,0.0,-0.992652,0.0133744,0.00199142,0.120247
583444394,0.0,0.0,0.0,-0.992395,0.0150536,-0.000119723,0.122168
583493781,0.0,0.0,0.0,-0.992529,0.016531,-0.000492026,0.120884
583544779,0.0,0.0,0.0,-0.992526,0.0185127,-0.000706143,0.120621
583597254,0.0,0.0,0.0,-0.992581,0.0184839,0.000388419,0.120167
583645261,0.0,0.0,0.0,-0.992734,0.0172174,0.00164266,0.119081
583694190,0.0,0.0,0.0,-0.99288,0.016595,0.00215128,0.117935
583745092,0.0,0.0,0.0,-0.993188,0.0155967,0.00290998,0.115441
583793184,0.0,0.0,0.0,-0.993315,0.014757,0.00358432,0.11443
583843276,0.0,0.0,0.0,-0.993866,0.014494,0.00429649,0.109553
583942673,0.0,0.0,0.0,-0.994213,0.0133991,0.00554535,0.106443
583993373,0.0,0.0,0.0,-0.994252,0.0127302,0.00717111,0.106063
584043344,0.0,0.0,0.0,-0.994466,0.0119875,0.00798661,0.104063
584090256,0.0,0.0,0.0,-0.994633,0.0104647,0.00804397,0.102625
584140633,0.0,0.0,0.0,-0.995074,0.00989542,0.00765575,0.0983432
584243345,0.0,0.0,0.0,-0.995165,0.0100096,0.00833201,0.0973505
584292435,0.0,0.0,0.0,-0.995358,0.00956227,0.0088101,0.0953585
584343288,0.0,0.0,0.0,-0.995601,0.00730966,0.0111892,0.0927372
584390083,0.0,0.0,0.0,-0.995597,0.00680797,0.0117883,0.0927413
584493671,0.0,0.0,0.0,-0.995515,0.00517277,0.0140136,0.093419
584591282,0.0,0.0,0.0,-0.995681,0.00515465,0.0143869,0.0915708
584641237,0.0,0.0,0.0,-0.995621,0.00640195,0.013172,0.0923271
584693322,0.0,0.0,0.0,-0.995646,0.00712064,0.0124143,0.0921042
584791861,0.0,0.0,0.0,-0.995611,0.00881378,0.00885187,0.0927529
584892168,0.0,0.0,0.0,-0.995452,0.00972676,0.00506032,0.094633
584990334,0.0,0.0,0.0,-0.995543,0.00951632,0.00194926,0.0938112
585040778,0.0,0.0,0.0,-0.995537,0.00946524,0.00119777,0.0938893
585144396,0.0,0.0,0.0,-0.995657,0.0100883,0.000939827,0.0925476
585243628,0.0,0.0,0.0,-0.995929,0.0122059,0.000343172,0.0893113
585291507,0.0,0.0,0.0,-0.99593,0.0121389,0.000360066,0.0893114
585341564,0.0,0.0,0.0,-0.996418,0.0118195,0.00120029,0.0837313
585390876,0.0,0.0,0.0,-0.996344,0.0118332,0.00147508,0.0845916
585491895,0.0,0.0,0.0,-0.996554,0.0128695,0.00322698,0.0818805
585541933,0.0,0.0,0.0,-0.996637,0.0139315,0.00395243,0.080657
585593226,0.0,0.0,0.0,-0.996674,0.0163229,0.00464715,0.0796997
585643381,0.0,0.0,0.0,-0.997077,0.0199511,0.00443075,0.073621
585743804,0.0,0.0,0.0,-0.997103,0.0220695,0.00414674,0.072672
585845495,0.0,0.0,0.0,-0.997495,0.0214032,0.00495289,0.0672398
585895225,0.0,0.0,0.0,-0.997476,0.0211045,0.00474882,0.0676349
585944952,0.0,0.0,0.0,-0.997636,0.0192617,0.00432027,0.065821
585992042,0.0,0.0,0.0,-0.997792,0.0184517,0.00371135,0.0636997
586042201,0.0,0.0,0.0,-0.997881,0.0147972,0.00374156,0.0632581
586092910,0.0,0.0,0.0,-0.998029,0.0139158,0.00385708,0.061064
586142891,0.0,0.0,0.0,-0.99802,0.0126208,0.00401612,0.0614806
586193867,0.0,0.0,0.0,-0.998068,0.0120303,0.00428597,0.0608026
586244741,0.0,0.0,0.0,-0.998001,0.0143032,0.00439482,0.0614002
586341985,0.0,0.0,0.0,-0.997875,0.017613,0.00533341,0.0625006
586391455,0.0,0.0,0.0,-0.997786,0.0201808,0.00669754,0.0630117
586441325,0.0,0.0,0.0,-0.997629,0.0201298,0.00838336,0.06527
586495748,0.0,0.0,0.0,-0.99764,0.0193112,0.00911877,0.0652501
586545103,0.0,0.0,0.0,-0.997598,0.0187614,0.00980406,0.0659626
586591972,0.0,0.0,0.0,-0.99759,0.018505,0.0103416,0.0660583
586643340,0.0,0.0,0.0,-0.997537,0.0176301,0.0109198,0.0670002
586741572,0.0,0.0,0.0,-0.997484,0.0162142,0.0106602,0.0681806
586792492,0.0,0.0,0.0,-0.997496,0.0161595,0.0102146,0.0680915
586842424,0.0,0.0,0.0,-0.997507,0.0161105,0.00926061,0.0680786
586941609,0.0,0.0,0.0,-0.997547,0.015428,0.00666484,0.0679459
586995537,0.0,0.0,0.0,-0.997561,0.0154142,0.00472323,0.067917
587045459,0.0,0.0,0.0,-0.997636,0.0157448,0.00369739,0.0667897
587094714,0.0,0.0,0.0,-0.997721,0.016046,0.00314675,0.0654699
587143621,0.0,0.0,0.0,-0.997795,0.0172221,0.00265575,0.064044
587193447,0.0,0.0,0.0,-0.997842,0.0178352,0.00259363,0.063139
587243300,0.0,0.0,0.0,-0.99793,0.019061,0.00283346,0.0613509
587342428,0.0,0.0,0.0,-0.998051,0.0213807,0.00478032,0.0584281
587390151,0.0,0.0,0.0,-0.998243,0.0213548,0.00566308,0.0549799
587440166,0.0,0.0,0.0,-0.998438,0.0209174,0.00586271,0.0514715
587544265,0.0,0.0,0.0,-0.998668,0.0160502,0.00516502,0.0487587
587594169,0.0,0.0,0.0,-0.998813,0.0149483,0.00446592,0.0461456
587643932,0.0,0.0,0.0,-0.998877,0.0139995,0.00443342,0.0450413
587743314,0.0,0.0,0.0,-0.999042,0.0136064,0.00437432,0.0413586
587796026,0.0,0.0,0.0,-0.999112,0.0132368,0.00524041,0.0396422
587845191,0.0,0.0,0.0,-0.999143,0.0126455,0.00629067,0.0389164
587894141,0.0,0.0,0.0,-0.999161,0.0122031,0.00736103,0.0384008
587944207,0.0,0.0,0.0,-0.999125,0.0133045,0.00902261,0.0386078
587993614,0.0,0.0,0.0,-0.99917,0.013433,0.00917679,0.0373522
588043252,0.0,0.0,0.0,-0.999174,0.0116227,0.00893676,0.0378976
588142518,0.0,0.0,0.0,-0.99923,0.00653835,0.00797572,0.0378473
588190411,0.0,0.0,0.0,-0.999232,0.00466574,0.00607512,0.0384172
588292482,0.0,0.0,0.0,-0.999205,0.00305737,0.00408658,0.0395273
588342609,0.0,0.0,0.0,-0.999148,0.00359787,0.00346179,0.0409686
588395101,0.0,0.0,0.0,-0.999011,0.00449682,0.00315207,0.0441146
588444737,0.0,0.0,0.0,-0.998818,0.00503294,0.00302008,0.0482503
588495167,0.0,0.0,0.0,-0.998667,0.00590236,0.00310666,0.0511909
588594485,0.0,0.0,0.0,-0.998456,0.00626138,0.00524804,0.0549435
588644378,0.0,0.0,0.0,-0.99824,0.0060216,0.00543654,0.0587543
588692642,0.0,0.0,0.0,-0.998097,0.00524363,0.00576963,0.0611609
588743367,0.0,0.0,0.0,-0.997872,0.00476848,0.0058249,0.0647605
588794410,0.0,0.0,0.0,-0.997697,0.00472654,0.00582911,0.0674121
588844688,0.0,0.0,0.0,-0.997525,0.00467722,0.00585841,0.069913
588893733,0.0,0.0,0.0,-0.997187,0.00509697,0.00598159,0.0745419
588943758,0.0,0.0,0.0,-0.996833,0.00677085,0.0074445,0.0788863
588992818,0.0,0.0,0.0,-0.996481,0.00746566,0.0083024,0.0830664
589042793,0.0,0.0,0.0,-0.996244,0.00803269,0.00967338,0.0856757
589094181,0.0,0.0,0.0,-0.995703,0.00841925,0.0122542,0.0914078
589144247,0.0,0.0,0.0,-0.995504,0.00837911,0.0124106,0.0935304
589192896,0.0,0.0,0.0,-0.995192,0.00767646,0.0119433,0.0969122
589242926,0.0,0.0,0.0,-0.994804,0.00675,0.0100755,0.101081
589293487,0.0,0.0,0.0,-0.994457,0.00676057,0.00964136,0.104479
589344317,0.0,0.0,0.0,-0.994287,0.0067176,0.00903768,0.10614
589395242,0.0,0.0,0.0,-0.99382,0.00769915,0.00774432,0.110468
589445174,0.0,0.0,0.0,-0.993569,0.0093638,0.00741312,0.112597
589545081,0.0,0.0,0.0,-0.992799,0.0113582,0.00971251,0.118856
589643371,0.0,0.0,0.0,-0.992565,0.0136404,0.0131356,0.120236
589694406,0.0,0.0,0.0,-0.991944,0.0140858,0.0133829,0.125179
589744467,0.0,0.0,0.0,-0.991268,0.0152323,0.0138334,0.130247
589844616,0.0,0.0,0.0,-0.990944,0.0140841,0.0109876,0.133085
589894770,0.0,0.0,0.0,-0.990664,0.0137245,0.0103082,0.135243
589994344,0.0,0.0,0.0,-0.990483,0.013407,0.00648995,0.136823
590044682,0.0,0.0,0.0,-0.990297,0.0142441,0.004144,0.138175
590091963,0.0,0.0,0.0,-0.990084,0.0151147,0.00368492,0.139613
590143198,0.0,0.0,0.0,-0.989749,0.0169534,0.00360701,0.141763
590193146,0.0,0.0,0.0,-0.989607,0.0174705,0.00374145,0.142685
590243122,0.0,0.0,0.0,-0.98961,0.0182339,0.00423722,0.142555
590294596,0.0,0.0,0.0,-0.989453,0.0182963,0.00542824,0.143593
590344351,0.0,0.0,0.0,-0.989655,0.0181546,0.00626025,0.142177
590443202,0.0,0.0,0.0,-0.989894,0.0208713,0.00800302,0.140037
590543516,0.0,0.0,0.0,-0.990675,0.0222747,0.00966925,0.134064
590643039,0.0,0.0,0.0,-0.990939,0.0219836,0.00867549,0.132216
590695986,0.0,0.0,0.0,-0.991884,0.0219408,0.00838034,0.12496
590795710,0.0,0.0,0.0,-0.992429,0.0219268,0.0059295,0.120703
590845540,0.0,0.0,0.0,-0.993082,0.0214339,0.00524353,0.115331
590895949,0.0,0.0,0.0,-0.993521,0.0200692,0.00497287,0.11175
590945868,0.0,0.0,0.0,-0.994276,0.0191205,0.00545951,0.104977
590995422,0.0,0.0,0.0,-0.994789,0.0178354,0.00703175,0.100135
591045315,0.0,0.0,0.0,-0.995751,0.0176559,0.00839925,0.0899921
591144587,0.0,0.0,0.0,-0.996105,0.0178829,0.00952021,0.085819
591194330,0.0,0.0,0.0,-0.996548,0.0176656,0.00975715,0.0805288
591244048,0.0,0.0,0.0,-0.996811,0.0171023,0.00990589,0.0773163
591344233,0.0,0.0,0.0,-0.997494,0.0144208,0.00897642,0.0686788
591391083,0.0,0.0,0.0,-0.997683,0.0140211,0.00878439,0.0659979
591441268,0.0,0.0,0.0,-0.998038,0.0123291,0.00753227,0.0609165
591491410,0.0,0.0,0.0,-0.998371,0.0122857,0.00760275,0.0551999
591594024,0.0,0.0,0.0,-0.998565,0.0109658,0.00571842,0.0520994
591643714,0.0,0.0,0.0,-0.998855,0.0108252,0.00563205,0.046255
591741151,0.0,0.0,0.0,-0.999068,0.0116371,0.00600163,0.0411265
591845959,0.0,0.0,0.0,-0.999092,0.0138786,0.00738982,0.0395871
591892623,0.0,0.0,0.0,-0.999179,0.013832,0.00761522,0.0373088
591942431,0.0,0.0,0.0,-0.999182,0.0134197,0.0081075,0.0372656
591991716,0.0,0.0,0.0,-0.999184,0.0120471,0.00917805,0.0374376
592042168,0.0,0.0,0.0,-0.999213,0.0105985,0.0109364,0.0366251
592091278,0.0,0.0,0.0,-0.999208,0.0105971,0.0112573,0.0366577
592141254,0.0,0.0,0.0,-0.999167,0.0111142,0.011689,0.0374728
592243646,0.0,0.0,0.0,-0.999089,0.0123139,0.0124099,0.0389304
592291611,0.0,0.0,0.0,-0.999075,0.0132213,0.0127961,0.0388641
592341809,0.0,0.0,0.0,-0.999029,0.0136626,0.0127496,0.039904
592442003,0.0,0.0,0.0,-0.998851,0.0166247,0.0106872,0.0436509
592494435,0.0,0.0,0.0,-0.998819,0.0171323,0.00993283,0.0443768
592544589,0.0,0.0,0.0,-0.998806,0.0172381,0.00897385,0.0448138
592591228,0.0,0.0,0.0,-0.998732,0.0171915,0.00862496,0.0465309
592692288,0.0,0.0,0.0,-0.998608,0.0161316,0.0085318,0.0494954
592742256,0.0,0.0,0.0,-0.9984,0.0158361,0.00848365,0.0536194
592842051,0.0,0.0,0.0,-0.998255,0.0185665,0.00830563,0.0554298
592892408,0.0,0.0,0.0,-0.998161,0.0200126,0.00805435,0.0566532
592942289,0.0,0.0,0.0,-0.997995,0.0213909,0.00753083,0.0590972
593042576,0.0,0.0,0.0,-0.997669,0.0220523,0.00731398,0.0641598
593142756,0.0,0.0,0.0,-0.997648,0.0195283,0.00831278,0.0651715
593193640,0.0,0.0,0.0,-0.997526,0.0190454,0.00831307,0.0671498
593243503,0.0,0.0,0.0,-0.997405,0.0182458,0.00811783,0.0691668
593296150,0.0,0.0,0.0,-0.997411,0.017358,0.00753111,0.0693845
593346133,0.0,0.0,0.0,-0.997268,0.016747,0.00734706,0.0715738
593394652,0.0,0.0,0.0,-0.997298,0.0169597,0.00758391,0.0710795
593445512,0.0,0.0,0.0,-0.997227,0.0179781,0.00888637,0.0716673
593492311,0.0,0.0,0.0,-0.99722,0.0180394,0.00925398,0.0717061
593542341,0.0,0.0,0.0,-0.997258,0.0179612,0.00997565,0.0710983
593596641,0.0,0.0,0.0,-0.997291,0.0176092,0.0107142,0.0706093
593647142,0.0,0.0,0.0,-0.997447,0.0171987,0.0108558,0.068451
593744419,0.0,0.0,0.0,-0.997659,0.0197335,0.00909632,0.0648413
593792905,0.0,0.0,0.0,-0.997725,0.020561,0.00842701,0.0636394
593842546,0.0,0.0,0.0,-0.998023,0.0206885,0.00817721,0.0587864
593894073,0.0,0.0,0.0,-0.998147,0.0206787,0.00747706,0.0567383
593944033,0.0,0.0,0.0,-0.998399,0.0210682,0.0069898,0.0520328
594042676,0.0,0.0,0.0,-0.998986,0.0190403,0.0074941,0.0401148
594145339,0.0,0.0,0.0,-0.999337,0.0160523,0.00929743,0.0313136
594196279,0.0,0.0,0.0,-0.999491,0.0164186,0.0104381,0.0252985
594245725,0.0,0.0,0.0,-0.999537,0.0170484,0.0110117,0.0226779
594296807,0.0,0.0,0.0,-0.999601,0.0194267,0.0123778,0.0163402
594346253,0.0,0.0,0.0,-0.999695,0.0202059,0.0114958,0.0083698
594394646,0.0,0.0,0.0,-0.999735,0.0192188,0.00960221,0.00832167
594494642,0.0,0.0,0.0,0.999856,-0.0160681,-0.00377606,0.00405927
594545609,0.0,0.0,0.0,0.999766,-0.0146473,-0.00299142,0.0156055
594644256,0.0,0.0,0.0,0.999627,-0.0130631,0.000564651,0.0239752
594693561,0.0,0.0,0.0,0.999512,-0.0125539,6.98408e-06,0.0285864
594743277,0.0,0.0,0.0,0.99922,-0.0116271,-0.00135707,0.0377121
594794414,0.0,0.0,0.0,0.99908,-0.00955651,-0.00436689,0.0415748
594844261,0.0,0.0,0.0,0.998632,-0.00830615,-0.00816635,0.0509771
594942846,0.0,0.0,0.0,0.997988,-0.00495273,-0.0103922,0.0623573
594992973,0.0,0.0,0.0,0.997657,-0.00277163,-0.0116953,0.0673466
595043128,0.0,0.0,0.0,0.997012,-0.00152986,-0.0122038,0.0762571
595093568,0.0,0.0,0.0,0.99654,-0.00130726,-0.0122596,0.0821941
595143356,0.0,0.0,0.0,0.996026,-0.000728179,-0.0123315,0.0882004
595243916,0.0,0.0,0.0,0.994742,0.00286195,-0.0124542,0.101615
595341979,0.0,0.0,0.0,0.994103,0.00296844,-0.0120882,0.107724
595395067,0.0,0.0,0.0,0.993584,0.00253415,-0.0116753,0.112462
595445051,0.0,0.0,0.0,0.9932,0.00149334,-0.0108129,0.115907
595544203,0.0,0.0,0.0,0.992625,-0.00134782,-0.00844018,0.120926
595593956,0.0,0.0,0.0,0.992145,-0.00231556,-0.00788594,0.124823
595644374,0.0,0.0,0.0,0.991842,-0.00204571,-0.00770351,0.127223
595745112,0.0,0.0,0.0,0.991401,0.000974477,-0.00877511,0.13056
595797479,0.0,0.0,0.0,0.991114,0.00263064,-0.00959334,0.132645
595847236,0.0,0.0,0.0,0.990921,0.00305635,-0.00988733,0.134045
595943579,0.0,0.0,0.0,0.990619,0.00340268,-0.0120117,0.136082
596043848,0.0,0.0,0.0,0.991142,0.000692884,-0.0125028,0.132217
596095108,0.0,0.0,0.0,0.99122,-0.000663322,-0.0115492,0.131713
596145050,0.0,0.0,0.0,0.991358,-0.00126255,-0.0101871,0.130782
596243659,0.0,0.0,0.0,0.991719,-0.00416545,-0.00787183,0.128117
596295207,0.0,0.0,0.0,0.991799,-0.00569972,-0.00743617,0.12746
596346030,0.0,0.0,0.0,0.992091,-0.0077024,-0.00741213,0.125062
596443197,0.0,0.0,0.0,0.992363,-0.00902325,-0.00779908,0.122771
596546781,0.0,0.0,0.0,0.99234,-0.0118287,-0.00999789,0.122564
596644151,0.0,0.0,0.0,0.992696,-0.0134844,-0.0103896,0.119436
596692899,0.0,0.0,0.0,0.992844,-0.0155369,-0.0101654,0.117966
596743745,0.0,0.0,0.0,0.992995,-0.0168008,-0.00928596,0.11659
596792970,0.0,0.0,0.0,0.993117,-0.0170194,-0.00895965,0.115537
596842892,0.0,0.0,0.0,0.993111,-0.0170623,-0.008433,0.115621
596890301,0.0,0.0,0.0,0.993322,-0.0164719,-0.0082698,0.113893
596940222,0.0,0.0,0.0,0.993321,-0.0164493,-0.0101337,0.113752
596990044,0.0,0.0,0.0,0.993305,-0.0166845,-0.0116272,0.113721
597092357,0.0,0.0,0.0,0.993252,-0.0157727,-0.0149757,0.113919
597142101,0.0,0.0,0.0,0.993218,-0.0153822,-0.0166527,0.114037
597193696,0.0,0.0,0.0,0.993105,-0.0174514,-0.0181803,0.114491
597243320,0.0,0.0,0.0,0.992775,-0.0195613,-0.0178137,0.117039
597293514,0.0,0.0,0.0,0.992575,-0.02107,-0.0170599,0.118578
597343428,0.0,0.0,0.0,0.99257,-0.0215683,-0.0166987,0.118578
597391420,0.0,0.0,0.0,0.991915,-0.0233194,-0.0140291,0.12395
597441615,0.0,0.0,0.0,0.991875,-0.0239694,-0.0114718,0.124414
597542620,0.0,0.0,0.0,0.991772,-0.0228372,-0.00945224,0.125611
597591339,0.0,0.0,0.0,0.991247,-0.0217345,-0.0101639,0.129818
597641368,0.0,0.0,0.0,0.990859,-0.0196516,-0.012233,0.132899
597689748,0.0,0.0,0.0,0.990714,-0.0184493,-0.012097,0.13416
597738643,0.0,0.0,0.0,0.990131,-0.0175142,-0.0150083,0.138233
597838279,0.0,0.0,0.0,0.989097,-0.0170898,-0.0179859,0.145163
597941009,0.0,0.0,0.0,0.988111,-0.019439,-0.0172936,0.151521
597993760,0.0,0.0,0.0,0.987968,-0.019485,-0.0168562,0.152497
598044022,0.0,0.0,0.0,0.987665,-0.0176237,-0.0150597,0.154853
598093515,0.0,0.0,0.0,0.987299,-0.0168817,-0.0147005,0.157289
598143659,0.0,0.0,0.0,0.987094,-0.0135473,-0.0133683,0.159007
598192709,0.0,0.0,0.0,0.986971,-0.0126573,-0.0131339,0.159863
598292103,0.0,0.0,0.0,0.986326,-0.0109578,-0.0140723,0.163835
598342055,0.0,0.0,0.0,0.986375,-0.0094951,-0.0171098,0.163345
598391024,0.0,0.0,0.0,0.986189,-0.00905025,-0.0175887,0.16444
598440975,0.0,0.0,0.0,0.986112,-0.00820363,-0.0182367,0.164875
598543170,0.0,0.0,0.0,0.985996,-0.00872598,-0.0185361,0.165508
598591659,0.0,0.0,0.0,0.986102,-0.00884942,-0.0184562,0.164876
598641755,0.0,0.0,0.0,0.985999,-0.00959027,-0.0185639,0.165439
598742635,0.0,0.0,0.0,0.985857,-0.00932362,-0.0182903,0.166329
598790840,0.0,0.0,0.0,0.985813,-0.00904354,-0.0174501,0.16669
598840787,0.0,0.0,0.0,0.985683,-0.00760744,-0.0164733,0.167629
598944200,0.0,0.0,0.0,0.985754,-0.0074556,-0.0147835,0.167375
599044658,0.0,0.0,0.0,0.986049,-0.00824989,-0.0147629,0.165592
599144064,0.0,0.0,0.0,0.985918,-0.00743649,-0.0154613,0.166348
599193359,0.0,0.0,0.0,0.986444,-0.0064775,-0.0160566,0.163181
599243136,0.0,0.0,0.0,0.986747,-0.00564525,-0.016352,0.161343
599344454,0.0,0.0,0.0,0.987166,-0.00347234,-0.017542,0.158693
599394113,0.0,0.0,0.0,0.987223,-0.00274137,-0.0182668,0.158273
599494453,0.0,0.0,0.0,0.987756,-0.00293602,-0.0185301,0.154877
599544687,0.0,0.0,0.0,0.988072,-0.00425057,-0.0186699,0.152801
599593784,0.0,0.0,0.0,0.988491,-0.00599261,-0.0187568,0.149996
599643837,0.0,0.0,0.0,0.988628,-0.00618981,-0.0183737,0.149124
599843267,0.0,0.0,0.0,0.989258,-0.00662158,-0.0146735,0.14529
599944971,0.0,0.0,0.0,0.989757,-0.00412942,-0.0124408,0.142156
600043086,0.0,0.0,0.0,0.989968,-0.00258412,-0.0122472,0.140736
600142426,0.0,0.0,0.0,0.991173,-0.00512383,-0.0140695,0.13173
600242041,0.0,0.0,0.0,0.991597,-0.0036135,-0.0150754,0.128432
600292964,0.0,0.0,0.0,0.991903,-0.00156528,-0.0142686,0.12618
600343661,0.0,0.0,0.0,0.992813,-0.00107425,-0.0133834,0.118924
600443209,0.0,0.0,0.0,0.994174,-0.00240578,-0.0093594,0.107357
600543336,0.0,0.0,0.0,0.99472,-0.00824624,-0.00769729,0.102003
600595529,0.0,0.0,0.0,0.995301,-0.0104071,-0.00814289,0.0959209
600645445,0.0,0.0,0.0,0.996233,-0.0111261,-0.0085064,0.0855826
600693958,0.0,0.0,0.0,0.996404,-0.010862,-0.00940257,0.0835005
600744013,0.0,0.0,0.0,0.996409,-0.00976592,-0.0100599,0.0835069
600792485,0.0,0.0,0.0,0.996409,-0.00955173,-0.0102283,0.0835093
600893748,0.0,0.0,0.0,0.997553,-0.0101406,-0.0100336,0.0684408
600943763,0.0,0.0,0.0,0.997885,-0.0100377,-0.00962343,0.0635017
601040448,0.0,0.0,0.0,0.998388,-0.00658118,-0.00896252,0.0556569
601142239,0.0,0.0,0.0,0.998558,-0.00482004,-0.00965683,0.0525879
601242687,0.0,0.0,0.0,0.998704,-0.00663733,-0.00960224,0.0495469
601343403,0.0,0.0,0.0,0.998894,-0.00901519,-0.00881147,0.0452872
601393632,0.0,0.0,0.0,0.998907,-0.00927656,-0.0084887,0.045023
601443631,0.0,0.0,0.0,0.998971,-0.00876263,-0.00836676,0.043716
601494652,0.0,0.0,0.0,0.998959,-0.00809983,-0.00809398,0.0441658
601544463,0.0,0.0,0.0,0.998997,-0.00835978,-0.00794795,0.0432678
601593592,0.0,0.0,0.0,0.999075,-0.00875301,-0.00809768,0.0413199
601643581,0.0,0.0,0.0,0.999072,-0.00860174,-0.00866682,0.0413163
601742724,0.0,0.0,0.0,0.999083,-0.00676745,-0.0113057,0.040738
601844134,0.0,0.0,0.0,0.99905,-0.00759673,-0.0125965,0.0410068
601942743,0.0,0.0,0.0,0.999021,-0.0109173,-0.0111712,0.0413936
602041546,0.0,0.0,0.0,0.998921,-0.0113395,-0.0093288,0.0440624
602141931,0.0,0.0,0.0,0.998844,-0.0100053,-0.00974874,0.0460052
602194918,0.0,0.0,0.0,0.998725,-0.0102143,-0.0103426,0.0483482
602244732,0.0,0.0,0.0,0.998646,-0.0103625,-0.0106485,0.0498517
602297884,0.0,0.0,0.0,0.998606,-0.0106107,-0.0108356,0.0505675
602394392,0.0,0.0,0.0,0.998525,-0.0117936,-0.0106179,0.0519209
602444314,0.0,0.0,0.0,0.998502,-0.0128988,-0.0101261,0.0521997
602547833,0.0,0.0,0.0,0.998388,-0.0151095,-0.00924932,0.0539204
602648484,0.0,0.0,0.0,0.998325,-0.0150611,-0.00962903,0.0550329
602695496,0.0,0.0,0.0,0.998319,-0.0158728,-0.0117647,0.0544857
602745404,0.0,0.0,0.0,0.998247,-0.0161932,-0.0126455,0.0555028
602843419,0.0,0.0,0.0,0.998222,-0.017676,-0.0164325,0.0545086
602893443,0.0,0.0,0.0,0.998189,-0.0195477,-0.0168367,0.0543483
602943401,0.0,0.0,0.0,0.998201,-0.0203649,-0.0164952,0.0539236
602993911,0.0,0.0,0.0,0.998237,-0.0230259,-0.0145917,0.0527316
603039803,0.0,0.0,0.0,0.998381,-0.0252276,-0.0126457,0.0493785
603145155,0.0,0.0,0.0,0.998352,-0.0291148,-0.00871911,0.0486692
603245623,0.0,0.0,0.0,0.998454,-0.0280229,-0.0079632,0.0473309
603293690,0.0,0.0,0.0,0.998671,-0.0252434,-0.0101155,0.0437862
603343853,0.0,0.0,0.0,0.998711,-0.0247789,-0.010766,0.0429658
603444641,0.0,0.0,0.0,0.998985,-0.0232319,-0.0134022,0.0361947
603541026,0.0,0.0,0.0,0.999128,-0.0201035,-0.0142859,0.0336894
603593875,0.0,0.0,0.0,0.999251,-0.0181281,-0.0135255,0.0314086
603693461,0.0,0.0,0.0,0.9994,-0.0179891,-0.00990022,0.0278948
603749340,0.0,0.0,0.0,0.999456,-0.0186194,-0.00869025,0.0257818
603841988,0.0,0.0,0.0,0.999584,-0.0214806,-0.008585,0.017243
603892822,0.0,0.0,0.0,0.999633,-0.0219593,-0.00959318,0.0126715
603942749,0.0,0.0,0.0,0.999657,-0.0213365,-0.0102073,0.0112319
603993673,0.0,0.0,0.0,0.999712,-0.0204203,-0.0106722,0.00665386
604044167,0.0,0.0,0.0,0.99972,-0.020137,-0.0108854,0.00591151
604143167,0.0,0.0,0.0,0.999722,-0.0206396,-0.0113336,0.000580494
604193230,0.0,0.0,0.0,-0.999715,0.0205864,0.0115809,0.0035905
604294611,0.0,0.0,0.0,-0.999724,0.0180707,0.0135265,0.00649932
604345165,0.0,0.0,0.0,-0.999723,0.0169861,0.0138396,0.00854599
604394555,0.0,0.0,0.0,-0.999706,0.0161217,0.0138464,0.0117075
604495607,0.0,0.0,0.0,-0.999658,0.0159522,0.0116179,0.0171558
604546777,0.0,0.0,0.0,-0.99964,0.0162627,0.00935895,0.0191851
604644644,0.0,0.0,0.0,-0.999541,0.0174627,0.00732077,0.0236344
604693998,0.0,0.0,0.0,-0.999408,0.0177769,0.00731559,0.0285449
604743858,0.0,0.0,0.0,-0.999404,0.0174598,0.0084643,0.0285617
604844984,0.0,0.0,0.0,-0.999275,0.0169566,0.0094663,0.0327359
604943293,0.0,0.0,0.0,-0.999081,0.019559,0.00740932,0.0374216
604993416,0.0,0.0,0.0,-0.998969,0.0213439,0.00704591,0.0394397
605043142,0.0,0.0,0.0,-0.998857,0.021724,0.00764286,0.0418938
605093848,0.0,0.0,0.0,-0.998638,0.0214192,0.00994756,0.0465325
605144663,0.0,0.0,0.0,-0.998649,0.0208744,0.0119449,0.0460548
605246016,0.0,0.0,0.0,-0.99836,0.0184214,0.0174112,0.0513229
605344437,0.0,0.0,0.0,-0.998124,0.0164326,0.0188262,0.0558866
605393551,0.0,0.0,0.0,-0.998069,0.0151809,0.0175013,0.0576356
605443579,0.0,0.0,0.0,-0.997968,0.0144999,0.0163607,0.05985
605494966,0.0,0.0,0.0,-0.997857,0.0136057,0.0150264,0.0622149
605593827,0.0,0.0,0.0,-0.99774,0.0113539,0.0147815,0.0645557
605643284,0.0,0.0,0.0,-0.99747,0.0105116,0.0144892,0.0688009
605694563,0.0,0.0,0.0,-0.997502,0.00892137,0.0134486,0.0687711
605744700,0.0,0.0,0.0,-0.997525,0.00794443,0.0124164,0.0687522
605844090,0.0,0.0,0.0,-0.996721,0.00653877,0.00927866,0.0801184
605894331,0.0,0.0,0.0,-0.996752,0.00625791,0.0083467,0.079856
605944354,0.0,0.0,0.0,-0.996482,0.00644811,0.00794056,0.0831812
605994183,0.0,0.0,0.0,-0.996472,0.00734192,0.00825088,0.0831903
606046876,0.0,0.0,0.0,-0.996283,0.00765896,0.00972937,0.0852472
606094204,0.0,0.0,0.0,-0.996265,0.00776099,0.0112894,0.0852559
606142633,0.0,0.0,0.0,-0.996354,0.00719065,0.0136534,0.0839028
606243161,0.0,0.0,0.0,-0.996761,0.00915038,0.0157641,0.0783293
606293607,0.0,0.0,0.0,-0.996738,0.0105653,0.0161897,0.0783552
606393877,0.0,0.0,0.0,-0.997269,0.0124588,0.0167689,0.0708422
606441226,0.0,0.0,0.0,-0.997537,0.0122195,0.0166735,0.0670303
606543801,0.0,0.0,0.0,-0.998023,0.0107719,0.0156782,0.0599048
606593491,0.0,0.0,0.0,-0.998577,0.0107717,0.0153478,0.0499243
606697765,0.0,0.0,0.0,-0.998775,0.0121166,0.014723,0.0456676
606746914,0.0,0.0,0.0,-0.999085,0.0112777,0.0143975,0.0386626
606794686,0.0,0.0,0.0,-0.999285,0.00931504,0.0137685,0.0339569
606845177,0.0,0.0,0.0,-0.99941,0.00832567,0.0135463,0.0304481
606894797,0.0,0.0,0.0,-0.999594,0.00810342,0.0136959,0.0236482
606942460,0.0,0.0,0.0,-0.999807,0.00940525,0.0143475,0.0095629
607042073,0.0,0.0,0.0,-0.999769,0.0127209,0.0163483,0.00572281
607143823,0.0,0.0,0.0,0.999612,-0.0126752,-0.0197295,0.0150201
607193931,0.0,0.0,0.0,0.999601,-0.0122122,-0.0205522,0.0150184
607293160,0.0,0.0,0.0,0.999331,-0.0103704,-0.0195663,0.0291023
607343942,0.0,0.0,0.0,0.998822,-0.0096071,-0.0169704,0.0444369
607444017,0.0,0.0,0.0,0.998541,-0.00907755,-0.00482697,0.0530198
607494760,0.0,0.0,0.0,0.998175,-0.0101741,7.95952e-05,0.0595266
607545464,0.0,0.0,0.0,0.997542,-0.0107709,0.000975397,0.0692256
607597311,0.0,0.0,0.0,0.997257,-0.010622,-0.000616964,0.0732434
607647336,0.0,0.0,0.0,0.996961,-0.0100821,-0.00299151,0.0771869
607691814,0.0,0.0,0.0,0.996199,-0.00968431,-0.00740888,0.0862443
607741725,0.0,0.0,0.0,0.995672,-0.00971866,-0.0103005,0.0918561
607794687,0.0,0.0,0.0,0.995222,-0.0100537,-0.0138489,0.0961267
607893550,0.0,0.0,0.0,0.994179,-0.0106404,-0.0172464,0.10582
607943423,0.0,0.0,0.0,0.993981,-0.0115377,-0.0178992,0.107466
607992005,0.0,0.0,0.0,0.993574,-0.0130593,-0.0179862,0.110978
608042076,0.0,0.0,0.0,0.99318,-0.0135168,-0.0176148,0.114461
608144140,0.0,0.0,0.0,0.992511,-0.0135131,-0.0163822,0.120297
608195402,0.0,0.0,0.0,0.992057,-0.0138631,-0.0154542,0.124067
608242698,0.0,0.0,0.0,0.992066,-0.0144845,-0.0150341,0.123974
608294640,0.0,0.0,0.0,0.991792,-0.0148265,-0.0143771,0.126184
608395835,0.0,0.0,0.0,0.991831,-0.0137079,-0.0126063,0.126192
608444386,0.0,0.0,0.0,0.992097,-0.0133852,-0.0118315,0.124193
608494457,0.0,0.0,0.0,0.992313,-0.0131564,-0.0111609,0.122545
608544253,0.0,0.0,0.0,0.992359,-0.0129515,-0.0106228,0.122241
608642953,0.0,0.0,0.0,0.993698,-0.0145848,-0.010924,0.110595
608742763,0.0,0.0,0.0,0.99416,-0.01647,-0.0132049,0.105829
608792780,0.0,0.0,0.0,0.9948,-0.0170488,-0.0142748,0.0993864
608892266,0.0,0.0,0.0,0.995107,-0.0173143,-0.0166725,0.0958355
608942425,0.0,0.0,0.0,0.995758,-0.0180075,-0.0162101,0.0887604
608996549,0.0,0.0,0.0,0.99647,-0.0193565,-0.0136653,0.0805366
609045524,0.0,0.0,0.0,0.996938,-0.0193573,-0.012824,0.0746653
609142859,0.0,0.0,0.0,0.997658,-0.0161596,-0.0109401,0.0655494
609196587,0.0,0.0,0.0,0.998044,-0.0142389,-0.0116283,0.0597494
609246591,0.0,0.0,0.0,0.998315,-0.0134254,-0.0127659,0.0549874
609296611,0.0,0.0,0.0,0.999008,-0.0129696,-0.0137455,0.0403279
609394316,0.0,0.0,0.0,0.999236,-0.0116227,-0.0165883,0.0334362
609444302,0.0,0.0,0.0,0.999552,-0.0117568,-0.0167012,0.0218795
609544544,0.0,0.0,0.0,0.999713,-0.0117597,-0.01638,0.012894
609645056,0.0,0.0,0.0,0.999752,-0.00996202,-0.0151452,0.0129364
609697110,0.0,0.0,0.0,-0.99985,0.00966879,0.014388,0.00031905
609745243,0.0,0.0,0.0,-0.999806,0.00967256,0.0141195,0.00970241
609842850,0.0,0.0,0.0,-0.999743,0.00930532,0.0139752,0.0152479
609896379,0.0,0.0,0.0,-0.999569,0.0100116,0.0135321,0.0240344
609946243,0.0,0.0,0.0,-0.999426,0.0117445,0.0125607,0.0291833
610043389,0.0,0.0,0.0,-0.999398,0.0145801,0.0117886,0.0292071
610093153,0.0,0.0,0.0,-0.999258,0.0152047,0.0113796,0.0335007
610143060,0.0,0.0,0.0,-0.999166,0.0149504,0.011378,0.0362558
610242777,0.0,0.0,0.0,-0.999037,0.0130097,0.0140444,0.0394706
610294452,0.0,0.0,0.0,-0.998823,0.0118732,0.0164582,0.044047
610344512,0.0,0.0,0.0,-0.99881,0.0111801,0.0176727,0.044054
610445625,0.0,0.0,0.0,-0.998512,0.00966266,0.0191341,0.0501392
610494243,0.0,0.0,0.0,-0.998517,0.00959384,0.0189288,0.0501365
610593710,0.0,0.0,0.0,-0.998288,0.0124149,0.016508,0.0547226
610643555,0.0,0.0,0.0,-0.998175,0.0128527,0.0161118,0.056754
610693417,0.0,0.0,0.0,-0.998051,0.0136616,0.0151098,0.0589899
610742695,0.0,0.0,0.0,-0.997831,0.0135048,0.0145413,0.0627574
610793095,0.0,0.0,0.0,-0.997736,0.0122853,0.0140741,0.0646132
610840699,0.0,0.0,0.0,-0.997475,0.0117398,0.0140788,0.0686094
610943133,0.0,0.0,0.0,-0.997301,0.0121745,0.0145903,0.0709154
610993907,0.0,0.0,0.0,-0.99689,0.0128374,0.0148351,0.076321
611044004,0.0,0.0,0.0,-0.996873,0.0137397,0.0150926,0.0763355
611145714,0.0,0.0,0.0,-0.99635,0.0154267,0.0144115,0.0827134
611194726,0.0,0.0,0.0,-0.995873,0.0162609,0.0133848,0.0882782
611292655,0.0,0.0,0.0,-0.995386,0.0178237,0.0116181,0.0935681
611394695,0.0,0.0,0.0,-0.994592,0.020331,0.00999916,0.101358
611444526,0.0,0.0,0.0,-0.993863,0.0213445,0.00994727,0.108086
611543594,0.0,0.0,0.0,-0.993477,0.0231982,0.0122806,0.110974
611592940,0.0,0.0,0.0,-0.992785,0.0242828,0.0144743,0.11653
611642228,0.0,0.0,0.0,-0.992018,0.0247642,0.0162205,0.122576
611692731,0.0,0.0,0.0,-0.991961,0.0246336,0.0191566,0.122639
611742667,0.0,0.0,0.0,-0.991549,0.0245921,0.0204498,0.125731
611843083,0.0,0.0,0.0,-0.989597,0.0255296,0.0204532,0.140101
611943758,0.0,0.0,0.0,-0.988034,0.0279328,0.0154329,0.150898
612044560,0.0,0.0,0.0,-0.986833,0.0296064,0.00935947,0.158737
612142043,0.0,0.0,0.0,-0.985869,0.0299481,0.00641678,0.164696
612194496,0.0,0.0,0.0,-0.985347,0.0288774,0.00673663,0.167966
612243330,0.0,0.0,0.0,-0.984046,0.0276926,0.00729719,0.175595
612343852,0.0,0.0,0.0,-0.983152,0.0260468,0.00860135,0.180718
612443868,0.0,0.0,0.0,-0.9818,0.0271968,0.00941972,0.187724
612494624,0.0,0.0,0.0,-0.981572,0.0267235,0.0106443,0.188914
612594663,0.0,0.0,0.0,-0.981133,0.0222275,0.0119805,0.191678
612694746,0.0,0.0,0.0,-0.981276,0.0171439,0.0136556,0.191357
612741069,0.0,0.0,0.0,-0.98201,0.0166437,0.0143804,0.187543
612841349,0.0,0.0,0.0,-0.982807,0.017445,0.0150446,0.183194
612943792,0.0,0.0,0.0,-0.983541,0.0172541,0.0136006,0.179347
612996515,0.0,0.0,0.0,-0.985111,0.0166131,0.0131576,0.170606
613094476,0.0,0.0,0.0,-0.986746,0.0150645,0.0140555,0.160959
613144211,0.0,0.0,0.0,-0.986756,0.0137164,0.0149188,0.160943
613194179,0.0,0.0,0.0,-0.988503,0.0123406,0.0157759,0.149869
613242927,0.0,0.0,0.0,-0.988514,0.0105372,0.0166517,0.149842
613292756,0.0,0.0,0.0,-0.98987,0.0095243,0.0170693,0.140625
613395169,0.0,0.0,0.0,-0.991451,0.00682326,0.0178157,0.129075
613445211,0.0,0.0,0.0,-0.992142,0.00335032,0.0183649,0.123716
613496248,0.0,0.0,0.0,0.992626,-0.000752214,-0.0187601,-0.119751
613592509,0.0,0.0,0.0,0.993258,0.00411132,-0.0198722,-0.114138
613690989,0.0,0.0,0.0,0.994757,0.00797203,-0.019896,-0.0999967
613741529,0.0,0.0,0.0,0.994728,0.0104731,-0.0204282,-0.0999418
613844291,0.0,0.0,0.0,0.995584,0.0149635,-0.0217975,-0.0900767
613893703,0.0,0.0,0.0,0.996065,0.0153986,-0.0219417,-0.0844753
613943761,0.0,0.0,0.0,0.996439,0.0151254,-0.0218144,-0.0800335
613992144,0.0,0.0,0.0,0.996834,0.0141286,-0.0211963,-0.0753247
614042079,0.0,0.0,0.0,0.997206,0.0137147,-0.0207978,-0.0704271
614093119,0.0,0.0,0.0,0.997558,0.0139508,-0.0201647,-0.0653949
614142928,0.0,0.0,0.0,0.99796,0.0141409,-0.0194069,-0.0591538
614196087,0.0,0.0,0.0,0.998706,0.0141178,-0.0176866,-0.0455438
614292841,0.0,0.0,0.0,0.999021,0.0116799,-0.0148024,-0.0400142
614394512,0.0,0.0,0.0,0.999466,0.00933146,-0.013249,-0.0283689
614444598,0.0,0.0,0.0,0.999622,0.00817346,-0.0119767,-0.0233462
614494535,0.0,0.0,0.0,0.99977,0.00628215,-0.0105855,-0.0175781
614543831,0.0,0.0,0.0,0.999906,0.0046508,-0.00941714,-0.00884857
614644831,0.0,0.0,0.0,0.999971,0.00086452,-0.00521834,-0.00544414
614693143,0.0,0.0,0.0,-0.999995,0.000959546,0.00241672,0.00195729
614794803,0.0,0.0,0.0,0.999986,-0.0018038,0.000261864,0.0050441
614844817,0.0,0.0,0.0,0.999958,-0.00202035,5.57644e-06,0.00889923
614892211,0.0,0.0,0.0,0.999923,-0.00206013,-0.000910247,0.0122029
614991630,0.0,0.0,0.0,0.999935,-0.00057863,-0.00384665,0.0107191
615045106,0.0,0.0,0.0,0.999935,0.00138137,-0.00515545,0.01008
615096066,0.0,0.0,0.0,0.999932,0.00198431,-0.00625788,0.00959903
615143955,0.0,0.0,0.0,0.999938,0.00145804,-0.00693257,0.0085539
615195158,0.0,0.0,0.0,0.999952,2.716e-05,-0.00824443,0.0052871
615245206,0.0,0.0,0.0,-0.999956,0.000950388,0.00925925,0.000924524
615295676,0.0,0.0,0.0,-0.999916,0.00159939,0.0101106,0.00792986
615394438,0.0,0.0,0.0,-0.999839,0.00315717,0.0100027,0.0145354
615494689,0.0,0.0,0.0,-0.999581,0.00704432,0.00723988,0.0271313
615544662,0.0,0.0,0.0,-0.999452,0.00946997,0.00712728,0.0309191
615593680,0.0,0.0,0.0,-0.999247,0.0108176,0.00818087,0.0363625
615644360,0.0,0.0,0.0,-0.999024,0.0128826,0.0115487,0.0406326
615694042,0.0,0.0,0.0,-0.998715,0.0149026,0.015386,0.0459392
615794635,0.0,0.0,0.0,-0.998327,0.0164146,0.0187516,0.0521812
615894162,0.0,0.0,0.0,-0.998009,0.0147863,0.0196582,0.0580792
615944048,0.0,0.0,0.0,-0.998114,0.0131267,0.0193445,0.0567637
615996287,0.0,0.0,0.0,-0.998066,0.0113215,0.018654,0.0582108
616046116,0.0,0.0,0.0,-0.998137,0.00944822,0.0171735,0.057773
616092883,0.0,0.0,0.0,-0.998294,0.00917187,0.0158331,0.055441
616142625,0.0,0.0,0.0,-0.998375,0.00984035,0.0150778,0.0540703
616193189,0.0,0.0,0.0,-0.998442,0.0113544,0.0143032,0.0527194
616243122,0.0,0.0,0.0,-0.998567,0.012468,0.0138986,0.0501523
616297066,0.0,0.0,0.0,-0.998659,0.0144088,0.0137274,0.0477826
616346367,0.0,0.0,0.0,-0.998665,0.016393,0.0141193,0.0469124
616395750,0.0,0.0,0.0,-0.998813,0.0196319,0.0150812,0.0419543
616445436,0.0,0.0,0.0,-0.998768,0.0213176,0.0156718,0.0419879
616545830,0.0,0.0,0.0,-0.998989,0.0226326,0.0165067,0.0351704
616595217,0.0,0.0,0.0,-0.999105,0.0226373,0.0162945,0.0318013
616692342,0.0,0.0,0.0,-0.999313,0.0235761,0.0152518,0.024178
616742253,0.0,0.0,0.0,-0.999403,0.0243932,0.0144398,0.0197569
616792460,0.0,0.0,0.0,-0.999545,0.0246094,0.0141406,0.0101783
616893969,0.0,0.0,0.0,-0.999573,0.0251055,0.0125052,0.00815242
616943493,0.0,0.0,0.0,0.999602,-0.0256299,-0.0117375,0.000644114
617044981,0.0,0.0,0.0,0.999524,-0.0280304,-0.0115042,0.00585812
617145099,0.0,0.0,0.0,0.999439,-0.027784,-0.0123577,0.014014
617192555,0.0,0.0,0.0,0.999399,-0.0266355,-0.0124693,0.0183704
617242376,0.0,0.0,0.0,0.999356,-0.0257246,-0.0126029,0.0216146
617295907,0.0,0.0,0.0,0.999325,-0.0248911,-0.012824,0.0237773
617345790,0.0,0.0,0.0,0.999257,-0.0246697,-0.0133812,0.0264023
617396425,0.0,0.0,0.0,0.999245,-0.0232976,-0.0139279,0.0277936
617444769,0.0,0.0,0.0,0.999224,-0.0224462,-0.014027,0.0291736
617495867,0.0,0.0,0.0,0.999157,-0.0191473,-0.0141511,0.0334347
617542549,0.0,0.0,0.0,0.99905,-0.0184174,-0.0142656,0.0368265
617592545,0.0,0.0,0.0,0.999032,-0.0173998,-0.0144932,0.0377139
617643751,0.0,0.0,0.0,0.998941,-0.0165724,-0.0148781,0.040256
617743703,0.0,0.0,0.0,0.998736,-0.0161521,-0.0154971,0.0449945
617843094,0.0,0.0,0.0,0.99855,-0.0143888,-0.0172633,0.0489089
617893359,0.0,0.0,0.0,0.998377,-0.0127017,-0.0186457,0.0522884
617997038,0.0,0.0,0.0,0.998062,-0.00981217,-0.0218277,0.0574377
618047209,0.0,0.0,0.0,0.997914,-0.00860164,-0.0230052,0.0597087
618094308,0.0,0.0,0.0,0.997703,-0.00743753,-0.0241279,0.0628536
618144219,0.0,0.0,0.0,0.997475,-0.00591596,-0.0251525,0.0661526
618196112,0.0,0.0,0.0,0.997327,-0.00550955,-0.025362,0.0683045
618244691,0.0,0.0,0.0,0.997002,-0.00598085,-0.0251966,0.0729114
618342349,0.0,0.0,0.0,0.996571,-0.00684244,-0.0237587,0.0789665
618392857,0.0,0.0,0.0,0.996149,-0.00667664,-0.0227601,0.0844037
618442493,0.0,0.0,0.0,0.995756,-0.00608713,-0.0207157,0.0894648
618544930,0.0,0.0,0.0,0.994773,-0.00377186,-0.0172435,0.10057
618595520,0.0,0.0,0.0,0.994364,-0.00314207,-0.0161409,0.104735
618693174,0.0,0.0,0.0,0.99298,-0.00309556,-0.0145304,0.117341
618743159,0.0,0.0,0.0,0.992121,-0.0037766,-0.0140793,0.124434
618793429,0.0,0.0,0.0,0.99065,-0.00408539,-0.0139324,0.135657
618892958,0.0,0.0,0.0,0.990295,-0.00365888,-0.0123558,0.138385
618943653,0.0,0.0,0.0,0.989176,-0.00304858,-0.0116131,0.146245
618993640,0.0,0.0,0.0,0.988212,-0.00303799,-0.0115313,0.152623
619043546,0.0,0.0,0.0,0.987307,-0.00340836,-0.0117994,0.158348
619094580,0.0,0.0,0.0,0.986362,-0.00378455,-0.0120705,0.164106
619194403,0.0,0.0,0.0,0.983514,-0.00471353,-0.0135104,0.180263
619294105,0.0,0.0,0.0,0.982324,-0.00435725,-0.0140527,0.186608
619343883,0.0,0.0,0.0,0.979892,-0.00351193,-0.0140208,0.199003
619393846,0.0,0.0,0.0,0.979378,-0.00309866,-0.0141052,0.201518
619442322,0.0,0.0,0.0,0.977685,-0.00234041,-0.0146725,0.209548
619545333,0.0,0.0,0.0,0.97525,-0.000644459,-0.0149327,0.220598
619645340,0.0,0.0,0.0,0.974502,-8.84851e-05,-0.0138094,0.223955
619694711,0.0,0.0,0.0,0.974485,-0.00158799,-0.01373,0.224028
619744251,0.0,0.0,0.0,0.97416,-0.00290667,-0.0137902,0.22542
619794145,0.0,0.0,0.0,0.97356,-0.00407991,-0.0139178,0.227969
619844333,0.0,0.0,0.0,0.97249,-0.00594629,-0.0146888,0.232404
619895325,0.0,0.0,0.0,0.971236,-0.00637635,-0.0153805,0.237537
619944913,0.0,0.0,0.0,0.971222,-0.00573156,-0.0163094,0.237546
619995637,0.0,0.0,0.0,0.969332,-0.00445659,-0.0163952,0.245168
620045289,0.0,0.0,0.0,0.967049,-0.0030575,-0.0155252,0.254099
620095308,0.0,0.0,0.0,0.96706,-0.00297399,-0.0145858,0.254113
620145659,0.0,0.0,0.0,0.966166,-0.00345973,-0.0131234,0.257562
620195173,0.0,0.0,0.0,0.968753,-0.00498766,-0.0121771,0.247679
620245919,0.0,0.0,0.0,0.97297,-0.00632087,-0.0121466,0.230523
620344219,0.0,0.0,0.0,0.975053,-0.007417,-0.0130497,0.221463
620395602,0.0,0.0,0.0,0.974517,-0.00713888,-0.0134812,0.223796
620445442,0.0,0.0,0.0,0.974505,-0.00751953,-0.0142735,0.223787
620495268,0.0,0.0,0.0,0.974497,-0.00844439,-0.0145029,0.223771
620545036,0.0,0.0,0.0,0.973959,-0.00917823,-0.0142453,0.226088
620644959,0.0,0.0,0.0,0.9737,-0.0108151,-0.0120602,0.227257
620696026,0.0,0.0,0.0,0.974783,-0.0119981,-0.0106654,0.222576
620745594,0.0,0.0,0.0,0.976506,-0.0130291,-0.0101684,0.214856
620846449,0.0,0.0,0.0,0.976823,-0.0150745,-0.0100194,0.21328
620943780,0.0,0.0,0.0,0.975314,-0.0051538,-0.00741012,0.220637
620996282,0.0,0.0,0.0,0.978007,0.00236655,-0.00617326,0.208468
621046071,0.0,0.0,0.0,0.98422,0.00622404,-0.00604022,0.176737
621144289,0.0,0.0,0.0,0.987825,0.00820945,-0.00674323,0.155205
621244670,0.0,0.0,0.0,0.989367,0.00411628,-0.00599273,0.145262
621296555,0.0,0.0,0.0,0.988501,0.00237742,-0.00414028,0.151139
621344910,0.0,0.0,0.0,0.98765,0.000883998,-0.00298505,0.156648
621443176,0.0,0.0,0.0,0.987654,-0.00187929,-0.0011384,0.156634
621493877,0.0,0.0,0.0,0.986186,-0.00164208,-0.000722511,0.165632
621543824,0.0,0.0,0.0,0.985265,-0.00145432,-0.000780117,0.171024
621595163,0.0,0.0,0.0,0.985266,-0.00123834,-0.000942165,0.171024
621644254,0.0,0.0,0.0,0.984244,-0.000337131,-0.000784783,0.176812
621694977,0.0,0.0,0.0,0.984244,0.000847141,-0.000391888,0.176813
621744956,0.0,0.0,0.0,0.982893,0.00120736,1.7456e-05,0.184173
621795066,0.0,0.0,0.0,0.982824,0.00118423,0.000244449,0.184543
621844806,0.0,0.0,0.0,0.982862,0.00096533,0.000520794,0.184342
621895443,0.0,0.0,0.0,0.983579,0.00144273,0.000601149,0.180473
621993376,0.0,0.0,0.0,0.984775,0.00181086,0.000712217,0.17382
622042045,0.0,0.0,0.0,0.98552,0.00170431,0.00135501,0.169543
622091938,0.0,0.0,0.0,0.98552,0.00100037,0.00194526,0.169542
622195417,0.0,0.0,0.0,0.986646,-0.0154988,-0.000257275,0.162142
622244764,0.0,0.0,0.0,0.989169,-0.0328389,-0.00380956,0.143012
622344080,0.0,0.0,0.0,0.989373,-0.0826209,-0.013331,0.118903
622444959,0.0,0.0,0.0,0.989452,-0.107432,-0.0167073,0.0957243
622495024,0.0,0.0,0.0,0.990766,-0.104643,-0.0161413,0.0846876
622543976,0.0,0.0,0.0,0.992158,-0.0981205,-0.0150215,0.075953
622596568,0.0,0.0,0.0,0.993958,-0.0866672,-0.0136157,0.0659622
622645553,0.0,0.0,0.0,0.996121,-0.0618146,-0.011682,0.0615229
622696728,0.0,0.0,0.0,0.997701,-0.0339635,-0.00925222,0.0579041
622746964,0.0,0.0,0.0,0.998661,-0.0184381,-0.00744791,0.0477539
622846139,0.0,0.0,0.0,0.999024,-0.00125255,-0.00280413,0.04406
622895387,0.0,0.0,0.0,0.999237,0.000372026,0.000566319,0.0390601
622945591,0.0,0.0,0.0,0.999481,0.000966582,0.00298406,0.0320706
623045770,0.0,0.0,0.0,0.999777,0.00139695,0.00725213,0.019782
623094847,0.0,0.0,0.0,0.999844,0.000736333,0.00755481,0.0159731
623145009,0.0,0.0,0.0,0.999914,-0.00185961,0.00662448,0.0111849
623244883,0.0,0.0,0.0,0.999963,-0.00572922,0.00477357,0.00433871
623295682,0.0,0.0,0.0,0.999969,-0.00637426,0.00450139,0.000963423
623394914,0.0,0.0,0.0,0.999982,-0.00600155,0.000490393,-0.000655656
623444553,0.0,0.0,0.0,-0.99997,0.00601193,0.00489217,0.000688107
623493430,0.0,0.0,0.0,-0.999834,0.00729067,0.0166866,0.00065
623543256,0.0,0.0,0.0,-0.999606,0.00875631,0.0266562,0.000348019
623595393,0.0,0.0,0.0,-0.999277,0.0103321,0.0365598,0.00148635
623693968,0.0,0.0,0.0,-0.998541,0.0122388,0.05259,0.000684069
623794462,0.0,0.0,0.0,0.998443,-0.0111445,-0.0546122,0.00198596
623844576,0.0,0.0,0.0,0.998571,-0.0110052,-0.052241,0.0024916
623895067,0.0,0.0,0.0,0.998748,-0.0105416,-0.0488254,0.00255216
623996313,0.0,0.0,0.0,0.999265,-0.00876867,-0.0368071,0.00607762
624095688,0.0,0.0,0.0,0.999544,-0.00838905,-0.0282493,0.00658895
624145478,0.0,0.0,0.0,0.999643,-0.00793091,-0.0246247,0.00665549
624245300,0.0,0.0,0.0,0.999852,-0.00750944,-0.0128747,0.00865134
624295837,0.0,0.0,0.0,0.999903,-0.0077685,-0.00779482,0.00858645
624345767,0.0,0.0,0.0,0.999909,-0.00823195,-0.00124738,0.0105857
624442290,0.0,0.0,0.0,0.999906,-0.00979099,0.00418704,0.00863133
624494008,0.0,0.0,0.0,0.999889,-0.0113196,0.00428855,0.00863901
624593300,0.0,0.0,0.0,0.999876,-0.01267,0.00247701,0.0090351
624694258,0.0,0.0,0.0,0.99988,-0.0119236,0.000238468,0.00986979
624794246,0.0,0.0,0.0,0.999892,-0.00887547,-0.000459652,0.0116924
624892705,0.0,0.0,0.0,0.999913,-0.00371982,0.000627013,0.0126285
624942919,0.0,0.0,0.0,0.999946,0.00113563,0.00148582,0.0102354
625046420,0.0,0.0,0.0,0.999926,0.00571751,0.00199602,0.0105299
625096427,0.0,0.0,0.0,0.999926,0.00444157,0.00195729,0.0111187
625143143,0.0,0.0,0.0,0.999943,0.000336718,0.0018824,0.0105426
625194264,0.0,0.0,0.0,0.999976,-0.00159057,0.00174489,0.00646295
625293586,0.0,0.0,0.0,0.99998,0.00153147,-0.000141293,0.00620715
625342489,0.0,0.0,0.0,0.99997,0.00411448,-0.00214309,0.00621575
625442250,0.0,0.0,0.0,0.999962,0.00380402,-0.00680191,0.00394895
625492089,0.0,0.0,0.0,0.999955,0.00204658,-0.00887878,0.00265961
625545315,0.0,0.0,0.0,0.99991,0.000871835,-0.0131217,-0.00267265
625645828,0.0,0.0,0.0,-0.99979,0.000851596,0.0201815,0.00340193
625696722,0.0,0.0,0.0,-0.999742,0.000912433,0.0221014,0.00509708
625795914,0.0,0.0,0.0,-0.999736,0.00104139,0.0219872,0.00661007
625845189,0.0,0.0,0.0,-0.999715,0.00222813,0.021332,0.0104743
625945866,0.0,0.0,0.0,-0.999707,0.00441275,0.0206524,0.0118373
625996189,0.0,0.0,0.0,-0.999649,0.00495558,0.0206664,0.0158001
626094689,0.0,0.0,0.0,-0.999654,0.00431787,0.0216032,0.01434
626144672,0.0,0.0,0.0,-0.999634,0.0039345,0.0223717,0.0147118
626195078,0.0,0.0,0.0,-0.999572,0.0042209,0.0231664,0.0173342
626293615,0.0,0.0,0.0,-0.999528,0.00549166,0.0254782,0.0162657
626345123,0.0,0.0,0.0,-0.999491,0.00625233,0.0278406,0.0142749
626395771,0.0,0.0,0.0,-0.999385,0.0072635,0.0306676,0.015348
626445106,0.0,0.0,0.0,-0.999342,0.0077068,0.0324463,0.0142854
626495156,0.0,0.0,0.0,-0.999319,0.00782938,0.0338432,0.0124197
626592047,0.0,0.0,0.0,-0.999264,0.00939353,0.0358522,0.00991655
626644166,0.0,0.0,0.0,-0.999255,0.0110613,0.0356598,0.00974652
626745510,0.0,0.0,0.0,-0.999305,0.0128619,0.0342447,0.00719438
626792736,0.0,0.0,0.0,-0.999355,0.0123997,0.0335642,0.00302227
626842957,0.0,0.0,0.0,-0.999428,0.0109196,0.0319173,0.00242403
626892528,0.0,0.0,0.0,0.999503,-0.00942706,-0.0299743,0.00231394
626941856,0.0,0.0,0.0,0.999656,-0.00746077,-0.0247146,0.00458669
626991830,0.0,0.0,0.0,0.999718,-0.00694463,-0.0212449,0.0080087
627043901,0.0,0.0,0.0,0.999801,-0.00698883,-0.0152619,0.01075
627094877,0.0,0.0,0.0,0.999834,-0.00696031,-0.0106178,0.0130871
627144265,0.0,0.0,0.0,0.999815,-0.00645852,-0.00483816,0.0174487
627194406,0.0,0.0,0.0,0.999758,-0.00585784,-0.00118684,0.0211608
627294637,0.0,0.0,0.0,0.999487,-0.00461607,0.00488293,0.0313292
627344736,0.0,0.0,0.0,0.999386,-0.00365875,0.00628761,0.0342598
627394629,0.0,0.0,0.0,0.999207,-0.00322871,0.00657189,0.0391389
627445193,0.0,0.0,0.0,0.998711,-0.00388622,0.00603844,0.0502575
627543849,0.0,0.0,0.0,0.998321,-0.00715775,0.00409477,0.0573371
627645743,0.0,0.0,0.0,0.997743,-0.00354969,0.00290995,0.0669914
627697054,0.0,0.0,0.0,0.99729,-0.00111435,0.00242811,0.0735222
627745784,0.0,0.0,0.0,0.996978,0.00177536,0.00137962,0.0776462
627845430,0.0,0.0,0.0,0.996086,0.00353597,-0.00122938,0.0883045
627896989,0.0,0.0,0.0,0.995796,0.00308381,-0.00180994,0.0915332
627946242,0.0,0.0,0.0,0.995422,0.0027963,-0.00192634,0.0955128
627996263,0.0,0.0,0.0,0.995188,0.00232725,-0.00133194,0.0979495
628045322,0.0,0.0,0.0,0.994963,0.00159132,-0.000622854,0.100228
628095001,0.0,0.0,0.0,0.994638,-0.000397479,-0.000490404,0.103414
628194955,0.0,0.0,0.0,0.994132,-0.00482076,-0.00128518,0.108055
628296538,0.0,0.0,0.0,0.993914,-0.0121,-0.00280686,0.109455
628346092,0.0,0.0,0.0,0.993793,-0.0142328,-0.0029821,0.110292
628396145,0.0,0.0,0.0,0.993676,-0.0152187,-0.0029167,0.111212
628445052,0.0,0.0,0.0,0.993598,-0.0157891,-0.00253949,0.111836
628545180,0.0,0.0,0.0,0.993618,-0.0193335,-0.00244,0.111102
628595307,0.0,0.0,0.0,0.993694,-0.0222454,-0.00262884,0.109867
628694087,0.0,0.0,0.0,0.993561,-0.0281137,-0.00246715,0.109731
628794121,0.0,0.0,0.0,0.994022,-0.0182299,4.75937e-05,0.107647
628842874,0.0,0.0,0.0,0.994103,-0.00900082,0.00118272,0.10806
628892840,0.0,0.0,0.0,0.994266,-0.00525903,0.00135706,0.106796
628942859,0.0,0.0,0.0,0.994322,-0.00272886,0.00117995,0.10637
628993070,0.0,0.0,0.0,0.994335,-0.00187112,0.00133368,0.106267
629042101,0.0,0.0,0.0,0.994685,-0.00203145,0.00238362,0.102919
629092557,0.0,0.0,0.0,0.995063,-0.00250029,0.00484497,0.0990972
629193175,0.0,0.0,0.0,0.995206,-0.0023403,0.015404,0.0965494
629243258,0.0,0.0,0.0,0.995415,-0.00155318,0.020471,0.0934191
629293543,0.0,0.0,0.0,0.995391,-0.000819424,0.0217052,0.0934079
629344761,0.0,0.0,0.0,0.995411,-6.34818e-05,0.0208156,0.093397
629445440,0.0,0.0,0.0,0.996615,0.000359765,0.0149481,0.0808361
629495864,0.0,0.0,0.0,0.996654,0.000339159,0.0120266,0.0808469
629542869,0.0,0.0,0.0,0.997231,-4.44569e-05,0.00730536,0.0740131
629646039,0.0,0.0,0.0,0.997619,-0.000933343,-0.000368414,0.0689526
629695742,0.0,0.0,0.0,0.997885,-0.00071541,-0.00338859,0.0649191
629745265,0.0,0.0,0.0,0.998273,-2.68675e-05,-0.00469406,0.0585614
629841708,0.0,0.0,0.0,0.998534,0.00237375,-0.00458154,0.0538781
629943936,0.0,0.0,0.0,0.998834,-0.000719824,-0.00320659,0.0481585
630044534,0.0,0.0,0.0,0.99922,-0.0104115,-0.00326919,0.0379571
630144360,0.0,0.0,0.0,0.99916,-0.0244231,-0.00474655,0.0325737
630195414,0.0,0.0,0.0,0.999058,-0.0311924,-0.00543056,0.0296763
630245447,0.0,0.0,0.0,0.998752,-0.041534,-0.00641876,0.026984
630295531,0.0,0.0,0.0,0.998705,-0.0461713,-0.00658545,0.0203106
630342940,0.0,0.0,0.0,0.998711,-0.0470047,-0.00652394,0.0179962
630392993,0.0,0.0,0.0,0.998854,-0.0442406,-0.00620355,0.0171609
630494544,0.0,0.0,0.0,0.999424,-0.0319952,-0.00435746,0.010454
630546988,0.0,0.0,0.0,0.999534,-0.0290894,-0.00425092,0.0082451
630595716,0.0,0.0,0.0,0.999613,-0.0273402,-0.0043712,0.0028211
630694571,0.0,0.0,0.0,-0.999687,0.0243516,0.00553538,0.00172365
630794497,0.0,0.0,0.0,-0.999823,0.0171206,0.00669608,0.00400388
630844674,0.0,0.0,0.0,-0.999803,0.0165169,0.006919,0.0085839
630944620,0.0,0.0,0.0,-0.999614,0.0212341,0.00710968,0.0164381
631044975,0.0,0.0,0.0,-0.999537,0.0191833,0.00694787,0.022579
631144834,0.0,0.0,0.0,-0.999683,0.006941,0.00965181,0.0222038
631195342,0.0,0.0,0.0,-0.999626,0.0029074,0.0115204,0.0246098
631241376,0.0,0.0,0.0,0.999599,0.000423059,-0.0140745,-0.0245679
631294843,0.0,0.0,0.0,0.999593,0.00122521,-0.0152354,-0.0240901
631395615,0.0,0.0,0.0,0.999605,-5.82393e-05,-0.0151793,-0.023661
631440745,0.0,0.0,0.0,-0.999641,0.000812954,0.0132522,0.0232618
631495206,0.0,0.0,0.0,-0.999737,0.00205585,0.0102319,0.0204335
631545217,0.0,0.0,0.0,-0.999754,0.00367495,0.00780485,0.0204426
631595154,0.0,0.0,0.0,-0.999819,0.00489681,0.00556831,0.0175457
631643213,0.0,0.0,0.0,-0.999825,0.00560764,0.00327937,0.0175363
631744892,0.0,0.0,0.0,-0.99985,0.0116424,0.00223019,0.0126066
631846640,0.0,0.0,0.0,-0.999714,0.0225892,0.000203464,0.00787548
631944775,0.0,0.0,0.0,0.999532,-0.0296799,0.00693445,-0.00273245
631994461,0.0,0.0,0.0,0.999412,-0.0320407,0.0121363,-0.001131
632044308,0.0,0.0,0.0,0.999357,-0.032645,0.0147976,0.000978395
632096241,0.0,0.0,0.0,0.999336,-0.0324161,0.0161933,0.00373663
632195538,0.0,0.0,0.0,0.999508,-0.0265608,0.0137176,0.00947202
632246021,0.0,0.0,0.0,0.999666,-0.0206407,0.00930056,0.0124544
632295606,0.0,0.0,0.0,0.999675,-0.0171023,0.00601502,0.0179065
632346153,0.0,0.0,0.0,0.99973,-0.0123297,0.00173757,0.0196184
632396235,0.0,0.0,0.0,0.999663,-0.00961582,-0.000433525,0.0240988
632496240,0.0,0.0,0.0,0.999594,-0.00359742,-0.00314193,0.028104
632546687,0.0,0.0,0.0,0.99955,-0.00156376,-0.00350979,0.0297546
632596128,0.0,0.0,0.0,0.999616,-0.000382615,-0.00358317,0.027489
632644814,0.0,0.0,0.0,0.999504,0.00164824,-0.00362079,0.0312263
632743942,0.0,0.0,0.0,0.999501,0.00205903,-0.00333873,0.0313556
632794769,0.0,0.0,0.0,0.999478,0.000849065,-0.00287543,0.0321597
632842836,0.0,0.0,0.0,0.999495,-0.00251936,-0.00183708,0.0316131
632893332,0.0,0.0,0.0,0.999492,-0.00595202,-0.00104743,0.0313098
632946108,0.0,0.0,0.0,0.999538,-0.0121612,5.28873e-05,0.0278389
632996079,0.0,0.0,0.0,0.999481,-0.0154462,0.000472988,0.0282629
633094017,0.0,0.0,0.0,0.999463,-0.0191767,0.00172728,0.0265275
633195329,0.0,0.0,0.0,0.999521,-0.0201065,0.00382441,0.0232339
633245374,0.0,0.0,0.0,0.999525,-0.0216695,0.0042062,0.0215082
633295628,0.0,0.0,0.0,0.999534,-0.0232187,0.00412665,0.0193591
633395219,0.0,0.0,0.0,0.999495,-0.0265154,0.000959313,0.0174637
633445174,0.0,0.0,0.0,0.999507,-0.0258831,-0.000695142,0.0177869
633495127,0.0,0.0,0.0,0.999605,-0.0240137,-0.00283602,0.0143155
633545486,0.0,0.0,0.0,0.9996,-0.0227685,-0.00368851,0.0163851
633594638,0.0,0.0,0.0,0.999669,-0.0215769,-0.00406309,0.0133805
633698949,0.0,0.0,0.0,0.999678,-0.0205322,-0.00350025,0.014497
633798080,0.0,0.0,0.0,0.99976,-0.0195857,-0.00201664,0.00963717
633847713,0.0,0.0,0.0,0.999812,-0.0181725,-0.000910967,0.00677912
633897993,0.0,0.0,0.0,0.999814,-0.0187595,-0.000100367,0.00451183
633946196,0.0,0.0,0.0,0.999787,-0.0202009,0.000721109,0.00407461
633995598,0.0,0.0,0.0,0.999768,-0.0214876,0.000982849,-0.000528156
634045869,0.0,0.0,0.0,0.999742,-0.0227025,0.000976816,-0.000527112
634144266,0.0,0.0,0.0,0.999706,-0.0232871,0.000826066,-0.00663375
634194825,0.0,0.0,0.0,0.999706,-0.0233215,0.000689119,-0.00663692
634244326,0.0,0.0,0.0,0.999722,-0.0227108,0.000596851,-0.00623441
634343954,0.0,0.0,0.0,0.999756,-0.0213273,0.000630802,-0.00571041
634393994,0.0,0.0,0.0,0.999765,-0.0208341,0.000537541,-0.00603954
634444742,0.0,0.0,0.0,0.999803,-0.0191425,0.000358973,-0.005275
634495179,0.0,0.0,0.0,0.999827,-0.0178112,0.00023014,-0.00533821
634541830,0.0,0.0,0.0,-0.999878,0.0149683,0.000229527,0.00448746
634643461,0.0,0.0,0.0,-0.999962,0.0083955,0.000813817,0.00228746
634694573,0.0,0.0,0.0,0.999982,-0.00586748,-0.000606079,0.000747563
634744017,0.0,0.0,0.0,0.999983,-0.00582584,-0.000305836,0.000267293
634843495,0.0,0.0,0.0,0.999963,-0.00824816,0.000785521,-0.00217591
634894152,0.0,0.0,0.0,0.999957,-0.00872658,0.001362,-0.00270697
634996314,0.0,0.0,0.0,0.999934,-0.0110769,0.00274085,-0.00134438
635046287,0.0,0.0,0.0,0.999893,-0.0141333,0.00362736,-0.00137347
635095706,0.0,0.0,0.0,0.999842,-0.0168705,0.00455066,-0.00331779
635145502,0.0,0.0,0.0,0.999828,-0.0175419,0.00546032,-0.0026626
635196149,0.0,0.0,0.0,0.999835,-0.016879,0.00574249,-0.00350287
635245785,0.0,0.0,0.0,0.999875,-0.0143326,0.00551349,-0.00373488
635296466,0.0,0.0,0.0,0.999917,-0.0117039,0.00436368,-0.00325933
635346331,0.0,0.0,0.0,0.999919,-0.0107968,0.00317543,-0.00595998
635393474,0.0,0.0,0.0,0.999923,-0.010593,0.00169746,-0.00628688
635443424,0.0,0.0,0.0,-0.999913,0.0106834,0.000716139,0.00768528
635493689,0.0,0.0,0.0,-0.999906,0.0102692,0.00326403,0.00852448
635543230,0.0,0.0,0.0,-0.99989,0.0095426,0.00472365,0.0103506
635593503,0.0,0.0,0.0,-0.999852,0.0087616,0.00597262,0.0135354
635644346,0.0,0.0,0.0,-0.999838,0.00740684,0.00737694,0.014647
635743187,0.0,0.0,0.0,-0.999766,0.00724546,0.00779665,0.0188065
635793814,0.0,0.0,0.0,-0.999676,0.00887696,0.00738047,0.0226728
635892127,0.0,0.0,0.0,-0.999466,0.0133967,0.00565716,0.0292673
635991960,0.0,0.0,0.0,-0.999244,0.0157477,0.00344414,0.0353866
636045327,0.0,0.0,0.0,-0.999192,0.0183906,0.00155305,0.0356979
636143134,0.0,0.0,0.0,0.998833,-0.0276952,0.00380578,-0.0393822
636193734,0.0,0.0,0.0,0.998708,-0.0316713,0.00644051,-0.0392101
636245901,0.0,0.0,0.0,0.998494,-0.0361315,0.00984288,-0.0401011
636294683,0.0,0.0,0.0,0.998404,-0.0375187,0.01135,-0.0406556
636393526,0.0,0.0,0.0,0.998476,-0.0356725,0.0124906,-0.0402239
636445283,0.0,0.0,0.0,0.99864,-0.0318775,0.0119045,-0.0395045
636496675,0.0,0.0,0.0,0.99887,-0.0292323,0.0110795,-0.0357897
636546664,0.0,0.0,0.0,0.999001,-0.0265344,0.00942318,-0.0346929
636596550,0.0,0.0,0.0,0.999073,-0.0241924,0.00661082,-0.0349836
636646760,0.0,0.0,0.0,0.999201,-0.0224273,0.00471212,-0.032739
636696671,0.0,0.0,0.0,0.999329,-0.0202393,0.00325674,-0.0303609
636745430,0.0,0.0,0.0,0.999381,-0.0162902,0.00226296,-0.0311062
636845400,0.0,0.0,0.0,0.999493,-0.0100345,0.00312601,-0.0300452
636896710,0.0,0.0,0.0,0.99943,-0.00811653,0.00365059,-0.0325686
636947001,0.0,0.0,0.0,0.999357,-0.00635718,0.00477679,-0.0349681
636996778,0.0,0.0,0.0,0.999368,-0.0054409,0.00568219,-0.0346587
637044249,0.0,0.0,0.0,0.999296,-0.00354497,0.00655456,-0.0367798
637094197,0.0,0.0,0.0,0.99928,-0.00234995,0.00666944,-0.0372858
637144370,0.0,0.0,0.0,0.999141,-0.00159098,0.00575127,-0.0409975
637194300,0.0,0.0,0.0,0.999005,-0.00132965,0.00454112,-0.0443464
637293952,0.0,0.0,0.0,0.998897,-0.00106765,0.000458155,-0.0469416
637393238,0.0,0.0,0.0,-0.998643,0.000314036,0.00444604,0.0518861
637444270,0.0,0.0,0.0,0.998618,-0.000234887,-0.00658747,-0.0521394
637494287,0.0,0.0,0.0,-0.998448,0.000657611,0.00720796,0.0552136
637544620,0.0,0.0,0.0,-0.998366,0.00134608,0.00686066,0.0567222
637644145,0.0,0.0,0.0,-0.998288,0.00179223,0.00450104,0.0582811
637744581,0.0,0.0,0.0,-0.99816,0.00362545,0.00328184,0.0604361
637795814,0.0,0.0,0.0,-0.998044,0.00482406,0.00271367,0.062275
637896377,0.0,0.0,0.0,-0.997826,0.00444846,0.000665664,0.0657559
637993283,0.0,0.0,0.0,0.997475,-0.0021749,0.00173558,-0.0709639
638044853,0.0,0.0,0.0,0.997474,-0.000768578,0.00313705,-0.0709644
638144577,0.0,0.0,0.0,-0.997507,-0.00190953,-0.00580845,0.0703058
638197595,0.0,0.0,0.0,-0.997169,-0.00172183,-0.00711746,0.0748383
638246977,0.0,0.0,0.0,0.997124,0.000504593,0.00852227,-0.0752991
638296264,0.0,0.0,0.0,0.996941,-0.00179576,0.00946587,-0.0775647
638346322,0.0,0.0,0.0,0.996668,-0.00304129,0.0107371,-0.0807931
638396519,0.0,0.0,0.0,0.996661,-0.00551556,0.0121244,-0.0805554
638445512,0.0,0.0,0.0,0.996354,-0.00853089,0.0127306,-0.083933
638544983,0.0,0.0,0.0,0.996229,-0.0210378,0.0120739,-0.0832984
638595026,0.0,0.0,0.0,0.996045,-0.0290933,0.0107301,-0.0832589
638644943,0.0,0.0,0.0,0.995731,-0.0331172,0.00736429,-0.0858446
638695343,0.0,0.0,0.0,0.995709,-0.0347158,0.0040311,-0.0856838
638798370,0.0,0.0,0.0,-0.995837,0.0270965,0.000906562,0.0870222
638849071,0.0,0.0,0.0,-0.995873,0.0218018,0.00236837,0.0880647
638895241,0.0,0.0,0.0,-0.996095,0.0166624,0.00264541,0.0866656
638944807,0.0,0.0,0.0,-0.996233,0.00912718,0.00100083,0.086224
638997269,0.0,0.0,0.0,0.996195,-0.00334083,0.00208664,-0.0870597
639047757,0.0,0.0,0.0,0.996209,-0.000494331,0.00341397,-0.0869269
639097903,0.0,0.0,0.0,0.996143,0.000328066,0.00419076,-0.0876422
639148776,0.0,0.0,0.0,0.995796,-0.00312745,0.00500689,-0.0914131
639197971,0.0,0.0,0.0,0.995839,-0.00681291,0.00603003,-0.0906779
639294767,0.0,0.0,0.0,0.995429,-0.0145473,0.00911204,-0.0939498
639342761,0.0,0.0,0.0,0.995202,-0.0180392,0.0107016,-0.0955647
639397491,0.0,0.0,0.0,0.995136,-0.0199217,0.0117549,-0.0957569
639448244,0.0,0.0,0.0,0.995031,-0.0220837,0.0113149,-0.096425
639497059,0.0,0.0,0.0,0.994742,-0.0218911,0.00878266,-0.0996584
639544469,0.0,0.0,0.0,0.994354,-0.0220917,0.00681024,-0.103561
639594423,0.0,0.0,0.0,0.994519,-0.020997,0.00379513,-0.102357
639694477,0.0,0.0,0.0,-0.994474,0.0118989,0.00455127,0.10421
639743398,0.0,0.0,0.0,-0.994523,0.00896009,0.00582684,0.103969
639797073,0.0,0.0,0.0,-0.994475,0.00891187,0.0059813,0.104419
639846405,0.0,0.0,0.0,-0.994351,0.0130438,0.00526763,0.105205
639895450,0.0,0.0,0.0,-0.99406,0.0175067,0.00489632,0.107306
639945465,0.0,0.0,0.0,-0.993744,0.0194189,0.00513228,0.109862
639994088,0.0,0.0,0.0,-0.993831,0.0209577,0.00506859,0.108792
640044100,0.0,0.0,0.0,-0.993788,0.0243327,0.00313867,0.108555
640094279,0.0,0.0,0.0,-0.993262,0.029769,-0.000424793,0.111997
640143580,0.0,0.0,0.0,-0.993307,0.0310313,-0.00225626,0.111236
640193922,0.0,0.0,0.0,0.993279,-0.0290248,0.00371517,-0.111986
640294215,0.0,0.0,0.0,0.993385,-0.023539,0.00843533,-0.112074
640342424,0.0,0.0,0.0,0.993339,-0.0256311,0.0133283,-0.11155
640392709,0.0,0.0,0.0,0.993264,-0.0275387,0.0156671,-0.111457
640493725,0.0,0.0,0.0,0.992718,-0.0266211,0.0168803,-0.116265
640543264,0.0,0.0,0.0,0.992454,-0.0245053,0.0143399,-0.119289
640593212,0.0,0.0,0.0,0.992128,-0.0235274,0.0130682,-0.122302
640697391,0.0,0.0,0.0,0.991848,-0.0184848,0.0118614,-0.12552
640747699,0.0,0.0,0.0,0.991672,-0.0139974,0.0103411,-0.127611
640848445,0.0,0.0,0.0,0.990828,-0.0217517,0.00824982,-0.133114
640995201,0.0,0.0,0.0,-0.989902,0.0307403,-0.00140703,0.138374
641045021,0.0,0.0,0.0,0.989875,-0.0173476,0.0050214,-0.140786
641694721,0.0,0.0,0.0,-0.99351,0.0077218,0.00321716,0.113437
641795956,0.0,0.0,0.0,-0.993446,0.00158531,0.000860346,0.114285
641845386,0.0,0.0,0.0,-0.993242,0.00235576,0.000161727,0.11604
641949818,0.0,0.0,0.0,-0.993396,0.00413682,0.000806601,0.114663
642045935,0.0,0.0,0.0,-0.993529,0.00327521,0.000777338,0.113525
642145662,0.0,0.0,0.0,-0.993363,0.00313787,0.000834915,0.114972
642244737,0.0,0.0,0.0,-0.993432,0.00378231,0.000997334,0.114356
642344349,0.0,0.0,0.0,-0.99344,0.00336161,0.000890543,0.114302
642394066,0.0,0.0,0.0,-0.993431,0.00368099,0.000886186,0.114371
642443378,0.0,0.0,0.0,-0.99357,0.00337785,0.000915331,0.113167
642546551,0.0,0.0,0.0,-0.993466,0.00376193,0.000977118,0.114063
642597540,0.0,0.0,0.0,-0.993391,0.00350113,0.000917692,0.114722
642647494,0.0,0.0,0.0,-0.993392,0.00334487,0.000909218,0.114722
642747960,0.0,0.0,0.0,-0.993585,0.00356243,0.000955394,0.113024
642797993,0.0,0.0,0.0,-0.993657,0.00321662,0.000851018,0.112406
642846491,0.0,0.0,0.0,-0.993353,0.00384389,0.000983707,0.115043
642895573,0.0,0.0,0.0,-0.993442,0.00344654,0.000974086,0.114278
642945624,0.0,0.0,0.0,-0.993437,0.00310798,0.000913507,0.114333
643046106,0.0,0.0,0.0,-0.993437,0.00366945,0.00105776,0.114313
643095796,0.0,0.0,0.0,-0.993519,0.00322199,0.00104337,0.113619
643145567,0.0,0.0,0.0,-0.993454,0.00343347,0.00111946,0.114173
643195252,0.0,0.0,0.0,-0.993473,0.00355147,0.00113047,0.114006
643294174,0.0,0.0,0.0,-0.993451,0.00330813,0.001059,0.114204
643345277,0.0,0.0,0.0,-0.993486,0.00327362,0.00108097,0.113902
643395343,0.0,0.0,0.0,-0.993486,0.00314292,0.00104411,0.113902
643494457,0.0,0.0,0.0,-0.993488,0.00321433,0.00106226,0.113885
643545996,0.0,0.0,0.0,-0.993439,0.00325581,0.00109203,0.114313
643646543,0.0,0.0,0.0,-0.993481,0.00316947,0.00105114,0.113946
643695951,0.0,0.0,0.0,-0.993324,0.003252,0.00106415,0.115305
643794669,0.0,0.0,0.0,-0.993504,0.00323255,0.00107753,0.113743
643894195,0.0,0.0,0.0,-0.993376,0.00322618,0.00105918,0.114858
