timestamp,noutputs,output[0],output[1],output[2],output[3],output[4],output[5],output[6],output[7],output[8],output[9],output[10],output[11],output[12],output[13],output[14],output[15]
556378406,8,1120.0,1120.0,1120.0,1120.0,1500.0,1500.0,0.0,0.0,0.0,0.0,0.0,0.0,0.0,0.0,0.0,0.0
556490165,8,1120.0,1120.0,1120.0,1120.0,1500.0,1500.0,0.0,0.0,0.0,0.0,0.0,0.0,0.0,0.0,0.0,0.0
556601631,8,1120.0,1120.0,1120.0,1120.0,1500.0,1500.0,0.0,0.0,0.0,0.0,0.0,0.0,0.0,0.0,0.0,0.0
556690582,8,1120.0,1120.0,1120.0,1120.0,1500.0,1500.0,0.0,0.0,0.0,0.0,0.0,0.0,0.0,0.0,0.0,0.0
556802157,8,1120.0,1120.0,1120.0,1120.0,1500.0,1500.0,0.0,0.0,0.0,0.0,0.0,0.0,0.0,0.0,0.0,0.0
556894414,8,1120.0,1120.0,1120.0,1120.0,1500.0,1500.0,0.0,0.0,0.0,0.0,0.0,0.0,0.0,0.0,0.0,0.0
557001583,8,1120.0,1120.0,1120.0,1120.0,1500.0,1500.0,0.0,0.0,0.0,0.0,0.0,0.0,0.0,0.0,0.0,0.0
557090569,8,1120.0,1120.0,1120.0,1120.0,1500.0,1500.0,0.0,0.0,0.0,0.0,0.0,0.0,0.0,0.0,0.0,0.0
557203085,8,1120.0,1120.0,1120.0,1120.0,1500.0,1500.0,0.0,0.0,0.0,0.0,0.0,0.0,0.0,0.0,0.0,0.0
557312033,8,1120.0,1120.0,1120.0,1120.0,1500.0,1500.0,0.0,0.0,0.0,0.0,0.0,0.0,0.0,0.0,0.0,0.0
557407075,8,1120.0,1120.0,1120.0,1120.0,1500.0,1500.0,0.0,0.0,0.0,0.0,0.0,0.0,0.0,0.0,0.0,0.0
557501221,8,1120.0,1120.0,1120.0,1120.0,1500.0,1500.0,0.0,0.0,0.0,0.0,0.0,0.0,0.0,0.0,0.0,0.0
557608163,8,1120.0,1120.0,1120.0,1120.0,1500.0,1500.0,0.0,0.0,0.0,0.0,0.0,0.0,0.0,0.0,0.0,0.0
557713150,8,1120.0,1120.0,1120.0,1120.0,1500.0,1500.0,0.0,0.0,0.0,0.0,0.0,0.0,0.0,0.0,0.0,0.0
557801632,8,1120.0,1120.0,1120.0,1120.0,1500.0,1500.0,0.0,0.0,0.0,0.0,0.0,0.0,0.0,0.0,0.0,0.0
557913069,8,1120.0,1120.0,1120.0,1120.0,1500.0,1500.0,0.0,0.0,0.0,0.0,0.0,0.0,0.0,0.0,0.0,0.0
558004924,8,1120.0,1120.0,1120.0,1120.0,1500.0,1500.0,0.0,0.0,0.0,0.0,0.0,0.0,0.0,0.0,0.0,0.0
558114052,8,1120.0,1120.0,1120.0,1120.0,1500.0,1500.0,0.0,0.0,0.0,0.0,0.0,0.0,0.0,0.0,0.0,0.0
558225849,8,1120.0,1120.0,1120.0,1120.0,1500.0,1500.0,0.0,0.0,0.0,0.0,0.0,0.0,0.0,0.0,0.0,0.0
558317985,8,1120.0,1120.0,1120.0,1120.0,1500.0,1500.0,0.0,0.0,0.0,0.0,0.0,0.0,0.0,0.0,0.0,0.0
558425785,8,1120.0,1120.0,1120.0,1120.0,1500.0,1500.0,0.0,0.0,0.0,0.0,0.0,0.0,0.0,0.0,0.0,0.0
558515367,8,1120.0,1120.0,1120.0,1120.0,1500.0,1500.0,0.0,0.0,0.0,0.0,0.0,0.0,0.0,0.0,0.0,0.0
558627215,8,1120.0,1120.0,1120.0,1120.0,1500.0,1500.0,0.0,0.0,0.0,0.0,0.0,0.0,0.0,0.0,0.0,0.0
558715132,8,1120.0,1120.0,1120.0,1120.0,1500.0,1500.0,0.0,0.0,0.0,0.0,0.0,0.0,0.0,0.0,0.0,0.0
558824287,8,1120.0,1120.0,1120.0,1120.0,1500.0,1500.0,0.0,0.0,0.0,0.0,0.0,0.0,0.0,0.0,0.0,0.0
558936182,8,1120.0,1120.0,1120.0,1120.0,1500.0,1500.0,0.0,0.0,0.0,0.0,0.0,0.0,0.0,0.0,0.0,0.0
559027453,8,1120.0,1120.0,1120.0,1120.0,1500.0,1500.0,0.0,0.0,0.0,0.0,0.0,0.0,0.0,0.0,0.0,0.0
559136688,8,1120.0,1120.0,1120.0,1120.0,1500.0,1500.0,0.0,0.0,0.0,0.0,0.0,0.0,0.0,0.0,0.0,0.0
559224550,8,1120.0,1120.0,1120.0,1120.0,1500.0,1500.0,0.0,0.0,0.0,0.0,0.0,0.0,0.0,0.0,0.0,0.0
559340245,8,1120.0,1120.0,1120.0,1120.0,1500.0,1500.0,0.0,0.0,0.0,0.0,0.0,0.0,0.0,0.0,0.0,0.0
559429357,8,1120.0,1120.0,1120.0,1120.0,1500.0,1500.0,0.0,0.0,0.0,0.0,0.0,0.0,0.0,0.0,0.0,0.0
559537402,8,1120.0,1120.0,1120.0,1120.0,1500.0,1500.0,0.0,0.0,0.0,0.0,0.0,0.0,0.0,0.0,0.0,0.0
559649110,8,1120.0,1120.0,1120.0,1120.0,1500.0,1500.0,0.0,0.0,0.0,0.0,0.0,0.0,0.0,0.0,0.0,0.0
559754943,8,1120.0,1120.0,1120.0,1120.0,1500.0,1500.0,0.0,0.0,0.0,0.0,0.0,0.0,0.0,0.0,0.0,0.0
559843277,8,1120.0,1120.0,1120.0,1120.0,1500.0,1500.0,0.0,0.0,0.0,0.0,0.0,0.0,0.0,0.0,0.0,0.0
559955652,8,1120.0,1120.0,1120.0,1120.0,1500.0,1500.0,0.0,0.0,0.0,0.0,0.0,0.0,0.0,0.0,0.0,0.0
560038060,8,1120.0,1120.0,1120.0,1120.0,1500.0,1500.0,0.0,0.0,0.0,0.0,0.0,0.0,0.0,0.0,0.0,0.0
560157361,8,1120.0,1120.0,1120.0,1120.0,1500.0,1500.0,0.0,0.0,0.0,0.0,0.0,0.0,0.0,0.0,0.0,0.0
560242546,8,1120.0,1120.0,1120.0,1120.0,1500.0,1500.0,0.0,0.0,0.0,0.0,0.0,0.0,0.0,0.0,0.0,0.0
560351093,8,1120.0,1120.0,1120.0,1120.0,1500.0,1500.0,0.0,0.0,0.0,0.0,0.0,0.0,0.0,0.0,0.0,0.0
560457363,8,1120.0,1120.0,1120.0,1120.0,1500.0,1500.0,0.0,0.0,0.0,0.0,0.0,0.0,0.0,0.0,0.0,0.0
560547601,8,1120.0,1120.0,1120.0,1120.0,1500.0,1500.0,0.0,0.0,0.0,0.0,0.0,0.0,0.0,0.0,0.0,0.0
560663371,8,1120.0,1120.0,1120.0,1120.0,1500.0,1500.0,0.0,0.0,0.0,0.0,0.0,0.0,0.0,0.0,0.0,0.0
560752682,8,1120.0,1120.0,1120.0,1120.0,1500.0,1500.0,0.0,0.0,0.0,0.0,0.0,0.0,0.0,0.0,0.0,0.0
560858150,8,1120.0,1120.0,1120.0,1120.0,1500.0,1500.0,0.0,0.0,0.0,0.0,0.0,0.0,0.0,0.0,0.0,0.0
560969266,8,1120.0,1120.0,1120.0,1120.0,1500.0,1500.0,0.0,0.0,0.0,0.0,0.0,0.0,0.0,0.0,0.0,0.0
561058255,8,1120.0,1120.0,1120.0,1120.0,1500.0,1500.0,0.0,0.0,0.0,0.0,0.0,0.0,0.0,0.0,0.0,0.0
561161037,8,1120.0,1120.0,1120.0,1120.0,1500.0,1500.0,0.0,0.0,0.0,0.0,0.0,0.0,0.0,0.0,0.0,0.0
561270048,8,1120.0,1120.0,1120.0,1120.0,1500.0,1500.0,0.0,0.0,0.0,0.0,0.0,0.0,0.0,0.0,0.0,0.0
561379122,8,1120.0,1120.0,1120.0,1120.0,1500.0,1500.0,0.0,0.0,0.0,0.0,0.0,0.0,0.0,0.0,0.0,0.0
561470498,8,1120.0,1120.0,1120.0,1120.0,1500.0,1500.0,0.0,0.0,0.0,0.0,0.0,0.0,0.0,0.0,0.0,0.0
561579308,8,1120.0,1120.0,1120.0,1120.0,1500.0,1500.0,0.0,0.0,0.0,0.0,0.0,0.0,0.0,0.0,0.0,0.0
561671259,8,1120.0,1120.0,1120.0,1120.0,1500.0,1500.0,0.0,0.0,0.0,0.0,0.0,0.0,0.0,0.0,0.0,0.0
561782665,8,1120.0,1120.0,1120.0,1120.0,1500.0,1500.0,0.0,0.0,0.0,0.0,0.0,0.0,0.0,0.0,0.0,0.0
561871237,8,1120.0,1120.0,1120.0,1120.0,1500.0,1500.0,0.0,0.0,0.0,0.0,0.0,0.0,0.0,0.0,0.0,0.0
561977108,8,1120.0,1120.0,1120.0,1120.0,1500.0,1500.0,0.0,0.0,0.0,0.0,0.0,0.0,0.0,0.0,0.0,0.0
562091311,8,1120.0,1120.0,1120.0,1120.0,1500.0,1500.0,0.0,0.0,0.0,0.0,0.0,0.0,0.0,0.0,0.0,0.0
562180164,8,1120.0,1120.0,1120.0,1120.0,1500.0,1500.0,0.0,0.0,0.0,0.0,0.0,0.0,0.0,0.0,0.0,0.0
562290066,8,1120.0,1120.0,1120.0,1120.0,1500.0,1500.0,0.0,0.0,0.0,0.0,0.0,0.0,0.0,0.0,0.0,0.0
562397895,8,1120.0,1120.0,1120.0,1120.0,1500.0,1500.0,0.0,0.0,0.0,0.0,0.0,0.0,0.0,0.0,0.0,0.0
562477785,8,1120.0,1120.0,1120.0,1120.0,1500.0,1500.0,0.0,0.0,0.0,0.0,0.0,0.0,0.0,0.0,0.0,0.0
562601041,8,1120.0,1120.0,1120.0,1120.0,1500.0,1500.0,0.0,0.0,0.0,0.0,0.0,0.0,0.0,0.0,0.0,0.0
562690640,8,1120.0,1120.0,1120.0,1120.0,1500.0,1500.0,0.0,0.0,0.0,0.0,0.0,0.0,0.0,0.0,0.0,0.0
562800848,8,1120.0,1120.0,1120.0,1120.0,1500.0,1500.0,0.0,0.0,0.0,0.0,0.0,0.0,0.0,0.0,0.0,0.0
562890426,8,1120.0,1120.0,1120.0,1120.0,1500.0,1500.0,0.0,0.0,0.0,0.0,0.0,0.0,0.0,0.0,0.0,0.0
562998945,8,1120.0,1120.0,1120.0,1120.0,1500.0,1500.0,0.0,0.0,0.0,0.0,0.0,0.0,0.0,0.0,0.0,0.0
563106019,8,1120.0,1120.0,1120.0,1120.0,1500.0,1500.0,0.0,0.0,0.0,0.0,0.0,0.0,0.0,0.0,0.0,0.0
563195089,8,1120.0,1120.0,1120.0,1120.0,1500.0,1500.0,0.0,0.0,0.0,0.0,0.0,0.0,0.0,0.0,0.0,0.0
563303093,8,1120.0,1120.0,1120.0,1120.0,1500.0,1500.0,0.0,0.0,0.0,0.0,0.0,0.0,0.0,0.0,0.0,0.0
563415082,8,1120.0,1120.0,1120.0,1120.0,1500.0,1500.0,0.0,0.0,0.0,0.0,0.0,0.0,0.0,0.0,0.0,0.0
563503453,8,1120.0,1120.0,1120.0,1120.0,1500.0,1500.0,0.0,0.0,0.0,0.0,0.0,0.0,0.0,0.0,0.0,0.0
563615887,8,1120.0,1120.0,1120.0,1120.0,1500.0,1500.0,0.0,0.0,0.0,0.0,0.0,0.0,0.0,0.0,0.0,0.0
563707452,8,1120.0,1120.0,1120.0,1120.0,1500.0,1500.0,0.0,0.0,0.0,0.0,0.0,0.0,0.0,0.0,0.0,0.0
563821856,8,1120.0,1120.0,1120.0,1120.0,1500.0,1500.0,0.0,0.0,0.0,0.0,0.0,0.0,0.0,0.0,0.0,0.0
563908442,8,1120.0,1120.0,1120.0,1120.0,1500.0,1500.0,0.0,0.0,0.0,0.0,0.0,0.0,0.0,0.0,0.0,0.0
564021715,8,1459.0,1447.0,1459.0,1432.0,1500.0,1500.0,0.0,0.0,0.0,0.0,0.0,0.0,0.0,0.0,0.0,0.0
564125267,8,1449.0,1450.0,1480.0,1462.0,1500.0,1500.0,0.0,0.0,0.0,0.0,0.0,0.0,0.0,0.0,0.0,0.0
564213092,8,1461.0,1456.0,1515.0,1501.0,1500.0,1500.0,0.0,0.0,0.0,0.0,0.0,0.0,0.0,0.0,0.0,0.0
564322868,8,1504.0,1524.0,1538.0,1518.0,1500.0,1500.0,0.0,0.0,0.0,0.0,0.0,0.0,0.0,0.0,0.0,0.0
564406179,8,1521.0,1527.0,1602.0,1550.0,1500.0,1500.0,0.0,0.0,0.0,0.0,0.0,0.0,0.0,0.0,0.0,0.0
564518388,8,1525.0,1475.0,1704.0,1640.0,1500.0,1500.0,0.0,0.0,0.0,0.0,0.0,0.0,0.0,0.0,0.0,0.0
564631619,8,1658.0,1506.0,1621.0,1602.0,1500.0,1500.0,0.0,0.0,0.0,0.0,0.0,0.0,0.0,0.0,0.0,0.0
564723651,8,1617.0,1484.0,1669.0,1647.0,1500.0,1500.0,0.0,0.0,0.0,0.0,0.0,0.0,0.0,0.0,0.0,0.0
564826659,8,1529.0,1482.0,1712.0,1636.0,1500.0,1500.0,0.0,0.0,0.0,0.0,0.0,0.0,0.0,0.0,0.0,0.0
564938713,8,1584.0,1510.0,1710.0,1577.0,1500.0,1500.0,0.0,0.0,0.0,0.0,0.0,0.0,0.0,0.0,0.0,0.0
565026856,8,1667.0,1599.0,1589.0,1531.0,1500.0,1500.0,0.0,0.0,0.0,0.0,0.0,0.0,0.0,0.0,0.0,0.0
565139534,8,1539.0,1449.0,1724.0,1695.0,1500.0,1500.0,0.0,0.0,0.0,0.0,0.0,0.0,0.0,0.0,0.0,0.0
565224563,8,1577.0,1521.0,1702.0,1631.0,1500.0,1500.0,0.0,0.0,0.0,0.0,0.0,0.0,0.0,0.0,0.0,0.0
565327334,8,1559.0,1525.0,1690.0,1626.0,1500.0,1500.0,0.0,0.0,0.0,0.0,0.0,0.0,0.0,0.0,0.0,0.0
565433179,8,1587.0,1534.0,1645.0,1644.0,1500.0,1500.0,0.0,0.0,0.0,0.0,0.0,0.0,0.0,0.0,0.0,0.0
565536842,8,1586.0,1531.0,1677.0,1637.0,1500.0,1500.0,0.0,0.0,0.0,0.0,0.0,0.0,0.0,0.0,0.0,0.0
565649354,8,1612.0,1622.0,1612.0,1568.0,1500.0,1500.0,0.0,0.0,0.0,0.0,0.0,0.0,0.0,0.0,0.0,0.0
565741062,8,1532.0,1544.0,1699.0,1653.0,1500.0,1500.0,0.0,0.0,0.0,0.0,0.0,0.0,0.0,0.0,0.0,0.0
565848978,8,1583.0,1554.0,1687.0,1638.0,1500.0,1500.0,0.0,0.0,0.0,0.0,0.0,0.0,0.0,0.0,0.0,0.0
565957996,8,1597.0,1591.0,1670.0,1603.0,1500.0,1500.0,0.0,0.0,0.0,0.0,0.0,0.0,0.0,0.0,0.0,0.0
566049829,8,1555.0,1511.0,1723.0,1672.0,1500.0,1500.0,0.0,0.0,0.0,0.0,0.0,0.0,0.0,0.0,0.0,0.0
566157718,8,1569.0,1505.0,1711.0,1673.0,1500.0,1500.0,0.0,0.0,0.0,0.0,0.0,0.0,0.0,0.0,0.0,0.0
566242721,8,1629.0,1580.0,1641.0,1594.0,1500.0,1500.0,0.0,0.0,0.0,0.0,0.0,0.0,0.0,0.0,0.0,0.0
566351279,8,1612.0,1570.0,1652.0,1601.0,1500.0,1500.0,0.0,0.0,0.0,0.0,0.0,0.0,0.0,0.0,0.0,0.0
566462521,8,1584.0,1529.0,1684.0,1640.0,1500.0,1500.0,0.0,0.0,0.0,0.0,0.0,0.0,0.0,0.0,0.0,0.0
566550669,8,1607.0,1559.0,1654.0,1610.0,1500.0,1500.0,0.0,0.0,0.0,0.0,0.0,0.0,0.0,0.0,0.0,0.0
566658071,8,1601.0,1557.0,1662.0,1617.0,1500.0,1500.0,0.0,0.0,0.0,0.0,0.0,0.0,0.0,0.0,0.0,0.0
566768281,8,1593.0,1555.0,1667.0,1612.0,1500.0,1500.0,0.0,0.0,0.0,0.0,0.0,0.0,0.0,0.0,0.0,0.0
566859123,8,1565.0,1518.0,1699.0,1653.0,1500.0,1500.0,0.0,0.0,0.0,0.0,0.0,0.0,0.0,0.0,0.0,0.0
566967292,8,1576.0,1531.0,1623.0,1575.0,1500.0,1500.0,0.0,0.0,0.0,0.0,0.0,0.0,0.0,0.0,0.0,0.0
567052280,8,1574.0,1510.0,1631.0,1615.0,1500.0,1500.0,0.0,0.0,0.0,0.0,0.0,0.0,0.0,0.0,0.0,0.0
567160468,8,1587.0,1531.0,1644.0,1611.0,1500.0,1500.0,0.0,0.0,0.0,0.0,0.0,0.0,0.0,0.0,0.0,0.0
567269390,8,1582.0,1528.0,1660.0,1621.0,1500.0,1500.0,0.0,0.0,0.0,0.0,0.0,0.0,0.0,0.0,0.0,0.0
567380021,8,1614.0,1550.0,1633.0,1602.0,1500.0,1500.0,0.0,0.0,0.0,0.0,0.0,0.0,0.0,0.0,0.0,0.0
567465242,8,1629.0,1577.0,1622.0,1584.0,1500.0,1500.0,0.0,0.0,0.0,0.0,0.0,0.0,0.0,0.0,0.0,0.0
567580775,8,1610.0,1562.0,1648.0,1600.0,1500.0,1500.0,0.0,0.0,0.0,0.0,0.0,0.0,0.0,0.0,0.0,0.0
567673834,8,1639.0,1590.0,1613.0,1574.0,1500.0,1500.0,0.0,0.0,0.0,0.0,0.0,0.0,0.0,0.0,0.0,0.0
567787337,8,1626.0,1572.0,1633.0,1590.0,1500.0,1500.0,0.0,0.0,0.0,0.0,0.0,0.0,0.0,0.0,0.0,0.0
567871213,8,1624.0,1573.0,1636.0,1597.0,1500.0,1500.0,0.0,0.0,0.0,0.0,0.0,0.0,0.0,0.0,0.0,0.0
567982883,8,1647.0,1587.0,1587.0,1546.0,1500.0,1500.0,0.0,0.0,0.0,0.0,0.0,0.0,0.0,0.0,0.0,0.0
568071099,8,1592.0,1551.0,1634.0,1588.0,1500.0,1500.0,0.0,0.0,0.0,0.0,0.0,0.0,0.0,0.0,0.0,0.0
568180471,8,1589.0,1540.0,1638.0,1601.0,1500.0,1500.0,0.0,0.0,0.0,0.0,0.0,0.0,0.0,0.0,0.0,0.0
568295475,8,1648.0,1586.0,1590.0,1557.0,1500.0,1500.0,0.0,0.0,0.0,0.0,0.0,0.0,0.0,0.0,0.0,0.0
568381356,8,1618.0,1554.0,1627.0,1591.0,1500.0,1500.0,0.0,0.0,0.0,0.0,0.0,0.0,0.0,0.0,0.0,0.0
568496892,8,1621.0,1570.0,1632.0,1583.0,1500.0,1500.0,0.0,0.0,0.0,0.0,0.0,0.0,0.0,0.0,0.0,0.0
568584153,8,1632.0,1573.0,1633.0,1572.0,1500.0,1500.0,0.0,0.0,0.0,0.0,0.0,0.0,0.0,0.0,0.0,0.0
568692673,8,1651.0,1550.0,1607.0,1600.0,1500.0,1500.0,0.0,0.0,0.0,0.0,0.0,0.0,0.0,0.0,0.0,0.0
568785067,8,1625.0,1585.0,1626.0,1567.0,1500.0,1500.0,0.0,0.0,0.0,0.0,0.0,0.0,0.0,0.0,0.0,0.0
568900901,8,1613.0,1577.0,1644.0,1577.0,1500.0,1500.0,0.0,0.0,0.0,0.0,0.0,0.0,0.0,0.0,0.0,0.0
568993368,8,1653.0,1583.0,1596.0,1575.0,1500.0,1500.0,0.0,0.0,0.0,0.0,0.0,0.0,0.0,0.0,0.0,0.0
569101837,8,1625.0,1550.0,1597.0,1571.0,1500.0,1500.0,0.0,0.0,0.0,0.0,0.0,0.0,0.0,0.0,0.0,0.0
569194309,8,1599.0,1556.0,1619.0,1576.0,1500.0,1500.0,0.0,0.0,0.0,0.0,0.0,0.0,0.0,0.0,0.0,0.0
569306313,8,1617.0,1580.0,1615.0,1567.0,1500.0,1500.0,0.0,0.0,0.0,0.0,0.0,0.0,0.0,0.0,0.0,0.0
569395534,8,1599.0,1547.0,1639.0,1601.0,1500.0,1500.0,0.0,0.0,0.0,0.0,0.0,0.0,0.0,0.0,0.0,0.0
569506732,8,1623.0,1566.0,1620.0,1588.0,1500.0,1500.0,0.0,0.0,0.0,0.0,0.0,0.0,0.0,0.0,0.0,0.0
569598818,8,1589.0,1567.0,1658.0,1591.0,1500.0,1500.0,0.0,0.0,0.0,0.0,0.0,0.0,0.0,0.0,0.0,0.0
569712988,8,1586.0,1558.0,1652.0,1595.0,1500.0,1500.0,0.0,0.0,0.0,0.0,0.0,0.0,0.0,0.0,0.0,0.0
569796006,8,1599.0,1556.0,1640.0,1596.0,1500.0,1500.0,0.0,0.0,0.0,0.0,0.0,0.0,0.0,0.0,0.0,0.0
569907860,8,1565.0,1538.0,1675.0,1609.0,1500.0,1500.0,0.0,0.0,0.0,0.0,0.0,0.0,0.0,0.0,0.0,0.0
569996679,8,1591.0,1552.0,1656.0,1597.0,1500.0,1500.0,0.0,0.0,0.0,0.0,0.0,0.0,0.0,0.0,0.0,0.0
570104602,8,1584.0,1532.0,1662.0,1611.0,1500.0,1500.0,0.0,0.0,0.0,0.0,0.0,0.0,0.0,0.0,0.0,0.0
570216853,8,1583.0,1543.0,1661.0,1605.0,1500.0,1500.0,0.0,0.0,0.0,0.0,0.0,0.0,0.0,0.0,0.0,0.0
570322557,8,1573.0,1539.0,1659.0,1607.0,1500.0,1500.0,0.0,0.0,0.0,0.0,0.0,0.0,0.0,0.0,0.0,0.0
570414147,8,1579.0,1532.0,1648.0,1616.0,1500.0,1500.0,0.0,0.0,0.0,0.0,0.0,0.0,0.0,0.0,0.0,0.0
570522127,8,1596.0,1542.0,1635.0,1612.0,1500.0,1500.0,0.0,0.0,0.0,0.0,0.0,0.0,0.0,0.0,0.0,0.0
570614609,8,1594.0,1549.0,1642.0,1607.0,1500.0,1500.0,0.0,0.0,0.0,0.0,0.0,0.0,0.0,0.0,0.0,0.0
570730062,8,1614.0,1561.0,1634.0,1587.0,1500.0,1500.0,0.0,0.0,0.0,0.0,0.0,0.0,0.0,0.0,0.0,0.0
570815080,8,1614.0,1545.0,1638.0,1600.0,1500.0,1500.0,0.0,0.0,0.0,0.0,0.0,0.0,0.0,0.0,0.0,0.0
570924291,8,1612.0,1532.0,1646.0,1610.0,1500.0,1500.0,0.0,0.0,0.0,0.0,0.0,0.0,0.0,0.0,0.0,0.0
571035098,8,1617.0,1557.0,1635.0,1586.0,1500.0,1500.0,0.0,0.0,0.0,0.0,0.0,0.0,0.0,0.0,0.0,0.0
571124232,8,1627.0,1553.0,1625.0,1589.0,1500.0,1500.0,0.0,0.0,0.0,0.0,0.0,0.0,0.0,0.0,0.0,0.0
571235650,8,1619.0,1541.0,1631.0,1605.0,1500.0,1500.0,0.0,0.0,0.0,0.0,0.0,0.0,0.0,0.0,0.0,0.0
571327671,8,1614.0,1571.0,1636.0,1580.0,1500.0,1500.0,0.0,0.0,0.0,0.0,0.0,0.0,0.0,0.0,0.0,0.0
571439496,8,1619.0,1563.0,1633.0,1583.0,1500.0,1500.0,0.0,0.0,0.0,0.0,0.0,0.0,0.0,0.0,0.0,0.0
571527372,8,1629.0,1571.0,1623.0,1570.0,1500.0,1500.0,0.0,0.0,0.0,0.0,0.0,0.0,0.0,0.0,0.0,0.0
571636449,8,1631.0,1577.0,1611.0,1576.0,1500.0,1500.0,0.0,0.0,0.0,0.0,0.0,0.0,0.0,0.0,0.0,0.0
571746118,8,1630.0,1563.0,1617.0,1593.0,1500.0,1500.0,0.0,0.0,0.0,0.0,0.0,0.0,0.0,0.0,0.0,0.0
571836796,8,1637.0,1573.0,1619.0,1590.0,1500.0,1500.0,0.0,0.0,0.0,0.0,0.0,0.0,0.0,0.0,0.0,0.0
571928941,8,1631.0,1561.0,1634.0,1591.0,1500.0,1500.0,0.0,0.0,0.0,0.0,0.0,0.0,0.0,0.0,0.0,0.0
572046428,8,1634.0,1575.0,1624.0,1569.0,1500.0,1500.0,0.0,0.0,0.0,0.0,0.0,0.0,0.0,0.0,0.0,0.0
572137021,8,1625.0,1557.0,1626.0,1581.0,1500.0,1500.0,0.0,0.0,0.0,0.0,0.0,0.0,0.0,0.0,0.0,0.0
572246629,8,1628.0,1561.0,1626.0,1578.0,1500.0,1500.0,0.0,0.0,0.0,0.0,0.0,0.0,0.0,0.0,0.0,0.0
572335899,8,1605.0,1543.0,1640.0,1606.0,1500.0,1500.0,0.0,0.0,0.0,0.0,0.0,0.0,0.0,0.0,0.0,0.0
572442508,8,1581.0,1537.0,1652.0,1614.0,1500.0,1500.0,0.0,0.0,0.0,0.0,0.0,0.0,0.0,0.0,0.0,0.0
572550874,8,1590.0,1542.0,1651.0,1616.0,1500.0,1500.0,0.0,0.0,0.0,0.0,0.0,0.0,0.0,0.0,0.0,0.0
572659088,8,1584.0,1527.0,1661.0,1630.0,1500.0,1500.0,0.0,0.0,0.0,0.0,0.0,0.0,0.0,0.0,0.0,0.0
572750582,8,1574.0,1509.0,1673.0,1643.0,1500.0,1500.0,0.0,0.0,0.0,0.0,0.0,0.0,0.0,0.0,0.0,0.0
572863330,8,1564.0,1522.0,1667.0,1641.0,1500.0,1500.0,0.0,0.0,0.0,0.0,0.0,0.0,0.0,0.0,0.0,0.0
572957250,8,1558.0,1515.0,1686.0,1654.0,1500.0,1500.0,0.0,0.0,0.0,0.0,0.0,0.0,0.0,0.0,0.0,0.0
573063323,8,1570.0,1501.0,1688.0,1662.0,1500.0,1500.0,0.0,0.0,0.0,0.0,0.0,0.0,0.0,0.0,0.0,0.0
573152486,8,1570.0,1515.0,1676.0,1660.0,1500.0,1500.0,0.0,0.0,0.0,0.0,0.0,0.0,0.0,0.0,0.0,0.0
573264370,8,1553.0,1510.0,1690.0,1673.0,1500.0,1500.0,0.0,0.0,0.0,0.0,0.0,0.0,0.0,0.0,0.0,0.0
573348935,8,1583.0,1502.0,1689.0,1658.0,1500.0,1500.0,0.0,0.0,0.0,0.0,0.0,0.0,0.0,0.0,0.0,0.0
573459709,8,1577.0,1500.0,1698.0,1650.0,1500.0,1500.0,0.0,0.0,0.0,0.0,0.0,0.0,0.0,0.0,0.0,0.0
573568261,8,1582.0,1505.0,1678.0,1636.0,1500.0,1500.0,0.0,0.0,0.0,0.0,0.0,0.0,0.0,0.0,0.0,0.0
573653716,8,1570.0,1474.0,1706.0,1654.0,1500.0,1500.0,0.0,0.0,0.0,0.0,0.0,0.0,0.0,0.0,0.0,0.0
573762413,8,1539.0,1483.0,1706.0,1666.0,1500.0,1500.0,0.0,0.0,0.0,0.0,0.0,0.0,0.0,0.0,0.0,0.0
573874044,8,1550.0,1515.0,1681.0,1653.0,1500.0,1500.0,0.0,0.0,0.0,0.0,0.0,0.0,0.0,0.0,0.0,0.0
573961832,8,1559.0,1503.0,1694.0,1666.0,1500.0,1500.0,0.0,0.0,0.0,0.0,0.0,0.0,0.0,0.0,0.0,0.0
574074656,8,1585.0,1527.0,1679.0,1642.0,1500.0,1500.0,0.0,0.0,0.0,0.0,0.0,0.0,0.0,0.0,0.0,0.0
574182495,8,1590.0,1538.0,1674.0,1622.0,1500.0,1500.0,0.0,0.0,0.0,0.0,0.0,0.0,0.0,0.0,0.0,0.0
574271288,8,1563.0,1504.0,1684.0,1660.0,1500.0,1500.0,0.0,0.0,0.0,0.0,0.0,0.0,0.0,0.0,0.0,0.0
574383367,8,1566.0,1522.0,1681.0,1643.0,1500.0,1500.0,0.0,0.0,0.0,0.0,0.0,0.0,0.0,0.0,0.0,0.0
574471879,8,1572.0,1547.0,1685.0,1621.0,1500.0,1500.0,0.0,0.0,0.0,0.0,0.0,0.0,0.0,0.0,0.0,0.0
574588559,8,1576.0,1558.0,1687.0,1610.0,1500.0,1500.0,0.0,0.0,0.0,0.0,0.0,0.0,0.0,0.0,0.0,0.0
574680935,8,1582.0,1538.0,1672.0,1634.0,1500.0,1500.0,0.0,0.0,0.0,0.0,0.0,0.0,0.0,0.0,0.0,0.0
574789442,8,1568.0,1534.0,1681.0,1646.0,1500.0,1500.0,0.0,0.0,0.0,0.0,0.0,0.0,0.0,0.0,0.0,0.0
574881687,8,1575.0,1560.0,1680.0,1622.0,1500.0,1500.0,0.0,0.0,0.0,0.0,0.0,0.0,0.0,0.0,0.0,0.0
574993631,8,1593.0,1572.0,1669.0,1609.0,1500.0,1500.0,0.0,0.0,0.0,0.0,0.0,0.0,0.0,0.0,0.0,0.0
575085270,8,1584.0,1561.0,1681.0,1630.0,1500.0,1500.0,0.0,0.0,0.0,0.0,0.0,0.0,0.0,0.0,0.0,0.0
575197386,8,1609.0,1588.0,1659.0,1618.0,1500.0,1500.0,0.0,0.0,0.0,0.0,0.0,0.0,0.0,0.0,0.0,0.0
575294457,8,1598.0,1586.0,1654.0,1615.0,1500.0,1500.0,0.0,0.0,0.0,0.0,0.0,0.0,0.0,0.0,0.0,0.0
575382268,8,1601.0,1581.0,1642.0,1634.0,1500.0,1500.0,0.0,0.0,0.0,0.0,0.0,0.0,0.0,0.0,0.0,0.0
575491509,8,1613.0,1597.0,1655.0,1604.0,1500.0,1500.0,0.0,0.0,0.0,0.0,0.0,0.0,0.0,0.0,0.0,0.0
575599844,8,1608.0,1587.0,1663.0,1606.0,1500.0,1500.0,0.0,0.0,0.0,0.0,0.0,0.0,0.0,0.0,0.0,0.0
575687081,8,1628.0,1603.0,1633.0,1590.0,1500.0,1500.0,0.0,0.0,0.0,0.0,0.0,0.0,0.0,0.0,0.0,0.0
575795244,8,1622.0,1600.0,1637.0,1589.0,1500.0,1500.0,0.0,0.0,0.0,0.0,0.0,0.0,0.0,0.0,0.0,0.0
575903291,8,1622.0,1589.0,1646.0,1599.0,1500.0,1500.0,0.0,0.0,0.0,0.0,0.0,0.0,0.0,0.0,0.0,0.0
575987876,8,1628.0,1597.0,1638.0,1595.0,1500.0,1500.0,0.0,0.0,0.0,0.0,0.0,0.0,0.0,0.0,0.0,0.0
576099683,8,1630.0,1600.0,1624.0,1580.0,1500.0,1500.0,0.0,0.0,0.0,0.0,0.0,0.0,0.0,0.0,0.0,0.0
576208464,8,1596.0,1568.0,1613.0,1555.0,1500.0,1500.0,0.0,0.0,0.0,0.0,0.0,0.0,0.0,0.0,0.0,0.0
576304126,8,1601.0,1576.0,1622.0,1566.0,1500.0,1500.0,0.0,0.0,0.0,0.0,0.0,0.0,0.0,0.0,0.0,0.0
576396857,8,1602.0,1564.0,1629.0,1601.0,1500.0,1500.0,0.0,0.0,0.0,0.0,0.0,0.0,0.0,0.0,0.0,0.0
576513637,8,1624.0,1582.0,1628.0,1581.0,1500.0,1500.0,0.0,0.0,0.0,0.0,0.0,0.0,0.0,0.0,0.0,0.0
576617633,8,1627.0,1581.0,1639.0,1581.0,1500.0,1500.0,0.0,0.0,0.0,0.0,0.0,0.0,0.0,0.0,0.0,0.0
576709393,8,1622.0,1581.0,1651.0,1578.0,1500.0,1500.0,0.0,0.0,0.0,0.0,0.0,0.0,0.0,0.0,0.0,0.0
576814367,8,1624.0,1580.0,1643.0,1584.0,1500.0,1500.0,0.0,0.0,0.0,0.0,0.0,0.0,0.0,0.0,0.0,0.0
576923313,8,1630.0,1588.0,1632.0,1585.0,1500.0,1500.0,0.0,0.0,0.0,0.0,0.0,0.0,0.0,0.0,0.0,0.0
577010288,8,1635.0,1598.0,1630.0,1592.0,1500.0,1500.0,0.0,0.0,0.0,0.0,0.0,0.0,0.0,0.0,0.0,0.0
577118638,8,1651.0,1594.0,1644.0,1572.0,1500.0,1500.0,0.0,0.0,0.0,0.0,0.0,0.0,0.0,0.0,0.0,0.0
577227099,8,1636.0,1596.0,1659.0,1557.0,1500.0,1500.0,0.0,0.0,0.0,0.0,0.0,0.0,0.0,0.0,0.0,0.0
577318674,8,1633.0,1579.0,1661.0,1571.0,1500.0,1500.0,0.0,0.0,0.0,0.0,0.0,0.0,0.0,0.0,0.0,0.0
577427329,8,1625.0,1575.0,1641.0,1588.0,1500.0,1500.0,0.0,0.0,0.0,0.0,0.0,0.0,0.0,0.0,0.0,0.0
577516573,8,1636.0,1585.0,1641.0,1573.0,1500.0,1500.0,0.0,0.0,0.0,0.0,0.0,0.0,0.0,0.0,0.0,0.0
577627659,8,1621.0,1568.0,1661.0,1607.0,1500.0,1500.0,0.0,0.0,0.0,0.0,0.0,0.0,0.0,0.0,0.0,0.0
577719246,8,1630.0,1563.0,1669.0,1605.0,1500.0,1500.0,0.0,0.0,0.0,0.0,0.0,0.0,0.0,0.0,0.0,0.0
577825602,8,1594.0,1550.0,1687.0,1622.0,1500.0,1500.0,0.0,0.0,0.0,0.0,0.0,0.0,0.0,0.0,0.0,0.0
577936822,8,1608.0,1546.0,1677.0,1624.0,1500.0,1500.0,0.0,0.0,0.0,0.0,0.0,0.0,0.0,0.0,0.0,0.0
578026046,8,1591.0,1529.0,1695.0,1649.0,1500.0,1500.0,0.0,0.0,0.0,0.0,0.0,0.0,0.0,0.0,0.0,0.0
578137334,8,1599.0,1541.0,1683.0,1646.0,1500.0,1500.0,0.0,0.0,0.0,0.0,0.0,0.0,0.0,0.0,0.0,0.0
578221232,8,1589.0,1536.0,1712.0,1680.0,1500.0,1500.0,0.0,0.0,0.0,0.0,0.0,0.0,0.0,0.0,0.0,0.0
578329844,8,1584.0,1532.0,1713.0,1678.0,1500.0,1500.0,0.0,0.0,0.0,0.0,0.0,0.0,0.0,0.0,0.0,0.0
578438321,8,1631.0,1570.0,1713.0,1670.0,1500.0,1500.0,0.0,0.0,0.0,0.0,0.0,0.0,0.0,0.0,0.0,0.0
578547096,8,1618.0,1574.0,1695.0,1653.0,1500.0,1500.0,0.0,0.0,0.0,0.0,0.0,0.0,0.0,0.0,0.0,0.0
578637732,8,1588.0,1553.0,1701.0,1660.0,1500.0,1500.0,0.0,0.0,0.0,0.0,0.0,0.0,0.0,0.0,0.0,0.0
578747485,8,1580.0,1543.0,1692.0,1667.0,1500.0,1500.0,0.0,0.0,0.0,0.0,0.0,0.0,0.0,0.0,0.0,0.0
578836677,8,1583.0,1538.0,1692.0,1659.0,1500.0,1500.0,0.0,0.0,0.0,0.0,0.0,0.0,0.0,0.0,0.0,0.0
578950838,8,1538.0,1498.0,1704.0,1670.0,1500.0,1500.0,0.0,0.0,0.0,0.0,0.0,0.0,0.0,0.0,0.0,0.0
579058511,8,1512.0,1470.0,1693.0,1648.0,1500.0,1500.0,0.0,0.0,0.0,0.0,0.0,0.0,0.0,0.0,0.0,0.0
579147900,8,1528.0,1492.0,1695.0,1632.0,1500.0,1500.0,0.0,0.0,0.0,0.0,0.0,0.0,0.0,0.0,0.0,0.0
579258265,8,1522.0,1502.0,1707.0,1638.0,1500.0,1500.0,0.0,0.0,0.0,0.0,0.0,0.0,0.0,0.0,0.0,0.0
579352242,8,1533.0,1507.0,1697.0,1651.0,1500.0,1500.0,0.0,0.0,0.0,0.0,0.0,0.0,0.0,0.0,0.0,0.0
579460264,8,1523.0,1498.0,1717.0,1662.0,1500.0,1500.0,0.0,0.0,0.0,0.0,0.0,0.0,0.0,0.0,0.0,0.0
579549002,8,1530.0,1504.0,1730.0,1654.0,1500.0,1500.0,0.0,0.0,0.0,0.0,0.0,0.0,0.0,0.0,0.0,0.0
579661055,8,1527.0,1498.0,1732.0,1663.0,1500.0,1500.0,0.0,0.0,0.0,0.0,0.0,0.0,0.0,0.0,0.0,0.0
579749212,8,1531.0,1488.0,1730.0,1666.0,1500.0,1500.0,0.0,0.0,0.0,0.0,0.0,0.0,0.0,0.0,0.0,0.0
579865080,8,1545.0,1504.0,1710.0,1654.0,1500.0,1500.0,0.0,0.0,0.0,0.0,0.0,0.0,0.0,0.0,0.0,0.0
579954385,8,1521.0,1490.0,1728.0,1667.0,1500.0,1500.0,0.0,0.0,0.0,0.0,0.0,0.0,0.0,0.0,0.0,0.0
580062021,8,1525.0,1498.0,1719.0,1661.0,1500.0,1500.0,0.0,0.0,0.0,0.0,0.0,0.0,0.0,0.0,0.0,0.0
580170259,8,1548.0,1517.0,1706.0,1644.0,1500.0,1500.0,0.0,0.0,0.0,0.0,0.0,0.0,0.0,0.0,0.0,0.0
580260184,8,1560.0,1518.0,1705.0,1645.0,1500.0,1500.0,0.0,0.0,0.0,0.0,0.0,0.0,0.0,0.0,0.0,0.0
580371075,8,1579.0,1522.0,1693.0,1639.0,1500.0,1500.0,0.0,0.0,0.0,0.0,0.0,0.0,0.0,0.0,0.0,0.0
580460563,8,1586.0,1534.0,1678.0,1630.0,1500.0,1500.0,0.0,0.0,0.0,0.0,0.0,0.0,0.0,0.0,0.0,0.0
580569137,8,1589.0,1567.0,1663.0,1607.0,1500.0,1500.0,0.0,0.0,0.0,0.0,0.0,0.0,0.0,0.0,0.0,0.0
580672021,8,1612.0,1589.0,1639.0,1594.0,1500.0,1500.0,0.0,0.0,0.0,0.0,0.0,0.0,0.0,0.0,0.0,0.0
580782472,8,1617.0,1588.0,1628.0,1592.0,1500.0,1500.0,0.0,0.0,0.0,0.0,0.0,0.0,0.0,0.0,0.0,0.0
580869673,8,1624.0,1593.0,1634.0,1577.0,1500.0,1500.0,0.0,0.0,0.0,0.0,0.0,0.0,0.0,0.0,0.0,0.0
580980820,8,1623.0,1599.0,1628.0,1576.0,1500.0,1500.0,0.0,0.0,0.0,0.0,0.0,0.0,0.0,0.0,0.0,0.0
581072810,8,1655.0,1627.0,1600.0,1551.0,1500.0,1500.0,0.0,0.0,0.0,0.0,0.0,0.0,0.0,0.0,0.0,0.0
581181651,8,1654.0,1623.0,1611.0,1557.0,1500.0,1500.0,0.0,0.0,0.0,0.0,0.0,0.0,0.0,0.0,0.0,0.0
581273654,8,1658.0,1622.0,1622.0,1558.0,1500.0,1500.0,0.0,0.0,0.0,0.0,0.0,0.0,0.0,0.0,0.0,0.0
581382287,8,1668.0,1635.0,1613.0,1548.0,1500.0,1500.0,0.0,0.0,0.0,0.0,0.0,0.0,0.0,0.0,0.0,0.0
581486410,8,1665.0,1632.0,1616.0,1541.0,1500.0,1500.0,0.0,0.0,0.0,0.0,0.0,0.0,0.0,0.0,0.0,0.0
581574524,8,1660.0,1624.0,1618.0,1550.0,1500.0,1500.0,0.0,0.0,0.0,0.0,0.0,0.0,0.0,0.0,0.0,0.0
581686405,8,1671.0,1639.0,1605.0,1550.0,1500.0,1500.0,0.0,0.0,0.0,0.0,0.0,0.0,0.0,0.0,0.0,0.0
581775283,8,1664.0,1648.0,1595.0,1535.0,1500.0,1500.0,0.0,0.0,0.0,0.0,0.0,0.0,0.0,0.0,0.0,0.0
581883075,8,1672.0,1642.0,1589.0,1548.0,1500.0,1500.0,0.0,0.0,0.0,0.0,0.0,0.0,0.0,0.0,0.0,0.0
581994985,8,1677.0,1635.0,1599.0,1547.0,1500.0,1500.0,0.0,0.0,0.0,0.0,0.0,0.0,0.0,0.0,0.0,0.0
582080536,8,1684.0,1643.0,1593.0,1533.0,1500.0,1500.0,0.0,0.0,0.0,0.0,0.0,0.0,0.0,0.0,0.0,0.0
582196010,8,1666.0,1640.0,1592.0,1535.0,1500.0,1500.0,0.0,0.0,0.0,0.0,0.0,0.0,0.0,0.0,0.0,0.0
582287871,8,1686.0,1664.0,1570.0,1509.0,1500.0,1500.0,0.0,0.0,0.0,0.0,0.0,0.0,0.0,0.0,0.0,0.0
582400991,8,1688.0,1662.0,1580.0,1513.0,1500.0,1500.0,0.0,0.0,0.0,0.0,0.0,0.0,0.0,0.0,0.0,0.0
582508915,8,1702.0,1674.0,1561.0,1502.0,1500.0,1500.0,0.0,0.0,0.0,0.0,0.0,0.0,0.0,0.0,0.0,0.0
582596706,8,1701.0,1681.0,1555.0,1502.0,1500.0,1500.0,0.0,0.0,0.0,0.0,0.0,0.0,0.0,0.0,0.0,0.0
582693100,8,1716.0,1676.0,1559.0,1498.0,1500.0,1500.0,0.0,0.0,0.0,0.0,0.0,0.0,0.0,0.0,0.0,0.0
582805148,8,1718.0,1696.0,1554.0,1477.0,1500.0,1500.0,0.0,0.0,0.0,0.0,0.0,0.0,0.0,0.0,0.0,0.0
582897471,8,1716.0,1691.0,1562.0,1484.0,1500.0,1500.0,0.0,0.0,0.0,0.0,0.0,0.0,0.0,0.0,0.0,0.0
583009021,8,1704.0,1690.0,1569.0,1494.0,1500.0,1500.0,0.0,0.0,0.0,0.0,0.0,0.0,0.0,0.0,0.0,0.0
583118018,8,1714.0,1689.0,1557.0,1500.0,1500.0,1500.0,0.0,0.0,0.0,0.0,0.0,0.0,0.0,0.0,0.0,0.0
583205878,8,1726.0,1691.0,1550.0,1497.0,1500.0,1500.0,0.0,0.0,0.0,0.0,0.0,0.0,0.0,0.0,0.0,0.0
583298881,8,1708.0,1690.0,1554.0,1505.0,1500.0,1500.0,0.0,0.0,0.0,0.0,0.0,0.0,0.0,0.0,0.0,0.0
583415354,8,1671.0,1669.0,1586.0,1527.0,1500.0,1500.0,0.0,0.0,0.0,0.0,0.0,0.0,0.0,0.0,0.0,0.0
583506651,8,1670.0,1679.0,1593.0,1518.0,1500.0,1500.0,0.0,0.0,0.0,0.0,0.0,0.0,0.0,0.0,0.0,0.0
583619547,8,1685.0,1668.0,1588.0,1530.0,1500.0,1500.0,0.0,0.0,0.0,0.0,0.0,0.0,0.0,0.0,0.0,0.0
583707862,8,1698.0,1691.0,1570.0,1509.0,1500.0,1500.0,0.0,0.0,0.0,0.0,0.0,0.0,0.0,0.0,0.0,0.0
583816660,8,1700.0,1685.0,1566.0,1512.0,1500.0,1500.0,0.0,0.0,0.0,0.0,0.0,0.0,0.0,0.0,0.0,0.0
583927606,8,1687.0,1662.0,1588.0,1524.0,1500.0,1500.0,0.0,0.0,0.0,0.0,0.0,0.0,0.0,0.0,0.0,0.0
584016825,8,1693.0,1668.0,1575.0,1528.0,1500.0,1500.0,0.0,0.0,0.0,0.0,0.0,0.0,0.0,0.0,0.0,0.0
584128374,8,1695.0,1679.0,1578.0,1518.0,1500.0,1500.0,0.0,0.0,0.0,0.0,0.0,0.0,0.0,0.0,0.0,0.0
584225654,8,1703.0,1661.0,1589.0,1531.0,1500.0,1500.0,0.0,0.0,0.0,0.0,0.0,0.0,0.0,0.0,0.0,0.0
584329046,8,1723.0,1667.0,1571.0,1517.0,1500.0,1500.0,0.0,0.0,0.0,0.0,0.0,0.0,0.0,0.0,0.0,0.0
584437362,8,1730.0,1664.0,1571.0,1510.0,1500.0,1500.0,0.0,0.0,0.0,0.0,0.0,0.0,0.0,0.0,0.0,0.0
584521041,8,1724.0,1656.0,1576.0,1513.0,1500.0,1500.0,0.0,0.0,0.0,0.0,0.0,0.0,0.0,0.0,0.0,0.0
584629795,8,1705.0,1658.0,1578.0,1511.0,1500.0,1500.0,0.0,0.0,0.0,0.0,0.0,0.0,0.0,0.0,0.0,0.0
584738062,8,1681.0,1636.0,1590.0,1539.0,1500.0,1500.0,0.0,0.0,0.0,0.0,0.0,0.0,0.0,0.0,0.0,0.0
584829718,8,1686.0,1650.0,1579.0,1533.0,1500.0,1500.0,0.0,0.0,0.0,0.0,0.0,0.0,0.0,0.0,0.0,0.0
584936213,8,1700.0,1659.0,1567.0,1525.0,1500.0,1500.0,0.0,0.0,0.0,0.0,0.0,0.0,0.0,0.0,0.0,0.0
585023207,8,1694.0,1648.0,1582.0,1533.0,1500.0,1500.0,0.0,0.0,0.0,0.0,0.0,0.0,0.0,0.0,0.0,0.0
585142822,8,1685.0,1649.0,1587.0,1536.0,1500.0,1500.0,0.0,0.0,0.0,0.0,0.0,0.0,0.0,0.0,0.0,0.0
585228137,8,1683.0,1644.0,1579.0,1550.0,1500.0,1500.0,0.0,0.0,0.0,0.0,0.0,0.0,0.0,0.0,0.0,0.0
585339689,8,1684.0,1635.0,1589.0,1549.0,1500.0,1500.0,0.0,0.0,0.0,0.0,0.0,0.0,0.0,0.0,0.0,0.0
585451760,8,1676.0,1634.0,1598.0,1551.0,1500.0,1500.0,0.0,0.0,0.0,0.0,0.0,0.0,0.0,0.0,0.0,0.0
585537776,8,1649.0,1616.0,1625.0,1570.0,1500.0,1500.0,0.0,0.0,0.0,0.0,0.0,0.0,0.0,0.0,0.0,0.0
585644600,8,1651.0,1635.0,1617.0,1552.0,1500.0,1500.0,0.0,0.0,0.0,0.0,0.0,0.0,0.0,0.0,0.0,0.0
585737705,8,1671.0,1638.0,1609.0,1547.0,1500.0,1500.0,0.0,0.0,0.0,0.0,0.0,0.0,0.0,0.0,0.0,0.0
585849003,8,1666.0,1636.0,1603.0,1554.0,1500.0,1500.0,0.0,0.0,0.0,0.0,0.0,0.0,0.0,0.0,0.0,0.0
585953050,8,1684.0,1640.0,1589.0,1547.0,1500.0,1500.0,0.0,0.0,0.0,0.0,0.0,0.0,0.0,0.0,0.0,0.0
586040903,8,1700.0,1651.0,1572.0,1544.0,1500.0,1500.0,0.0,0.0,0.0,0.0,0.0,0.0,0.0,0.0,0.0,0.0
586150041,8,1701.0,1664.0,1573.0,1535.0,1500.0,1500.0,0.0,0.0,0.0,0.0,0.0,0.0,0.0,0.0,0.0,0.0
586241788,8,1695.0,1674.0,1585.0,1518.0,1500.0,1500.0,0.0,0.0,0.0,0.0,0.0,0.0,0.0,0.0,0.0,0.0
586354575,8,1696.0,1656.0,1591.0,1520.0,1500.0,1500.0,0.0,0.0,0.0,0.0,0.0,0.0,0.0,0.0,0.0,0.0
586462579,8,1692.0,1646.0,1595.0,1530.0,1500.0,1500.0,0.0,0.0,0.0,0.0,0.0,0.0,0.0,0.0,0.0,0.0
586550839,8,1710.0,1680.0,1613.0,1540.0,1500.0,1500.0,0.0,0.0,0.0,0.0,0.0,0.0,0.0,0.0,0.0,0.0
586663114,8,1710.0,1664.0,1603.0,1544.0,1500.0,1500.0,0.0,0.0,0.0,0.0,0.0,0.0,0.0,0.0,0.0,0.0
586771753,8,1685.0,1652.0,1609.0,1545.0,1500.0,1500.0,0.0,0.0,0.0,0.0,0.0,0.0,0.0,0.0,0.0,0.0
586867511,8,1687.0,1652.0,1600.0,1545.0,1500.0,1500.0,0.0,0.0,0.0,0.0,0.0,0.0,0.0,0.0,0.0,0.0
586955994,8,1661.0,1635.0,1623.0,1570.0,1500.0,1500.0,0.0,0.0,0.0,0.0,0.0,0.0,0.0,0.0,0.0,0.0
587072247,8,1669.0,1648.0,1613.0,1559.0,1500.0,1500.0,0.0,0.0,0.0,0.0,0.0,0.0,0.0,0.0,0.0,0.0
587162806,8,1639.0,1626.0,1612.0,1546.0,1500.0,1500.0,0.0,0.0,0.0,0.0,0.0,0.0,0.0,0.0,0.0,0.0
587270126,8,1645.0,1627.0,1617.0,1539.0,1500.0,1500.0,0.0,0.0,0.0,0.0,0.0,0.0,0.0,0.0,0.0,0.0
587384957,8,1660.0,1639.0,1605.0,1542.0,1500.0,1500.0,0.0,0.0,0.0,0.0,0.0,0.0,0.0,0.0,0.0,0.0
587473463,8,1646.0,1621.0,1616.0,1561.0,1500.0,1500.0,0.0,0.0,0.0,0.0,0.0,0.0,0.0,0.0,0.0,0.0
587585075,8,1656.0,1636.0,1605.0,1552.0,1500.0,1500.0,0.0,0.0,0.0,0.0,0.0,0.0,0.0,0.0,0.0,0.0
587671428,8,1638.0,1621.0,1627.0,1564.0,1500.0,1500.0,0.0,0.0,0.0,0.0,0.0,0.0,0.0,0.0,0.0,0.0
587783089,8,1660.0,1628.0,1619.0,1555.0,1500.0,1500.0,0.0,0.0,0.0,0.0,0.0,0.0,0.0,0.0,0.0,0.0
587870937,8,1663.0,1645.0,1614.0,1540.0,1500.0,1500.0,0.0,0.0,0.0,0.0,0.0,0.0,0.0,0.0,0.0,0.0
587986831,8,1658.0,1634.0,1609.0,1548.0,1500.0,1500.0,0.0,0.0,0.0,0.0,0.0,0.0,0.0,0.0,0.0,0.0
588079230,8,1677.0,1648.0,1582.0,1541.0,1500.0,1500.0,0.0,0.0,0.0,0.0,0.0,0.0,0.0,0.0,0.0,0.0
588195407,8,1677.0,1649.0,1583.0,1542.0,1500.0,1500.0,0.0,0.0,0.0,0.0,0.0,0.0,0.0,0.0,0.0,0.0
588292815,8,1682.0,1665.0,1575.0,1536.0,1500.0,1500.0,0.0,0.0,0.0,0.0,0.0,0.0,0.0,0.0,0.0,0.0
588399542,8,1684.0,1672.0,1574.0,1524.0,1500.0,1500.0,0.0,0.0,0.0,0.0,0.0,0.0,0.0,0.0,0.0,0.0
588487330,8,1704.0,1681.0,1559.0,1513.0,1500.0,1500.0,0.0,0.0,0.0,0.0,0.0,0.0,0.0,0.0,0.0,0.0
588596702,8,1728.0,1697.0,1537.0,1493.0,1500.0,1500.0,0.0,0.0,0.0,0.0,0.0,0.0,0.0,0.0,0.0,0.0
588688129,8,1711.0,1684.0,1549.0,1511.0,1500.0,1500.0,0.0,0.0,0.0,0.0,0.0,0.0,0.0,0.0,0.0,0.0
588796804,8,1727.0,1710.0,1531.0,1488.0,1500.0,1500.0,0.0,0.0,0.0,0.0,0.0,0.0,0.0,0.0,0.0,0.0
588904678,8,1743.0,1713.0,1529.0,1472.0,1500.0,1500.0,0.0,0.0,0.0,0.0,0.0,0.0,0.0,0.0,0.0,0.0
588994963,8,1725.0,1683.0,1559.0,1500.0,1500.0,1500.0,0.0,0.0,0.0,0.0,0.0,0.0,0.0,0.0,0.0,0.0
589105490,8,1745.0,1704.0,1519.0,1478.0,1500.0,1500.0,0.0,0.0,0.0,0.0,0.0,0.0,0.0,0.0,0.0,0.0
589196201,8,1734.0,1693.0,1525.0,1491.0,1500.0,1500.0,0.0,0.0,0.0,0.0,0.0,0.0,0.0,0.0,0.0,0.0
589298077,8,1704.0,1670.0,1553.0,1522.0,1500.0,1500.0,0.0,0.0,0.0,0.0,0.0,0.0,0.0,0.0,0.0,0.0
589406471,8,1720.0,1694.0,1544.0,1504.0,1500.0,1500.0,0.0,0.0,0.0,0.0,0.0,0.0,0.0,0.0,0.0,0.0
589516037,8,1762.0,1719.0,1521.0,1466.0,1500.0,1500.0,0.0,0.0,0.0,0.0,0.0,0.0,0.0,0.0,0.0,0.0
589604510,8,1754.0,1710.0,1531.0,1472.0,1500.0,1500.0,0.0,0.0,0.0,0.0,0.0,0.0,0.0,0.0,0.0,0.0
589715887,8,1748.0,1704.0,1523.0,1472.0,1500.0,1500.0,0.0,0.0,0.0,0.0,0.0,0.0,0.0,0.0,0.0,0.0
589804287,8,1760.0,1715.0,1499.0,1462.0,1500.0,1500.0,0.0,0.0,0.0,0.0,0.0,0.0,0.0,0.0,0.0,0.0
589916866,8,1733.0,1707.0,1518.0,1486.0,1500.0,1500.0,0.0,0.0,0.0,0.0,0.0,0.0,0.0,0.0,0.0,0.0
590005502,8,1748.0,1724.0,1503.0,1467.0,1500.0,1500.0,0.0,0.0,0.0,0.0,0.0,0.0,0.0,0.0,0.0,0.0
590107866,8,1750.0,1728.0,1510.0,1461.0,1500.0,1500.0,0.0,0.0,0.0,0.0,0.0,0.0,0.0,0.0,0.0,0.0
590216670,8,1749.0,1713.0,1516.0,1475.0,1500.0,1500.0,0.0,0.0,0.0,0.0,0.0,0.0,0.0,0.0,0.0,0.0
590328240,8,1726.0,1696.0,1540.0,1491.0,1500.0,1500.0,0.0,0.0,0.0,0.0,0.0,0.0,0.0,0.0,0.0,0.0
590420259,8,1720.0,1692.0,1556.0,1486.0,1500.0,1500.0,0.0,0.0,0.0,0.0,0.0,0.0,0.0,0.0,0.0,0.0
590528903,8,1709.0,1667.0,1563.0,1512.0,1500.0,1500.0,0.0,0.0,0.0,0.0,0.0,0.0,0.0,0.0,0.0,0.0
590617633,8,1678.0,1654.0,1574.0,1530.0,1500.0,1500.0,0.0,0.0,0.0,0.0,0.0,0.0,0.0,0.0,0.0,0.0
590729004,8,1684.0,1662.0,1568.0,1523.0,1500.0,1500.0,0.0,0.0,0.0,0.0,0.0,0.0,0.0,0.0,0.0,0.0
590838563,8,1684.0,1659.0,1574.0,1536.0,1500.0,1500.0,0.0,0.0,0.0,0.0,0.0,0.0,0.0,0.0,0.0,0.0
590922715,8,1684.0,1647.0,1584.0,1540.0,1500.0,1500.0,0.0,0.0,0.0,0.0,0.0,0.0,0.0,0.0,0.0,0.0
591038701,8,1677.0,1640.0,1591.0,1536.0,1500.0,1500.0,0.0,0.0,0.0,0.0,0.0,0.0,0.0,0.0,0.0,0.0
591123105,8,1679.0,1644.0,1578.0,1525.0,1500.0,1500.0,0.0,0.0,0.0,0.0,0.0,0.0,0.0,0.0,0.0,0.0
591234628,8,1669.0,1634.0,1579.0,1537.0,1500.0,1500.0,0.0,0.0,0.0,0.0,0.0,0.0,0.0,0.0,0.0,0.0
591323018,8,1665.0,1616.0,1587.0,1550.0,1500.0,1500.0,0.0,0.0,0.0,0.0,0.0,0.0,0.0,0.0,0.0,0.0
591431324,8,1657.0,1621.0,1588.0,1549.0,1500.0,1500.0,0.0,0.0,0.0,0.0,0.0,0.0,0.0,0.0,0.0,0.0
591537057,8,1653.0,1608.0,1587.0,1558.0,1500.0,1500.0,0.0,0.0,0.0,0.0,0.0,0.0,0.0,0.0,0.0,0.0
591651300,8,1666.0,1624.0,1573.0,1528.0,1500.0,1500.0,0.0,0.0,0.0,0.0,0.0,0.0,0.0,0.0,0.0,0.0
591740791,8,1665.0,1622.0,1585.0,1536.0,1500.0,1500.0,0.0,0.0,0.0,0.0,0.0,0.0,0.0,0.0,0.0,0.0
591832558,8,1680.0,1635.0,1572.0,1533.0,1500.0,1500.0,0.0,0.0,0.0,0.0,0.0,0.0,0.0,0.0,0.0,0.0
591944707,8,1681.0,1628.0,1576.0,1546.0,1500.0,1500.0,0.0,0.0,0.0,0.0,0.0,0.0,0.0,0.0,0.0,0.0
592053508,8,1676.0,1626.0,1588.0,1543.0,1500.0,1500.0,0.0,0.0,0.0,0.0,0.0,0.0,0.0,0.0,0.0,0.0
592138718,8,1699.0,1649.0,1569.0,1521.0,1500.0,1500.0,0.0,0.0,0.0,0.0,0.0,0.0,0.0,0.0,0.0,0.0
592245229,8,1681.0,1632.0,1583.0,1534.0,1500.0,1500.0,0.0,0.0,0.0,0.0,0.0,0.0,0.0,0.0,0.0,0.0
592359742,8,1680.0,1643.0,1579.0,1532.0,1500.0,1500.0,0.0,0.0,0.0,0.0,0.0,0.0,0.0,0.0,0.0,0.0
592462021,8,1687.0,1646.0,1570.0,1530.0,1500.0,1500.0,0.0,0.0,0.0,0.0,0.0,0.0,0.0,0.0,0.0,0.0
592546005,8,1697.0,1659.0,1561.0,1520.0,1500.0,1500.0,0.0,0.0,0.0,0.0,0.0,0.0,0.0,0.0,0.0,0.0
592660105,8,1707.0,1659.0,1554.0,1516.0,1500.0,1500.0,0.0,0.0,0.0,0.0,0.0,0.0,0.0,0.0,0.0,0.0
592766982,8,1698.0,1668.0,1564.0,1506.0,1500.0,1500.0,0.0,0.0,0.0,0.0,0.0,0.0,0.0,0.0,0.0,0.0
592851650,8,1691.0,1675.0,1568.0,1509.0,1500.0,1500.0,0.0,0.0,0.0,0.0,0.0,0.0,0.0,0.0,0.0,0.0
592960674,8,1695.0,1679.0,1563.0,1512.0,1500.0,1500.0,0.0,0.0,0.0,0.0,0.0,0.0,0.0,0.0,0.0,0.0
593051348,8,1704.0,1679.0,1565.0,1508.0,1500.0,1500.0,0.0,0.0,0.0,0.0,0.0,0.0,0.0,0.0,0.0,0.0
593163337,8,1712.0,1679.0,1552.0,1514.0,1500.0,1500.0,0.0,0.0,0.0,0.0,0.0,0.0,0.0,0.0,0.0,0.0
593248457,8,1710.0,1671.0,1559.0,1518.0,1500.0,1500.0,0.0,0.0,0.0,0.0,0.0,0.0,0.0,0.0,0.0,0.0
593362044,8,1682.0,1655.0,1594.0,1534.0,1500.0,1500.0,0.0,0.0,0.0,0.0,0.0,0.0,0.0,0.0,0.0,0.0
593452720,8,1703.0,1668.0,1579.0,1523.0,1500.0,1500.0,0.0,0.0,0.0,0.0,0.0,0.0,0.0,0.0,0.0,0.0
593568433,8,1694.0,1647.0,1587.0,1541.0,1500.0,1500.0,0.0,0.0,0.0,0.0,0.0,0.0,0.0,0.0,0.0,0.0
593657046,8,1671.0,1649.0,1598.0,1545.0,1500.0,1500.0,0.0,0.0,0.0,0.0,0.0,0.0,0.0,0.0,0.0,0.0
593773739,8,1649.0,1632.0,1621.0,1569.0,1500.0,1500.0,0.0,0.0,0.0,0.0,0.0,0.0,0.0,0.0,0.0,0.0
593862625,8,1651.0,1633.0,1614.0,1560.0,1500.0,1500.0,0.0,0.0,0.0,0.0,0.0,0.0,0.0,0.0,0.0,0.0
593971522,8,1644.0,1619.0,1620.0,1570.0,1500.0,1500.0,0.0,0.0,0.0,0.0,0.0,0.0,0.0,0.0,0.0,0.0
594083877,8,1640.0,1603.0,1628.0,1585.0,1500.0,1500.0,0.0,0.0,0.0,0.0,0.0,0.0,0.0,0.0,0.0,0.0
594166861,8,1619.0,1594.0,1662.0,1590.0,1500.0,1500.0,0.0,0.0,0.0,0.0,0.0,0.0,0.0,0.0,0.0,0.0
594279471,8,1624.0,1597.0,1654.0,1580.0,1500.0,1500.0,0.0,0.0,0.0,0.0,0.0,0.0,0.0,0.0,0.0,0.0
594372678,8,1596.0,1566.0,1665.0,1613.0,1500.0,1500.0,0.0,0.0,0.0,0.0,0.0,0.0,0.0,0.0,0.0,0.0
594479083,8,1578.0,1562.0,1674.0,1627.0,1500.0,1500.0,0.0,0.0,0.0,0.0,0.0,0.0,0.0,0.0,0.0,0.0
594587353,8,1576.0,1558.0,1688.0,1639.0,1500.0,1500.0,0.0,0.0,0.0,0.0,0.0,0.0,0.0,0.0,0.0,0.0
594679337,8,1574.0,1542.0,1710.0,1649.0,1500.0,1500.0,0.0,0.0,0.0,0.0,0.0,0.0,0.0,0.0,0.0,0.0
594787296,8,1573.0,1530.0,1718.0,1654.0,1500.0,1500.0,0.0,0.0,0.0,0.0,0.0,0.0,0.0,0.0,0.0,0.0
594896654,8,1566.0,1516.0,1716.0,1663.0,1500.0,1500.0,0.0,0.0,0.0,0.0,0.0,0.0,0.0,0.0,0.0,0.0
594980568,8,1569.0,1520.0,1708.0,1656.0,1500.0,1500.0,0.0,0.0,0.0,0.0,0.0,0.0,0.0,0.0,0.0,0.0
595096719,8,1578.0,1521.0,1702.0,1656.0,1500.0,1500.0,0.0,0.0,0.0,0.0,0.0,0.0,0.0,0.0,0.0,0.0
595201047,8,1575.0,1509.0,1710.0,1666.0,1500.0,1500.0,0.0,0.0,0.0,0.0,0.0,0.0,0.0,0.0,0.0,0.0
595289132,8,1552.0,1501.0,1725.0,1679.0,1500.0,1500.0,0.0,0.0,0.0,0.0,0.0,0.0,0.0,0.0,0.0,0.0
595397451,8,1555.0,1514.0,1716.0,1670.0,1500.0,1500.0,0.0,0.0,0.0,0.0,0.0,0.0,0.0,0.0,0.0,0.0
595502265,8,1545.0,1516.0,1720.0,1669.0,1500.0,1500.0,0.0,0.0,0.0,0.0,0.0,0.0,0.0,0.0,0.0,0.0
595589888,8,1568.0,1525.0,1697.0,1660.0,1500.0,1500.0,0.0,0.0,0.0,0.0,0.0,0.0,0.0,0.0,0.0,0.0
595702300,8,1571.0,1512.0,1701.0,1669.0,1500.0,1500.0,0.0,0.0,0.0,0.0,0.0,0.0,0.0,0.0,0.0,0.0
595790858,8,1568.0,1502.0,1710.0,1676.0,1500.0,1500.0,0.0,0.0,0.0,0.0,0.0,0.0,0.0,0.0,0.0,0.0
595904547,8,1564.0,1510.0,1715.0,1663.0,1500.0,1500.0,0.0,0.0,0.0,0.0,0.0,0.0,0.0,0.0,0.0,0.0
595996694,8,1586.0,1530.0,1683.0,1642.0,1500.0,1500.0,0.0,0.0,0.0,0.0,0.0,0.0,0.0,0.0,0.0,0.0
596099857,8,1575.0,1527.0,1681.0,1652.0,1500.0,1500.0,0.0,0.0,0.0,0.0,0.0,0.0,0.0,0.0,0.0,0.0
596211458,8,1567.0,1528.0,1686.0,1658.0,1500.0,1500.0,0.0,0.0,0.0,0.0,0.0,0.0,0.0,0.0,0.0,0.0
596319565,8,1573.0,1531.0,1686.0,1652.0,1500.0,1500.0,0.0,0.0,0.0,0.0,0.0,0.0,0.0,0.0,0.0,0.0
596406081,8,1560.0,1517.0,1707.0,1666.0,1500.0,1500.0,0.0,0.0,0.0,0.0,0.0,0.0,0.0,0.0,0.0,0.0
596517609,8,1569.0,1534.0,1695.0,1650.0,1500.0,1500.0,0.0,0.0,0.0,0.0,0.0,0.0,0.0,0.0,0.0,0.0
596620697,8,1566.0,1536.0,1692.0,1649.0,1500.0,1500.0,0.0,0.0,0.0,0.0,0.0,0.0,0.0,0.0,0.0,0.0
596709038,8,1556.0,1531.0,1697.0,1658.0,1500.0,1500.0,0.0,0.0,0.0,0.0,0.0,0.0,0.0,0.0,0.0,0.0
596818275,8,1576.0,1538.0,1685.0,1657.0,1500.0,1500.0,0.0,0.0,0.0,0.0,0.0,0.0,0.0,0.0,0.0,0.0
596928948,8,1561.0,1522.0,1723.0,1668.0,1500.0,1500.0,0.0,0.0,0.0,0.0,0.0,0.0,0.0,0.0,0.0,0.0
597014287,8,1554.0,1496.0,1740.0,1687.0,1500.0,1500.0,0.0,0.0,0.0,0.0,0.0,0.0,0.0,0.0,0.0,0.0
597127501,8,1555.0,1512.0,1733.0,1664.0,1500.0,1500.0,0.0,0.0,0.0,0.0,0.0,0.0,0.0,0.0,0.0,0.0
597214654,8,1536.0,1502.0,1737.0,1678.0,1500.0,1500.0,0.0,0.0,0.0,0.0,0.0,0.0,0.0,0.0,0.0,0.0
597328087,8,1504.0,1488.0,1760.0,1701.0,1500.0,1500.0,0.0,0.0,0.0,0.0,0.0,0.0,0.0,0.0,0.0,0.0
597419282,8,1522.0,1509.0,1740.0,1685.0,1500.0,1500.0,0.0,0.0,0.0,0.0,0.0,0.0,0.0,0.0,0.0,0.0
597522947,8,1525.0,1500.0,1747.0,1692.0,1500.0,1500.0,0.0,0.0,0.0,0.0,0.0,0.0,0.0,0.0,0.0,0.0
597635860,8,1528.0,1477.0,1766.0,1703.0,1500.0,1500.0,0.0,0.0,0.0,0.0,0.0,0.0,0.0,0.0,0.0,0.0
597723438,8,1536.0,1488.0,1760.0,1693.0,1500.0,1500.0,0.0,0.0,0.0,0.0,0.0,0.0,0.0,0.0,0.0,0.0
597829026,8,1539.0,1512.0,1743.0,1667.0,1500.0,1500.0,0.0,0.0,0.0,0.0,0.0,0.0,0.0,0.0,0.0,0.0
597938257,8,1512.0,1490.0,1759.0,1695.0,1500.0,1500.0,0.0,0.0,0.0,0.0,0.0,0.0,0.0,0.0,0.0,0.0
598024151,8,1530.0,1502.0,1742.0,1683.0,1500.0,1500.0,0.0,0.0,0.0,0.0,0.0,0.0,0.0,0.0,0.0,0.0
598136713,8,1541.0,1505.0,1730.0,1678.0,1500.0,1500.0,0.0,0.0,0.0,0.0,0.0,0.0,0.0,0.0,0.0,0.0
598245489,8,1530.0,1486.0,1756.0,1685.0,1500.0,1500.0,0.0,0.0,0.0,0.0,0.0,0.0,0.0,0.0,0.0,0.0
598333053,8,1527.0,1476.0,1758.0,1686.0,1500.0,1500.0,0.0,0.0,0.0,0.0,0.0,0.0,0.0,0.0,0.0,0.0
598450456,8,1527.0,1490.0,1743.0,1674.0,1500.0,1500.0,0.0,0.0,0.0,0.0,0.0,0.0,0.0,0.0,0.0,0.0
598553691,8,1503.0,1469.0,1772.0,1693.0,1500.0,1500.0,0.0,0.0,0.0,0.0,0.0,0.0,0.0,0.0,0.0,0.0
598646038,8,1509.0,1480.0,1762.0,1683.0,1500.0,1500.0,0.0,0.0,0.0,0.0,0.0,0.0,0.0,0.0,0.0,0.0
598753747,8,1526.0,1489.0,1740.0,1673.0,1500.0,1500.0,0.0,0.0,0.0,0.0,0.0,0.0,0.0,0.0,0.0,0.0
598842931,8,1512.0,1483.0,1749.0,1685.0,1500.0,1500.0,0.0,0.0,0.0,0.0,0.0,0.0,0.0,0.0,0.0,0.0
598955090,8,1534.0,1509.0,1737.0,1654.0,1500.0,1500.0,0.0,0.0,0.0,0.0,0.0,0.0,0.0,0.0,0.0,0.0
599052123,8,1522.0,1483.0,1752.0,1674.0,1500.0,1500.0,0.0,0.0,0.0,0.0,0.0,0.0,0.0,0.0,0.0,0.0
599155667,8,1529.0,1484.0,1746.0,1673.0,1500.0,1500.0,0.0,0.0,0.0,0.0,0.0,0.0,0.0,0.0,0.0,0.0
599263543,8,1546.0,1489.0,1740.0,1662.0,1500.0,1500.0,0.0,0.0,0.0,0.0,0.0,0.0,0.0,0.0,0.0,0.0
599352223,8,1540.0,1484.0,1752.0,1677.0,1500.0,1500.0,0.0,0.0,0.0,0.0,0.0,0.0,0.0,0.0,0.0,0.0
599468711,8,1535.0,1495.0,1756.0,1659.0,1500.0,1500.0,0.0,0.0,0.0,0.0,0.0,0.0,0.0,0.0,0.0,0.0
599556505,8,1530.0,1487.0,1753.0,1665.0,1500.0,1500.0,0.0,0.0,0.0,0.0,0.0,0.0,0.0,0.0,0.0,0.0
599662876,8,1539.0,1491.0,1741.0,1661.0,1500.0,1500.0,0.0,0.0,0.0,0.0,0.0,0.0,0.0,0.0,0.0,0.0
599769255,8,1531.0,1496.0,1740.0,1661.0,1500.0,1500.0,0.0,0.0,0.0,0.0,0.0,0.0,0.0,0.0,0.0,0.0
599857513,8,1570.0,1518.0,1709.0,1643.0,1500.0,1500.0,0.0,0.0,0.0,0.0,0.0,0.0,0.0,0.0,0.0,0.0
599969452,8,1548.0,1502.0,1744.0,1657.0,1500.0,1500.0,0.0,0.0,0.0,0.0,0.0,0.0,0.0,0.0,0.0,0.0
600078284,8,1571.0,1530.0,1725.0,1625.0,1500.0,1500.0,0.0,0.0,0.0,0.0,0.0,0.0,0.0,0.0,0.0,0.0
600166274,8,1584.0,1525.0,1704.0,1626.0,1500.0,1500.0,0.0,0.0,0.0,0.0,0.0,0.0,0.0,0.0,0.0,0.0
600278530,8,1592.0,1537.0,1687.0,1619.0,1500.0,1500.0,0.0,0.0,0.0,0.0,0.0,0.0,0.0,0.0,0.0,0.0
600366675,8,1605.0,1566.0,1671.0,1601.0,1500.0,1500.0,0.0,0.0,0.0,0.0,0.0,0.0,0.0,0.0,0.0,0.0
600479295,8,1579.0,1559.0,1698.0,1607.0,1500.0,1500.0,0.0,0.0,0.0,0.0,0.0,0.0,0.0,0.0,0.0,0.0
600566853,8,1595.0,1566.0,1690.0,1600.0,1500.0,1500.0,0.0,0.0,0.0,0.0,0.0,0.0,0.0,0.0,0.0,0.0
600685750,8,1598.0,1563.0,1684.0,1599.0,1500.0,1500.0,0.0,0.0,0.0,0.0,0.0,0.0,0.0,0.0,0.0,0.0
600772432,8,1592.0,1556.0,1692.0,1603.0,1500.0,1500.0,0.0,0.0,0.0,0.0,0.0,0.0,0.0,0.0,0.0,0.0
600888132,8,1594.0,1555.0,1683.0,1609.0,1500.0,1500.0,0.0,0.0,0.0,0.0,0.0,0.0,0.0,0.0,0.0,0.0
600986735,8,1620.0,1561.0,1662.0,1601.0,1500.0,1500.0,0.0,0.0,0.0,0.0,0.0,0.0,0.0,0.0,0.0,0.0
601073677,8,1609.0,1556.0,1675.0,1606.0,1500.0,1500.0,0.0,0.0,0.0,0.0,0.0,0.0,0.0,0.0,0.0,0.0
601194107,8,1606.0,1567.0,1670.0,1600.0,1500.0,1500.0,0.0,0.0,0.0,0.0,0.0,0.0,0.0,0.0,0.0,0.0
601280168,8,1600.0,1561.0,1679.0,1609.0,1500.0,1500.0,0.0,0.0,0.0,0.0,0.0,0.0,0.0,0.0,0.0,0.0
601386376,8,1612.0,1561.0,1669.0,1609.0,1500.0,1500.0,0.0,0.0,0.0,0.0,0.0,0.0,0.0,0.0,0.0,0.0
601497051,8,1611.0,1563.0,1669.0,1604.0,1500.0,1500.0,0.0,0.0,0.0,0.0,0.0,0.0,0.0,0.0,0.0,0.0
601587109,8,1599.0,1546.0,1684.0,1625.0,1500.0,1500.0,0.0,0.0,0.0,0.0,0.0,0.0,0.0,0.0,0.0,0.0
601698072,8,1615.0,1546.0,1676.0,1618.0,1500.0,1500.0,0.0,0.0,0.0,0.0,0.0,0.0,0.0,0.0,0.0,0.0
601787350,8,1597.0,1542.0,1680.0,1616.0,1500.0,1500.0,0.0,0.0,0.0,0.0,0.0,0.0,0.0,0.0,0.0,0.0
601898283,8,1593.0,1546.0,1680.0,1622.0,1500.0,1500.0,0.0,0.0,0.0,0.0,0.0,0.0,0.0,0.0,0.0,0.0
601987090,8,1595.0,1528.0,1685.0,1640.0,1500.0,1500.0,0.0,0.0,0.0,0.0,0.0,0.0,0.0,0.0,0.0,0.0
602102628,8,1616.0,1551.0,1672.0,1619.0,1500.0,1500.0,0.0,0.0,0.0,0.0,0.0,0.0,0.0,0.0,0.0,0.0
602196021,8,1607.0,1536.0,1686.0,1637.0,1500.0,1500.0,0.0,0.0,0.0,0.0,0.0,0.0,0.0,0.0,0.0,0.0
602279976,8,1604.0,1532.0,1684.0,1642.0,1500.0,1500.0,0.0,0.0,0.0,0.0,0.0,0.0,0.0,0.0,0.0,0.0
602391674,8,1612.0,1556.0,1671.0,1630.0,1500.0,1500.0,0.0,0.0,0.0,0.0,0.0,0.0,0.0,0.0,0.0,0.0
602503856,8,1616.0,1548.0,1670.0,1634.0,1500.0,1500.0,0.0,0.0,0.0,0.0,0.0,0.0,0.0,0.0,0.0,0.0
602598142,8,1625.0,1550.0,1672.0,1630.0,1500.0,1500.0,0.0,0.0,0.0,0.0,0.0,0.0,0.0,0.0,0.0,0.0
602708296,8,1632.0,1548.0,1688.0,1622.0,1500.0,1500.0,0.0,0.0,0.0,0.0,0.0,0.0,0.0,0.0,0.0,0.0
602800454,8,1629.0,1553.0,1683.0,1625.0,1500.0,1500.0,0.0,0.0,0.0,0.0,0.0,0.0,0.0,0.0,0.0,0.0
602909648,8,1610.0,1559.0,1678.0,1626.0,1500.0,1500.0,0.0,0.0,0.0,0.0,0.0,0.0,0.0,0.0,0.0,0.0
603013481,8,1594.0,1562.0,1682.0,1625.0,1500.0,1500.0,0.0,0.0,0.0,0.0,0.0,0.0,0.0,0.0,0.0,0.0
603101247,8,1612.0,1576.0,1669.0,1618.0,1500.0,1500.0,0.0,0.0,0.0,0.0,0.0,0.0,0.0,0.0,0.0,0.0
603209725,8,1641.0,1578.0,1665.0,1607.0,1500.0,1500.0,0.0,0.0,0.0,0.0,0.0,0.0,0.0,0.0,0.0,0.0
603319083,8,1639.0,1576.0,1663.0,1605.0,1500.0,1500.0,0.0,0.0,0.0,0.0,0.0,0.0,0.0,0.0,0.0,0.0
603407205,8,1647.0,1579.0,1654.0,1598.0,1500.0,1500.0,0.0,0.0,0.0,0.0,0.0,0.0,0.0,0.0,0.0,0.0
603514716,8,1652.0,1584.0,1639.0,1606.0,1500.0,1500.0,0.0,0.0,0.0,0.0,0.0,0.0,0.0,0.0,0.0,0.0
603609838,8,1637.0,1593.0,1640.0,1605.0,1500.0,1500.0,0.0,0.0,0.0,0.0,0.0,0.0,0.0,0.0,0.0,0.0
603719862,8,1658.0,1617.0,1625.0,1579.0,1500.0,1500.0,0.0,0.0,0.0,0.0,0.0,0.0,0.0,0.0,0.0,0.0
603808925,8,1649.0,1609.0,1643.0,1585.0,1500.0,1500.0,0.0,0.0,0.0,0.0,0.0,0.0,0.0,0.0,0.0,0.0
603923343,8,1665.0,1621.0,1626.0,1578.0,1500.0,1500.0,0.0,0.0,0.0,0.0,0.0,0.0,0.0,0.0,0.0,0.0
604015668,8,1658.0,1617.0,1638.0,1579.0,1500.0,1500.0,0.0,0.0,0.0,0.0,0.0,0.0,0.0,0.0,0.0,0.0
604132139,8,1656.0,1616.0,1637.0,1583.0,1500.0,1500.0,0.0,0.0,0.0,0.0,0.0,0.0,0.0,0.0,0.0,0.0
604220650,8,1670.0,1612.0,1634.0,1574.0,1500.0,1500.0,0.0,0.0,0.0,0.0,0.0,0.0,0.0,0.0,0.0,0.0
604332583,8,1670.0,1612.0,1625.0,1574.0,1500.0,1500.0,0.0,0.0,0.0,0.0,0.0,0.0,0.0,0.0,0.0,0.0
604432906,8,1656.0,1627.0,1610.0,1575.0,1500.0,1500.0,0.0,0.0,0.0,0.0,0.0,0.0,0.0,0.0,0.0,0.0
604520994,8,1666.0,1630.0,1602.0,1561.0,1500.0,1500.0,0.0,0.0,0.0,0.0,0.0,0.0,0.0,0.0,0.0,0.0
604630229,8,1661.0,1629.0,1618.0,1572.0,1500.0,1500.0,0.0,0.0,0.0,0.0,0.0,0.0,0.0,0.0,0.0,0.0
604721756,8,1682.0,1637.0,1612.0,1557.0,1500.0,1500.0,0.0,0.0,0.0,0.0,0.0,0.0,0.0,0.0,0.0,0.0
604831689,8,1667.0,1647.0,1601.0,1553.0,1500.0,1500.0,0.0,0.0,0.0,0.0,0.0,0.0,0.0,0.0,0.0,0.0
604922067,8,1659.0,1656.0,1600.0,1548.0,1500.0,1500.0,0.0,0.0,0.0,0.0,0.0,0.0,0.0,0.0,0.0,0.0
605034520,8,1677.0,1645.0,1613.0,1543.0,1500.0,1500.0,0.0,0.0,0.0,0.0,0.0,0.0,0.0,0.0,0.0,0.0
605132164,8,1700.0,1644.0,1607.0,1531.0,1500.0,1500.0,0.0,0.0,0.0,0.0,0.0,0.0,0.0,0.0,0.0,0.0
605247334,8,1704.0,1657.0,1592.0,1522.0,1500.0,1500.0,0.0,0.0,0.0,0.0,0.0,0.0,0.0,0.0,0.0,0.0
605332579,8,1686.0,1645.0,1595.0,1541.0,1500.0,1500.0,0.0,0.0,0.0,0.0,0.0,0.0,0.0,0.0,0.0,0.0
605443902,8,1698.0,1659.0,1581.0,1531.0,1500.0,1500.0,0.0,0.0,0.0,0.0,0.0,0.0,0.0,0.0,0.0,0.0
605535894,8,1694.0,1654.0,1592.0,1540.0,1500.0,1500.0,0.0,0.0,0.0,0.0,0.0,0.0,0.0,0.0,0.0,0.0
605653050,8,1701.0,1669.0,1576.0,1526.0,1500.0,1500.0,0.0,0.0,0.0,0.0,0.0,0.0,0.0,0.0,0.0,0.0
605744427,8,1694.0,1660.0,1577.0,1542.0,1500.0,1500.0,0.0,0.0,0.0,0.0,0.0,0.0,0.0,0.0,0.0,0.0
605856677,8,1680.0,1654.0,1583.0,1557.0,1500.0,1500.0,0.0,0.0,0.0,0.0,0.0,0.0,0.0,0.0,0.0,0.0
605944253,8,1690.0,1662.0,1581.0,1544.0,1500.0,1500.0,0.0,0.0,0.0,0.0,0.0,0.0,0.0,0.0,0.0,0.0
606053671,8,1670.0,1617.0,1611.0,1577.0,1500.0,1500.0,0.0,0.0,0.0,0.0,0.0,0.0,0.0,0.0,0.0,0.0
606142379,8,1663.0,1623.0,1618.0,1570.0,1500.0,1500.0,0.0,0.0,0.0,0.0,0.0,0.0,0.0,0.0,0.0,0.0
606253753,8,1645.0,1610.0,1627.0,1575.0,1500.0,1500.0,0.0,0.0,0.0,0.0,0.0,0.0,0.0,0.0,0.0,0.0
606363267,8,1642.0,1597.0,1627.0,1587.0,1500.0,1500.0,0.0,0.0,0.0,0.0,0.0,0.0,0.0,0.0,0.0,0.0
606449722,8,1629.0,1587.0,1630.0,1607.0,1500.0,1500.0,0.0,0.0,0.0,0.0,0.0,0.0,0.0,0.0,0.0,0.0
606566593,8,1616.0,1581.0,1653.0,1609.0,1500.0,1500.0,0.0,0.0,0.0,0.0,0.0,0.0,0.0,0.0,0.0,0.0
606654863,8,1622.0,1577.0,1646.0,1608.0,1500.0,1500.0,0.0,0.0,0.0,0.0,0.0,0.0,0.0,0.0,0.0,0.0
606767343,8,1609.0,1561.0,1654.0,1633.0,1500.0,1500.0,0.0,0.0,0.0,0.0,0.0,0.0,0.0,0.0,0.0,0.0
606858656,8,1592.0,1554.0,1680.0,1637.0,1500.0,1500.0,0.0,0.0,0.0,0.0,0.0,0.0,0.0,0.0,0.0,0.0
606972997,8,1581.0,1541.0,1692.0,1643.0,1500.0,1500.0,0.0,0.0,0.0,0.0,0.0,0.0,0.0,0.0,0.0,0.0
607059393,8,1575.0,1521.0,1703.0,1662.0,1500.0,1500.0,0.0,0.0,0.0,0.0,0.0,0.0,0.0,0.0,0.0,0.0
607171314,8,1566.0,1498.0,1718.0,1671.0,1500.0,1500.0,0.0,0.0,0.0,0.0,0.0,0.0,0.0,0.0,0.0,0.0
607256872,8,1565.0,1480.0,1733.0,1662.0,1500.0,1500.0,0.0,0.0,0.0,0.0,0.0,0.0,0.0,0.0,0.0,0.0
607365730,8,1524.0,1491.0,1702.0,1705.0,1500.0,1500.0,0.0,0.0,0.0,0.0,0.0,0.0,0.0,0.0,0.0,0.0
607476555,8,1537.0,1504.0,1723.0,1704.0,1500.0,1500.0,0.0,0.0,0.0,0.0,0.0,0.0,0.0,0.0,0.0,0.0
607586447,8,1559.0,1493.0,1737.0,1699.0,1500.0,1500.0,0.0,0.0,0.0,0.0,0.0,0.0,0.0,0.0,0.0,0.0
607674391,8,1550.0,1475.0,1752.0,1702.0,1500.0,1500.0,0.0,0.0,0.0,0.0,0.0,0.0,0.0,0.0,0.0,0.0
607781447,8,1546.0,1471.0,1748.0,1701.0,1500.0,1500.0,0.0,0.0,0.0,0.0,0.0,0.0,0.0,0.0,0.0,0.0
607870163,8,1539.0,1471.0,1748.0,1697.0,1500.0,1500.0,0.0,0.0,0.0,0.0,0.0,0.0,0.0,0.0,0.0,0.0
607987471,8,1534.0,1474.0,1748.0,1694.0,1500.0,1500.0,0.0,0.0,0.0,0.0,0.0,0.0,0.0,0.0,0.0,0.0
608075800,8,1546.0,1482.0,1737.0,1687.0,1500.0,1500.0,0.0,0.0,0.0,0.0,0.0,0.0,0.0,0.0,0.0,0.0
608187384,8,1565.0,1510.0,1719.0,1664.0,1500.0,1500.0,0.0,0.0,0.0,0.0,0.0,0.0,0.0,0.0,0.0,0.0
608296230,8,1554.0,1501.0,1728.0,1683.0,1500.0,1500.0,0.0,0.0,0.0,0.0,0.0,0.0,0.0,0.0,0.0,0.0
608398650,8,1560.0,1509.0,1718.0,1680.0,1500.0,1500.0,0.0,0.0,0.0,0.0,0.0,0.0,0.0,0.0,0.0,0.0
608484858,8,1580.0,1531.0,1700.0,1663.0,1500.0,1500.0,0.0,0.0,0.0,0.0,0.0,0.0,0.0,0.0,0.0,0.0
608597334,8,1583.0,1534.0,1705.0,1651.0,1500.0,1500.0,0.0,0.0,0.0,0.0,0.0,0.0,0.0,0.0,0.0,0.0
608687895,8,1599.0,1552.0,1692.0,1635.0,1500.0,1500.0,0.0,0.0,0.0,0.0,0.0,0.0,0.0,0.0,0.0,0.0
608800452,8,1611.0,1555.0,1681.0,1617.0,1500.0,1500.0,0.0,0.0,0.0,0.0,0.0,0.0,0.0,0.0,0.0,0.0
608892703,8,1620.0,1577.0,1662.0,1601.0,1500.0,1500.0,0.0,0.0,0.0,0.0,0.0,0.0,0.0,0.0,0.0,0.0
609000090,8,1614.0,1587.0,1645.0,1607.0,1500.0,1500.0,0.0,0.0,0.0,0.0,0.0,0.0,0.0,0.0,0.0,0.0
609108996,8,1652.0,1602.0,1629.0,1585.0,1500.0,1500.0,0.0,0.0,0.0,0.0,0.0,0.0,0.0,0.0,0.0,0.0
609198618,8,1652.0,1597.0,1639.0,1583.0,1500.0,1500.0,0.0,0.0,0.0,0.0,0.0,0.0,0.0,0.0,0.0,0.0
609310396,8,1660.0,1602.0,1631.0,1578.0,1500.0,1500.0,0.0,0.0,0.0,0.0,0.0,0.0,0.0,0.0,0.0,0.0
609402052,8,1665.0,1616.0,1618.0,1566.0,1500.0,1500.0,0.0,0.0,0.0,0.0,0.0,0.0,0.0,0.0,0.0,0.0
609514450,8,1657.0,1607.0,1619.0,1580.0,1500.0,1500.0,0.0,0.0,0.0,0.0,0.0,0.0,0.0,0.0,0.0,0.0
609602171,8,1682.0,1627.0,1599.0,1561.0,1500.0,1500.0,0.0,0.0,0.0,0.0,0.0,0.0,0.0,0.0,0.0,0.0
609714490,8,1661.0,1610.0,1620.0,1583.0,1500.0,1500.0,0.0,0.0,0.0,0.0,0.0,0.0,0.0,0.0,0.0,0.0
609802643,8,1683.0,1632.0,1596.0,1560.0,1500.0,1500.0,0.0,0.0,0.0,0.0,0.0,0.0,0.0,0.0,0.0,0.0
609915265,8,1666.0,1637.0,1601.0,1558.0,1500.0,1500.0,0.0,0.0,0.0,0.0,0.0,0.0,0.0,0.0,0.0,0.0
610023648,8,1664.0,1627.0,1599.0,1571.0,1500.0,1500.0,0.0,0.0,0.0,0.0,0.0,0.0,0.0,0.0,0.0,0.0
610110518,8,1674.0,1626.0,1597.0,1562.0,1500.0,1500.0,0.0,0.0,0.0,0.0,0.0,0.0,0.0,0.0,0.0,0.0
610223321,8,1710.0,1643.0,1575.0,1538.0,1500.0,1500.0,0.0,0.0,0.0,0.0,0.0,0.0,0.0,0.0,0.0,0.0
610329773,8,1700.0,1634.0,1576.0,1543.0,1500.0,1500.0,0.0,0.0,0.0,0.0,0.0,0.0,0.0,0.0,0.0,0.0
610420439,8,1679.0,1613.0,1592.0,1564.0,1500.0,1500.0,0.0,0.0,0.0,0.0,0.0,0.0,0.0,0.0,0.0,0.0
610532690,8,1716.0,1658.0,1552.0,1520.0,1500.0,1500.0,0.0,0.0,0.0,0.0,0.0,0.0,0.0,0.0,0.0,0.0
610620955,8,1676.0,1623.0,1591.0,1560.0,1500.0,1500.0,0.0,0.0,0.0,0.0,0.0,0.0,0.0,0.0,0.0,0.0
610733306,8,1715.0,1651.0,1553.0,1543.0,1500.0,1500.0,0.0,0.0,0.0,0.0,0.0,0.0,0.0,0.0,0.0,0.0
610821056,8,1704.0,1649.0,1560.0,1545.0,1500.0,1500.0,0.0,0.0,0.0,0.0,0.0,0.0,0.0,0.0,0.0,0.0
610933158,8,1714.0,1645.0,1563.0,1541.0,1500.0,1500.0,0.0,0.0,0.0,0.0,0.0,0.0,0.0,0.0,0.0,0.0
611021733,8,1731.0,1666.0,1544.0,1521.0,1500.0,1500.0,0.0,0.0,0.0,0.0,0.0,0.0,0.0,0.0,0.0,0.0
611131177,8,1715.0,1663.0,1546.0,1534.0,1500.0,1500.0,0.0,0.0,0.0,0.0,0.0,0.0,0.0,0.0,0.0,0.0
611237737,8,1725.0,1676.0,1530.0,1527.0,1500.0,1500.0,0.0,0.0,0.0,0.0,0.0,0.0,0.0,0.0,0.0,0.0
611342597,8,1725.0,1697.0,1525.0,1510.0,1500.0,1500.0,0.0,0.0,0.0,0.0,0.0,0.0,0.0,0.0,0.0,0.0
611435055,8,1760.0,1715.0,1509.0,1484.0,1500.0,1500.0,0.0,0.0,0.0,0.0,0.0,0.0,0.0,0.0,0.0,0.0
611547233,8,1747.0,1703.0,1524.0,1483.0,1500.0,1500.0,0.0,0.0,0.0,0.0,0.0,0.0,0.0,0.0,0.0,0.0
611628240,8,1765.0,1711.0,1513.0,1471.0,1500.0,1500.0,0.0,0.0,0.0,0.0,0.0,0.0,0.0,0.0,0.0,0.0
611740510,8,1770.0,1728.0,1503.0,1452.0,1500.0,1500.0,0.0,0.0,0.0,0.0,0.0,0.0,0.0,0.0,0.0,0.0
611852789,8,1742.0,1735.0,1500.0,1458.0,1500.0,1500.0,0.0,0.0,0.0,0.0,0.0,0.0,0.0,0.0,0.0,0.0
611936460,8,1732.0,1735.0,1504.0,1465.0,1500.0,1500.0,0.0,0.0,0.0,0.0,0.0,0.0,0.0,0.0,0.0,0.0
612052917,8,1766.0,1774.0,1474.0,1434.0,1500.0,1500.0,0.0,0.0,0.0,0.0,0.0,0.0,0.0,0.0,0.0,0.0
612157197,8,1762.0,1763.0,1492.0,1450.0,1500.0,1500.0,0.0,0.0,0.0,0.0,0.0,0.0,0.0,0.0,0.0,0.0
612253737,8,1751.0,1759.0,1507.0,1454.0,1500.0,1500.0,0.0,0.0,0.0,0.0,0.0,0.0,0.0,0.0,0.0,0.0
612357036,8,1737.0,1763.0,1524.0,1448.0,1500.0,1500.0,0.0,0.0,0.0,0.0,0.0,0.0,0.0,0.0,0.0,0.0
612443303,8,1736.0,1757.0,1509.0,1450.0,1500.0,1500.0,0.0,0.0,0.0,0.0,0.0,0.0,0.0,0.0,0.0,0.0
612553744,8,1728.0,1718.0,1535.0,1488.0,1500.0,1500.0,0.0,0.0,0.0,0.0,0.0,0.0,0.0,0.0,0.0,0.0
612643750,8,1738.0,1736.0,1524.0,1467.0,1500.0,1500.0,0.0,0.0,0.0,0.0,0.0,0.0,0.0,0.0,0.0,0.0
612754395,8,1714.0,1711.0,1557.0,1484.0,1500.0,1500.0,0.0,0.0,0.0,0.0,0.0,0.0,0.0,0.0,0.0,0.0
612864107,8,1676.0,1689.0,1580.0,1507.0,1500.0,1500.0,0.0,0.0,0.0,0.0,0.0,0.0,0.0,0.0,0.0,0.0
612950706,8,1695.0,1702.0,1576.0,1498.0,1500.0,1500.0,0.0,0.0,0.0,0.0,0.0,0.0,0.0,0.0,0.0,0.0
613058653,8,1696.0,1688.0,1585.0,1510.0,1500.0,1500.0,0.0,0.0,0.0,0.0,0.0,0.0,0.0,0.0,0.0,0.0
613171639,8,1693.0,1692.0,1587.0,1511.0,1500.0,1500.0,0.0,0.0,0.0,0.0,0.0,0.0,0.0,0.0,0.0,0.0
613259439,8,1697.0,1695.0,1592.0,1501.0,1500.0,1500.0,0.0,0.0,0.0,0.0,0.0,0.0,0.0,0.0,0.0,0.0
613367892,8,1690.0,1666.0,1600.0,1524.0,1500.0,1500.0,0.0,0.0,0.0,0.0,0.0,0.0,0.0,0.0,0.0,0.0
613473312,8,1686.0,1650.0,1620.0,1545.0,1500.0,1500.0,0.0,0.0,0.0,0.0,0.0,0.0,0.0,0.0,0.0,0.0
613560665,8,1684.0,1643.0,1620.0,1541.0,1500.0,1500.0,0.0,0.0,0.0,0.0,0.0,0.0,0.0,0.0,0.0,0.0
613676454,8,1693.0,1642.0,1609.0,1541.0,1500.0,1500.0,0.0,0.0,0.0,0.0,0.0,0.0,0.0,0.0,0.0,0.0
613787081,8,1674.0,1608.0,1630.0,1569.0,1500.0,1500.0,0.0,0.0,0.0,0.0,0.0,0.0,0.0,0.0,0.0,0.0
613877266,8,1658.0,1595.0,1646.0,1578.0,1500.0,1500.0,0.0,0.0,0.0,0.0,0.0,0.0,0.0,0.0,0.0,0.0
613987702,8,1646.0,1577.0,1656.0,1590.0,1500.0,1500.0,0.0,0.0,0.0,0.0,0.0,0.0,0.0,0.0,0.0,0.0
614074954,8,1650.0,1579.0,1649.0,1592.0,1500.0,1500.0,0.0,0.0,0.0,0.0,0.0,0.0,0.0,0.0,0.0,0.0
614187506,8,1641.0,1588.0,1651.0,1592.0,1500.0,1500.0,0.0,0.0,0.0,0.0,0.0,0.0,0.0,0.0,0.0,0.0
614274940,8,1633.0,1586.0,1668.0,1597.0,1500.0,1500.0,0.0,0.0,0.0,0.0,0.0,0.0,0.0,0.0,0.0,0.0
614382868,8,1637.0,1586.0,1659.0,1601.0,1500.0,1500.0,0.0,0.0,0.0,0.0,0.0,0.0,0.0,0.0,0.0,0.0
614497479,8,1625.0,1593.0,1659.0,1597.0,1500.0,1500.0,0.0,0.0,0.0,0.0,0.0,0.0,0.0,0.0,0.0,0.0
614588166,8,1610.0,1596.0,1655.0,1604.0,1500.0,1500.0,0.0,0.0,0.0,0.0,0.0,0.0,0.0,0.0,0.0,0.0
614692204,8,1624.0,1614.0,1636.0,1600.0,1500.0,1500.0,0.0,0.0,0.0,0.0,0.0,0.0,0.0,0.0,0.0,0.0
614803437,8,1640.0,1625.0,1634.0,1591.0,1500.0,1500.0,0.0,0.0,0.0,0.0,0.0,0.0,0.0,0.0,0.0,0.0
614889241,8,1655.0,1632.0,1624.0,1581.0,1500.0,1500.0,0.0,0.0,0.0,0.0,0.0,0.0,0.0,0.0,0.0,0.0
614998064,8,1658.0,1625.0,1620.0,1586.0,1500.0,1500.0,0.0,0.0,0.0,0.0,0.0,0.0,0.0,0.0,0.0,0.0
615085083,8,1686.0,1659.0,1595.0,1547.0,1500.0,1500.0,0.0,0.0,0.0,0.0,0.0,0.0,0.0,0.0,0.0,0.0
615199078,8,1697.0,1669.0,1584.0,1536.0,1500.0,1500.0,0.0,0.0,0.0,0.0,0.0,0.0,0.0,0.0,0.0,0.0
615309279,8,1689.0,1671.0,1583.0,1537.0,1500.0,1500.0,0.0,0.0,0.0,0.0,0.0,0.0,0.0,0.0,0.0,0.0
615401665,8,1686.0,1688.0,1572.0,1531.0,1500.0,1500.0,0.0,0.0,0.0,0.0,0.0,0.0,0.0,0.0,0.0,0.0
615513472,8,1699.0,1692.0,1587.0,1527.0,1500.0,1500.0,0.0,0.0,0.0,0.0,0.0,0.0,0.0,0.0,0.0,0.0
615601725,8,1693.0,1676.0,1611.0,1534.0,1500.0,1500.0,0.0,0.0,0.0,0.0,0.0,0.0,0.0,0.0,0.0,0.0
615710505,8,1679.0,1659.0,1619.0,1549.0,1500.0,1500.0,0.0,0.0,0.0,0.0,0.0,0.0,0.0,0.0,0.0,0.0
615801741,8,1690.0,1655.0,1608.0,1545.0,1500.0,1500.0,0.0,0.0,0.0,0.0,0.0,0.0,0.0,0.0,0.0,0.0
615911167,8,1674.0,1621.0,1612.0,1578.0,1500.0,1500.0,0.0,0.0,0.0,0.0,0.0,0.0,0.0,0.0,0.0,0.0
616020334,8,1666.0,1617.0,1610.0,1586.0,1500.0,1500.0,0.0,0.0,0.0,0.0,0.0,0.0,0.0,0.0,0.0,0.0
616111065,8,1665.0,1622.0,1612.0,1582.0,1500.0,1500.0,0.0,0.0,0.0,0.0,0.0,0.0,0.0,0.0,0.0,0.0
616223921,8,1655.0,1610.0,1622.0,1588.0,1500.0,1500.0,0.0,0.0,0.0,0.0,0.0,0.0,0.0,0.0,0.0,0.0
616320822,8,1646.0,1609.0,1639.0,1579.0,1500.0,1500.0,0.0,0.0,0.0,0.0,0.0,0.0,0.0,0.0,0.0,0.0
616412040,8,1642.0,1600.0,1640.0,1585.0,1500.0,1500.0,0.0,0.0,0.0,0.0,0.0,0.0,0.0,0.0,0.0,0.0
616520677,8,1632.0,1588.0,1637.0,1592.0,1500.0,1500.0,0.0,0.0,0.0,0.0,0.0,0.0,0.0,0.0,0.0,0.0
616611592,8,1622.0,1591.0,1643.0,1594.0,1500.0,1500.0,0.0,0.0,0.0,0.0,0.0,0.0,0.0,0.0,0.0,0.0
616716813,8,1620.0,1588.0,1648.0,1600.0,1500.0,1500.0,0.0,0.0,0.0,0.0,0.0,0.0,0.0,0.0,0.0,0.0
616825035,8,1612.0,1589.0,1649.0,1608.0,1500.0,1500.0,0.0,0.0,0.0,0.0,0.0,0.0,0.0,0.0,0.0,0.0
616933661,8,1599.0,1592.0,1663.0,1608.0,1500.0,1500.0,0.0,0.0,0.0,0.0,0.0,0.0,0.0,0.0,0.0,0.0
617025288,8,1595.0,1581.0,1675.0,1611.0,1500.0,1500.0,0.0,0.0,0.0,0.0,0.0,0.0,0.0,0.0,0.0,0.0
617134091,8,1597.0,1584.0,1657.0,1609.0,1500.0,1500.0,0.0,0.0,0.0,0.0,0.0,0.0,0.0,0.0,0.0,0.0
617218077,8,1597.0,1585.0,1662.0,1607.0,1500.0,1500.0,0.0,0.0,0.0,0.0,0.0,0.0,0.0,0.0,0.0,0.0
617326429,8,1603.0,1589.0,1676.0,1613.0,1500.0,1500.0,0.0,0.0,0.0,0.0,0.0,0.0,0.0,0.0,0.0,0.0
617438608,8,1594.0,1569.0,1671.0,1622.0,1500.0,1500.0,0.0,0.0,0.0,0.0,0.0,0.0,0.0,0.0,0.0,0.0
617534632,8,1597.0,1576.0,1668.0,1615.0,1500.0,1500.0,0.0,0.0,0.0,0.0,0.0,0.0,0.0,0.0,0.0,0.0
617623073,8,1589.0,1572.0,1672.0,1624.0,1500.0,1500.0,0.0,0.0,0.0,0.0,0.0,0.0,0.0,0.0,0.0,0.0
617734645,8,1584.0,1561.0,1685.0,1623.0,1500.0,1500.0,0.0,0.0,0.0,0.0,0.0,0.0,0.0,0.0,0.0,0.0
617843895,8,1566.0,1536.0,1710.0,1644.0,1500.0,1500.0,0.0,0.0,0.0,0.0,0.0,0.0,0.0,0.0,0.0,0.0
617947923,8,1573.0,1527.0,1711.0,1647.0,1500.0,1500.0,0.0,0.0,0.0,0.0,0.0,0.0,0.0,0.0,0.0,0.0
618039502,8,1583.0,1525.0,1703.0,1642.0,1500.0,1500.0,0.0,0.0,0.0,0.0,0.0,0.0,0.0,0.0,0.0,0.0
618148717,8,1549.0,1505.0,1731.0,1662.0,1500.0,1500.0,0.0,0.0,0.0,0.0,0.0,0.0,0.0,0.0,0.0,0.0
618236488,8,1525.0,1500.0,1732.0,1659.0,1500.0,1500.0,0.0,0.0,0.0,0.0,0.0,0.0,0.0,0.0,0.0,0.0
618348304,8,1519.0,1480.0,1750.0,1684.0,1500.0,1500.0,0.0,0.0,0.0,0.0,0.0,0.0,0.0,0.0,0.0,0.0
618456917,8,1522.0,1472.0,1738.0,1691.0,1500.0,1500.0,0.0,0.0,0.0,0.0,0.0,0.0,0.0,0.0,0.0,0.0
618549054,8,1505.0,1454.0,1758.0,1710.0,1500.0,1500.0,0.0,0.0,0.0,0.0,0.0,0.0,0.0,0.0,0.0,0.0
618637159,8,1517.0,1467.0,1748.0,1696.0,1500.0,1500.0,0.0,0.0,0.0,0.0,0.0,0.0,0.0,0.0,0.0,0.0
618750286,8,1487.0,1448.0,1770.0,1715.0,1500.0,1500.0,0.0,0.0,0.0,0.0,0.0,0.0,0.0,0.0,0.0,0.0
618843152,8,1488.0,1445.0,1755.0,1718.0,1500.0,1500.0,0.0,0.0,0.0,0.0,0.0,0.0,0.0,0.0,0.0,0.0
618958582,8,1464.0,1423.0,1789.0,1735.0,1500.0,1500.0,0.0,0.0,0.0,0.0,0.0,0.0,0.0,0.0,0.0,0.0
619051706,8,1455.0,1406.0,1797.0,1748.0,1500.0,1500.0,0.0,0.0,0.0,0.0,0.0,0.0,0.0,0.0,0.0,0.0
619158586,8,1431.0,1383.0,1819.0,1766.0,1500.0,1500.0,0.0,0.0,0.0,0.0,0.0,0.0,0.0,0.0,0.0,0.0
619251635,8,1437.0,1384.0,1805.0,1759.0,1500.0,1500.0,0.0,0.0,0.0,0.0,0.0,0.0,0.0,0.0,0.0,0.0
619365075,8,1432.0,1367.0,1816.0,1775.0,1500.0,1500.0,0.0,0.0,0.0,0.0,0.0,0.0,0.0,0.0,0.0,0.0
619456708,8,1430.0,1355.0,1827.0,1795.0,1500.0,1500.0,0.0,0.0,0.0,0.0,0.0,0.0,0.0,0.0,0.0,0.0
619565120,8,1420.0,1345.0,1837.0,1808.0,1500.0,1500.0,0.0,0.0,0.0,0.0,0.0,0.0,0.0,0.0,0.0,0.0
619672591,8,1405.0,1339.0,1856.0,1821.0,1500.0,1500.0,0.0,0.0,0.0,0.0,0.0,0.0,0.0,0.0,0.0,0.0
619765992,8,1405.0,1338.0,1871.0,1820.0,1500.0,1500.0,0.0,0.0,0.0,0.0,0.0,0.0,0.0,0.0,0.0,0.0
619872829,8,1414.0,1326.0,1856.0,1816.0,1500.0,1500.0,0.0,0.0,0.0,0.0,0.0,0.0,0.0,0.0,0.0,0.0
619961050,8,1403.0,1307.0,1865.0,1834.0,1500.0,1500.0,0.0,0.0,0.0,0.0,0.0,0.0,0.0,0.0,0.0,0.0
620066657,8,1393.0,1313.0,1855.0,1831.0,1500.0,1500.0,0.0,0.0,0.0,0.0,0.0,0.0,0.0,0.0,0.0,0.0
620181104,8,1396.0,1316.0,1860.0,1812.0,1500.0,1500.0,0.0,0.0,0.0,0.0,0.0,0.0,0.0,0.0,0.0,0.0
620270506,8,1405.0,1308.0,1850.0,1818.0,1500.0,1500.0,0.0,0.0,0.0,0.0,0.0,0.0,0.0,0.0,0.0,0.0
620381862,8,1400.0,1297.0,1865.0,1821.0,1500.0,1500.0,0.0,0.0,0.0,0.0,0.0,0.0,0.0,0.0,0.0,0.0
620478058,8,1398.0,1302.0,1857.0,1816.0,1500.0,1500.0,0.0,0.0,0.0,0.0,0.0,0.0,0.0,0.0,0.0,0.0
620568263,8,1410.0,1322.0,1841.0,1804.0,1500.0,1500.0,0.0,0.0,0.0,0.0,0.0,0.0,0.0,0.0,0.0,0.0
620679090,8,1408.0,1321.0,1846.0,1801.0,1500.0,1500.0,0.0,0.0,0.0,0.0,0.0,0.0,0.0,0.0,0.0,0.0
620790060,8,1393.0,1359.0,1869.0,1780.0,1500.0,1500.0,0.0,0.0,0.0,0.0,0.0,0.0,0.0,0.0,0.0,0.0
620876678,8,1440.0,1352.0,1817.0,1780.0,1500.0,1500.0,0.0,0.0,0.0,0.0,0.0,0.0,0.0,0.0,0.0,0.0
620983689,8,1454.0,1349.0,1801.0,1771.0,1500.0,1500.0,0.0,0.0,0.0,0.0,0.0,0.0,0.0,0.0,0.0,0.0
621077115,8,1452.0,1368.0,1806.0,1753.0,1500.0,1500.0,0.0,0.0,0.0,0.0,0.0,0.0,0.0,0.0,0.0,0.0
621184143,8,1450.0,1391.0,1803.0,1752.0,1500.0,1500.0,0.0,0.0,0.0,0.0,0.0,0.0,0.0,0.0,0.0,0.0
621297991,8,1466.0,1418.0,1779.0,1729.0,1500.0,1500.0,0.0,0.0,0.0,0.0,0.0,0.0,0.0,0.0,0.0,0.0
621384121,8,1469.0,1416.0,1782.0,1734.0,1500.0,1500.0,0.0,0.0,0.0,0.0,0.0,0.0,0.0,0.0,0.0,0.0
621493120,8,1495.0,1439.0,1768.0,1717.0,1500.0,1500.0,0.0,0.0,0.0,0.0,0.0,0.0,0.0,0.0,0.0,0.0
621581090,8,1506.0,1447.0,1758.0,1710.0,1500.0,1500.0,0.0,0.0,0.0,0.0,0.0,0.0,0.0,0.0,0.0,0.0
621690643,8,1525.0,1462.0,1740.0,1698.0,1500.0,1500.0,0.0,0.0,0.0,0.0,0.0,0.0,0.0,0.0,0.0,0.0
621806272,8,1538.0,1478.0,1724.0,1684.0,1500.0,1500.0,0.0,0.0,0.0,0.0,0.0,0.0,0.0,0.0,0.0,0.0
621891676,8,1571.0,1509.0,1699.0,1658.0,1500.0,1500.0,0.0,0.0,0.0,0.0,0.0,0.0,0.0,0.0,0.0,0.0
622002400,8,1584.0,1518.0,1680.0,1657.0,1500.0,1500.0,0.0,0.0,0.0,0.0,0.0,0.0,0.0,0.0,0.0,0.0
622094650,8,1687.0,1490.0,1592.0,1705.0,1500.0,1500.0,0.0,0.0,0.0,0.0,0.0,0.0,0.0,0.0,0.0,0.0
622211219,8,1609.0,1566.0,1701.0,1625.0,1500.0,1500.0,0.0,0.0,0.0,0.0,0.0,0.0,0.0,0.0,0.0,0.0
622295215,8,1612.0,1614.0,1695.0,1579.0,1500.0,1500.0,0.0,0.0,0.0,0.0,0.0,0.0,0.0,0.0,0.0,0.0
622407534,8,1631.0,1609.0,1682.0,1593.0,1500.0,1500.0,0.0,0.0,0.0,0.0,0.0,0.0,0.0,0.0,0.0,0.0
622496667,8,1640.0,1616.0,1684.0,1588.0,1500.0,1500.0,0.0,0.0,0.0,0.0,0.0,0.0,0.0,0.0,0.0,0.0
622607770,8,1697.0,1562.0,1618.0,1623.0,1500.0,1500.0,0.0,0.0,0.0,0.0,0.0,0.0,0.0,0.0,0.0,0.0
622701486,8,1682.0,1543.0,1606.0,1635.0,1500.0,1500.0,0.0,0.0,0.0,0.0,0.0,0.0,0.0,0.0,0.0,0.0
622804147,8,1630.0,1572.0,1627.0,1613.0,1500.0,1500.0,0.0,0.0,0.0,0.0,0.0,0.0,0.0,0.0,0.0,0.0
622901757,8,1647.0,1597.0,1609.0,1595.0,1500.0,1500.0,0.0,0.0,0.0,0.0,0.0,0.0,0.0,0.0,0.0,0.0
623012833,8,1643.0,1601.0,1633.0,1606.0,1500.0,1500.0,0.0,0.0,0.0,0.0,0.0,0.0,0.0,0.0,0.0,0.0
623122544,8,1634.0,1597.0,1659.0,1601.0,1500.0,1500.0,0.0,0.0,0.0,0.0,0.0,0.0,0.0,0.0,0.0,0.0
623213729,8,1617.0,1594.0,1654.0,1609.0,1500.0,1500.0,0.0,0.0,0.0,0.0,0.0,0.0,0.0,0.0,0.0,0.0
623322495,8,1612.0,1605.0,1634.0,1626.0,1500.0,1500.0,0.0,0.0,0.0,0.0,0.0,0.0,0.0,0.0,0.0,0.0
623411872,8,1624.0,1606.0,1655.0,1621.0,1500.0,1500.0,0.0,0.0,0.0,0.0,0.0,0.0,0.0,0.0,0.0,0.0
623514405,8,1648.0,1586.0,1705.0,1596.0,1500.0,1500.0,0.0,0.0,0.0,0.0,0.0,0.0,0.0,0.0,0.0,0.0
623631894,8,1635.0,1581.0,1683.0,1591.0,1500.0,1500.0,0.0,0.0,0.0,0.0,0.0,0.0,0.0,0.0,0.0,0.0
623718639,8,1612.0,1557.0,1691.0,1609.0,1500.0,1500.0,0.0,0.0,0.0,0.0,0.0,0.0,0.0,0.0,0.0,0.0
623831830,8,1628.0,1585.0,1661.0,1593.0,1500.0,1500.0,0.0,0.0,0.0,0.0,0.0,0.0,0.0,0.0,0.0,0.0
623938855,8,1621.0,1590.0,1663.0,1602.0,1500.0,1500.0,0.0,0.0,0.0,0.0,0.0,0.0,0.0,0.0,0.0,0.0
624023979,8,1610.0,1564.0,1687.0,1616.0,1500.0,1500.0,0.0,0.0,0.0,0.0,0.0,0.0,0.0,0.0,0.0,0.0
624132842,8,1615.0,1581.0,1669.0,1612.0,1500.0,1500.0,0.0,0.0,0.0,0.0,0.0,0.0,0.0,0.0,0.0,0.0
624240150,8,1601.0,1586.0,1661.0,1619.0,1500.0,1500.0,0.0,0.0,0.0,0.0,0.0,0.0,0.0,0.0,0.0,0.0
624328215,8,1624.0,1611.0,1665.0,1608.0,1500.0,1500.0,0.0,0.0,0.0,0.0,0.0,0.0,0.0,0.0,0.0,0.0
624436697,8,1611.0,1597.0,1684.0,1610.0,1500.0,1500.0,0.0,0.0,0.0,0.0,0.0,0.0,0.0,0.0,0.0,0.0
624540120,8,1611.0,1587.0,1687.0,1609.0,1500.0,1500.0,0.0,0.0,0.0,0.0,0.0,0.0,0.0,0.0,0.0,0.0
624649492,8,1598.0,1565.0,1698.0,1620.0,1500.0,1500.0,0.0,0.0,0.0,0.0,0.0,0.0,0.0,0.0,0.0,0.0
624734684,8,1613.0,1596.0,1680.0,1591.0,1500.0,1500.0,0.0,0.0,0.0,0.0,0.0,0.0,0.0,0.0,0.0,0.0
624841385,8,1626.0,1595.0,1659.0,1599.0,1500.0,1500.0,0.0,0.0,0.0,0.0,0.0,0.0,0.0,0.0,0.0,0.0
624946431,8,1640.0,1575.0,1645.0,1617.0,1500.0,1500.0,0.0,0.0,0.0,0.0,0.0,0.0,0.0,0.0,0.0,0.0
625057954,8,1619.0,1597.0,1669.0,1598.0,1500.0,1500.0,0.0,0.0,0.0,0.0,0.0,0.0,0.0,0.0,0.0,0.0
625145853,8,1619.0,1612.0,1655.0,1594.0,1500.0,1500.0,0.0,0.0,0.0,0.0,0.0,0.0,0.0,0.0,0.0,0.0
625256535,8,1645.0,1592.0,1634.0,1610.0,1500.0,1500.0,0.0,0.0,0.0,0.0,0.0,0.0,0.0,0.0,0.0,0.0
625346665,8,1630.0,1592.0,1642.0,1618.0,1500.0,1500.0,0.0,0.0,0.0,0.0,0.0,0.0,0.0,0.0,0.0,0.0
625457903,8,1646.0,1606.0,1638.0,1591.0,1500.0,1500.0,0.0,0.0,0.0,0.0,0.0,0.0,0.0,0.0,0.0,0.0
625544965,8,1638.0,1590.0,1658.0,1598.0,1500.0,1500.0,0.0,0.0,0.0,0.0,0.0,0.0,0.0,0.0,0.0,0.0
625658312,8,1634.0,1597.0,1637.0,1596.0,1500.0,1500.0,0.0,0.0,0.0,0.0,0.0,0.0,0.0,0.0,0.0,0.0
625763358,8,1623.0,1600.0,1638.0,1592.0,1500.0,1500.0,0.0,0.0,0.0,0.0,0.0,0.0,0.0,0.0,0.0,0.0
625848574,8,1630.0,1608.0,1634.0,1582.0,1500.0,1500.0,0.0,0.0,0.0,0.0,0.0,0.0,0.0,0.0,0.0,0.0
625967378,8,1626.0,1598.0,1651.0,1598.0,1500.0,1500.0,0.0,0.0,0.0,0.0,0.0,0.0,0.0,0.0,0.0,0.0
626060161,8,1638.0,1599.0,1650.0,1595.0,1500.0,1500.0,0.0,0.0,0.0,0.0,0.0,0.0,0.0,0.0,0.0,0.0
626173346,8,1610.0,1597.0,1664.0,1615.0,1500.0,1500.0,0.0,0.0,0.0,0.0,0.0,0.0,0.0,0.0,0.0,0.0
626258886,8,1623.0,1600.0,1651.0,1588.0,1500.0,1500.0,0.0,0.0,0.0,0.0,0.0,0.0,0.0,0.0,0.0,0.0
626367311,8,1620.0,1593.0,1669.0,1594.0,1500.0,1500.0,0.0,0.0,0.0,0.0,0.0,0.0,0.0,0.0,0.0,0.0
626473850,8,1621.0,1586.0,1672.0,1607.0,1500.0,1500.0,0.0,0.0,0.0,0.0,0.0,0.0,0.0,0.0,0.0,0.0
626562141,8,1606.0,1573.0,1686.0,1619.0,1500.0,1500.0,0.0,0.0,0.0,0.0,0.0,0.0,0.0,0.0,0.0,0.0
626674419,8,1611.0,1593.0,1678.0,1605.0,1500.0,1500.0,0.0,0.0,0.0,0.0,0.0,0.0,0.0,0.0,0.0,0.0
626782657,8,1600.0,1555.0,1686.0,1603.0,1500.0,1500.0,0.0,0.0,0.0,0.0,0.0,0.0,0.0,0.0,0.0,0.0
626871349,8,1579.0,1554.0,1685.0,1625.0,1500.0,1500.0,0.0,0.0,0.0,0.0,0.0,0.0,0.0,0.0,0.0,0.0
626969489,8,1572.0,1546.0,1701.0,1627.0,1500.0,1500.0,0.0,0.0,0.0,0.0,0.0,0.0,0.0,0.0,0.0,0.0
627071387,8,1562.0,1551.0,1693.0,1648.0,1500.0,1500.0,0.0,0.0,0.0,0.0,0.0,0.0,0.0,0.0,0.0,0.0
627183427,8,1555.0,1543.0,1705.0,1662.0,1500.0,1500.0,0.0,0.0,0.0,0.0,0.0,0.0,0.0,0.0,0.0,0.0
627271632,8,1561.0,1539.0,1707.0,1670.0,1500.0,1500.0,0.0,0.0,0.0,0.0,0.0,0.0,0.0,0.0,0.0,0.0
627380247,8,1548.0,1508.0,1730.0,1694.0,1500.0,1500.0,0.0,0.0,0.0,0.0,0.0,0.0,0.0,0.0,0.0,0.0
627490161,8,1519.0,1508.0,1762.0,1688.0,1500.0,1500.0,0.0,0.0,0.0,0.0,0.0,0.0,0.0,0.0,0.0,0.0
627580820,8,1546.0,1504.0,1726.0,1685.0,1500.0,1500.0,0.0,0.0,0.0,0.0,0.0,0.0,0.0,0.0,0.0,0.0
627692239,8,1547.0,1489.0,1730.0,1691.0,1500.0,1500.0,0.0,0.0,0.0,0.0,0.0,0.0,0.0,0.0,0.0,0.0
627798505,8,1546.0,1495.0,1733.0,1677.0,1500.0,1500.0,0.0,0.0,0.0,0.0,0.0,0.0,0.0,0.0,0.0,0.0
627885664,8,1532.0,1485.0,1724.0,1678.0,1500.0,1500.0,0.0,0.0,0.0,0.0,0.0,0.0,0.0,0.0,0.0,0.0
627994562,8,1531.0,1485.0,1720.0,1680.0,1500.0,1500.0,0.0,0.0,0.0,0.0,0.0,0.0,0.0,0.0,0.0,0.0
628101760,8,1532.0,1483.0,1730.0,1687.0,1500.0,1500.0,0.0,0.0,0.0,0.0,0.0,0.0,0.0,0.0,0.0,0.0
628191828,8,1540.0,1495.0,1730.0,1674.0,1500.0,1500.0,0.0,0.0,0.0,0.0,0.0,0.0,0.0,0.0,0.0,0.0
628299878,8,1535.0,1498.0,1731.0,1675.0,1500.0,1500.0,0.0,0.0,0.0,0.0,0.0,0.0,0.0,0.0,0.0,0.0
628392526,8,1555.0,1499.0,1714.0,1677.0,1500.0,1500.0,0.0,0.0,0.0,0.0,0.0,0.0,0.0,0.0,0.0,0.0
628502556,8,1547.0,1512.0,1725.0,1670.0,1500.0,1500.0,0.0,0.0,0.0,0.0,0.0,0.0,0.0,0.0,0.0,0.0
628612793,8,1508.0,1531.0,1762.0,1656.0,1500.0,1500.0,0.0,0.0,0.0,0.0,0.0,0.0,0.0,0.0,0.0,0.0
628696189,8,1547.0,1511.0,1722.0,1676.0,1500.0,1500.0,0.0,0.0,0.0,0.0,0.0,0.0,0.0,0.0,0.0,0.0
628807490,8,1569.0,1513.0,1702.0,1671.0,1500.0,1500.0,0.0,0.0,0.0,0.0,0.0,0.0,0.0,0.0,0.0,0.0
628897325,8,1578.0,1533.0,1702.0,1651.0,1500.0,1500.0,0.0,0.0,0.0,0.0,0.0,0.0,0.0,0.0,0.0,0.0
629008168,8,1561.0,1513.0,1727.0,1652.0,1500.0,1500.0,0.0,0.0,0.0,0.0,0.0,0.0,0.0,0.0,0.0,0.0
629121672,8,1558.0,1547.0,1673.0,1663.0,1500.0,1500.0,0.0,0.0,0.0,0.0,0.0,0.0,0.0,0.0,0.0,0.0
629205516,8,1566.0,1546.0,1682.0,1669.0,1500.0,1500.0,0.0,0.0,0.0,0.0,0.0,0.0,0.0,0.0,0.0,0.0
629314243,8,1590.0,1559.0,1691.0,1667.0,1500.0,1500.0,0.0,0.0,0.0,0.0,0.0,0.0,0.0,0.0,0.0,0.0
629425645,8,1606.0,1567.0,1683.0,1646.0,1500.0,1500.0,0.0,0.0,0.0,0.0,0.0,0.0,0.0,0.0,0.0,0.0
629510077,8,1600.0,1561.0,1697.0,1635.0,1500.0,1500.0,0.0,0.0,0.0,0.0,0.0,0.0,0.0,0.0,0.0,0.0
629625725,8,1615.0,1558.0,1692.0,1621.0,1500.0,1500.0,0.0,0.0,0.0,0.0,0.0,0.0,0.0,0.0,0.0,0.0
629715272,8,1618.0,1560.0,1673.0,1620.0,1500.0,1500.0,0.0,0.0,0.0,0.0,0.0,0.0,0.0,0.0,0.0,0.0
629824089,8,1619.0,1558.0,1664.0,1629.0,1500.0,1500.0,0.0,0.0,0.0,0.0,0.0,0.0,0.0,0.0,0.0,0.0
629930861,8,1639.0,1571.0,1653.0,1616.0,1500.0,1500.0,0.0,0.0,0.0,0.0,0.0,0.0,0.0,0.0,0.0,0.0
630026712,8,1631.0,1571.0,1666.0,1617.0,1500.0,1500.0,0.0,0.0,0.0,0.0,0.0,0.0,0.0,0.0,0.0,0.0
630134548,8,1632.0,1590.0,1666.0,1594.0,1500.0,1500.0,0.0,0.0,0.0,0.0,0.0,0.0,0.0,0.0,0.0,0.0
630235788,8,1613.0,1598.0,1681.0,1584.0,1500.0,1500.0,0.0,0.0,0.0,0.0,0.0,0.0,0.0,0.0,0.0,0.0
630325250,8,1636.0,1571.0,1657.0,1607.0,1500.0,1500.0,0.0,0.0,0.0,0.0,0.0,0.0,0.0,0.0,0.0,0.0
630435887,8,1656.0,1584.0,1629.0,1608.0,1500.0,1500.0,0.0,0.0,0.0,0.0,0.0,0.0,0.0,0.0,0.0,0.0
630528232,8,1657.0,1587.0,1638.0,1587.0,1500.0,1500.0,0.0,0.0,0.0,0.0,0.0,0.0,0.0,0.0,0.0,0.0
630640539,8,1660.0,1586.0,1635.0,1592.0,1500.0,1500.0,0.0,0.0,0.0,0.0,0.0,0.0,0.0,0.0,0.0,0.0
630736674,8,1675.0,1574.0,1625.0,1599.0,1500.0,1500.0,0.0,0.0,0.0,0.0,0.0,0.0,0.0,0.0,0.0,0.0
630846432,8,1657.0,1594.0,1643.0,1576.0,1500.0,1500.0,0.0,0.0,0.0,0.0,0.0,0.0,0.0,0.0,0.0,0.0
630941285,8,1636.0,1600.0,1655.0,1580.0,1500.0,1500.0,0.0,0.0,0.0,0.0,0.0,0.0,0.0,0.0,0.0,0.0
631036937,8,1650.0,1579.0,1641.0,1609.0,1500.0,1500.0,0.0,0.0,0.0,0.0,0.0,0.0,0.0,0.0,0.0,0.0
631150701,8,1658.0,1568.0,1648.0,1607.0,1500.0,1500.0,0.0,0.0,0.0,0.0,0.0,0.0,0.0,0.0,0.0,0.0
631238413,8,1648.0,1566.0,1656.0,1598.0,1500.0,1500.0,0.0,0.0,0.0,0.0,0.0,0.0,0.0,0.0,0.0,0.0
631347174,8,1639.0,1567.0,1659.0,1599.0,1500.0,1500.0,0.0,0.0,0.0,0.0,0.0,0.0,0.0,0.0,0.0,0.0
631436678,8,1628.0,1557.0,1651.0,1616.0,1500.0,1500.0,0.0,0.0,0.0,0.0,0.0,0.0,0.0,0.0,0.0,0.0
631550629,8,1616.0,1552.0,1660.0,1626.0,1500.0,1500.0,0.0,0.0,0.0,0.0,0.0,0.0,0.0,0.0,0.0,0.0
631642511,8,1635.0,1541.0,1657.0,1636.0,1500.0,1500.0,0.0,0.0,0.0,0.0,0.0,0.0,0.0,0.0,0.0,0.0
631751867,8,1618.0,1545.0,1683.0,1623.0,1500.0,1500.0,0.0,0.0,0.0,0.0,0.0,0.0,0.0,0.0,0.0,0.0
631843555,8,1608.0,1541.0,1679.0,1627.0,1500.0,1500.0,0.0,0.0,0.0,0.0,0.0,0.0,0.0,0.0,0.0,0.0
631957132,8,1590.0,1548.0,1673.0,1641.0,1500.0,1500.0,0.0,0.0,0.0,0.0,0.0,0.0,0.0,0.0,0.0,0.0
632040485,8,1577.0,1554.0,1696.0,1646.0,1500.0,1500.0,0.0,0.0,0.0,0.0,0.0,0.0,0.0,0.0,0.0,0.0
632157760,8,1615.0,1541.0,1689.0,1653.0,1500.0,1500.0,0.0,0.0,0.0,0.0,0.0,0.0,0.0,0.0,0.0,0.0
632252271,8,1612.0,1528.0,1701.0,1655.0,1500.0,1500.0,0.0,0.0,0.0,0.0,0.0,0.0,0.0,0.0,0.0,0.0
632359661,8,1622.0,1529.0,1682.0,1643.0,1500.0,1500.0,0.0,0.0,0.0,0.0,0.0,0.0,0.0,0.0,0.0,0.0
632469040,8,1608.0,1535.0,1688.0,1643.0,1500.0,1500.0,0.0,0.0,0.0,0.0,0.0,0.0,0.0,0.0,0.0,0.0
632559067,8,1634.0,1552.0,1665.0,1627.0,1500.0,1500.0,0.0,0.0,0.0,0.0,0.0,0.0,0.0,0.0,0.0,0.0
632667402,8,1611.0,1536.0,1686.0,1640.0,1500.0,1500.0,0.0,0.0,0.0,0.0,0.0,0.0,0.0,0.0,0.0,0.0
632754182,8,1620.0,1537.0,1682.0,1638.0,1500.0,1500.0,0.0,0.0,0.0,0.0,0.0,0.0,0.0,0.0,0.0,0.0
632866215,8,1618.0,1560.0,1679.0,1616.0,1500.0,1500.0,0.0,0.0,0.0,0.0,0.0,0.0,0.0,0.0,0.0,0.0
632954969,8,1604.0,1550.0,1693.0,1626.0,1500.0,1500.0,0.0,0.0,0.0,0.0,0.0,0.0,0.0,0.0,0.0,0.0
633074661,8,1613.0,1548.0,1676.0,1629.0,1500.0,1500.0,0.0,0.0,0.0,0.0,0.0,0.0,0.0,0.0,0.0,0.0
633160439,8,1617.0,1563.0,1676.0,1619.0,1500.0,1500.0,0.0,0.0,0.0,0.0,0.0,0.0,0.0,0.0,0.0,0.0
633271887,8,1625.0,1590.0,1670.0,1598.0,1500.0,1500.0,0.0,0.0,0.0,0.0,0.0,0.0,0.0,0.0,0.0,0.0
633380462,8,1637.0,1574.0,1670.0,1601.0,1500.0,1500.0,0.0,0.0,0.0,0.0,0.0,0.0,0.0,0.0,0.0,0.0
633468858,8,1627.0,1554.0,1673.0,1614.0,1500.0,1500.0,0.0,0.0,0.0,0.0,0.0,0.0,0.0,0.0,0.0,0.0
633576684,8,1637.0,1573.0,1656.0,1599.0,1500.0,1500.0,0.0,0.0,0.0,0.0,0.0,0.0,0.0,0.0,0.0,0.0
633672814,8,1637.0,1584.0,1655.0,1591.0,1500.0,1500.0,0.0,0.0,0.0,0.0,0.0,0.0,0.0,0.0,0.0,0.0
633781635,8,1644.0,1570.0,1644.0,1609.0,1500.0,1500.0,0.0,0.0,0.0,0.0,0.0,0.0,0.0,0.0,0.0,0.0
633892056,8,1621.0,1572.0,1668.0,1614.0,1500.0,1500.0,0.0,0.0,0.0,0.0,0.0,0.0,0.0,0.0,0.0,0.0
633993738,8,1623.0,1570.0,1673.0,1619.0,1500.0,1500.0,0.0,0.0,0.0,0.0,0.0,0.0,0.0,0.0,0.0,0.0
634085582,8,1637.0,1583.0,1657.0,1593.0,1500.0,1500.0,0.0,0.0,0.0,0.0,0.0,0.0,0.0,0.0,0.0,0.0
634193071,8,1635.0,1575.0,1659.0,1609.0,1500.0,1500.0,0.0,0.0,0.0,0.0,0.0,0.0,0.0,0.0,0.0,0.0
634277835,8,1626.0,1576.0,1666.0,1624.0,1500.0,1500.0,0.0,0.0,0.0,0.0,0.0,0.0,0.0,0.0,0.0,0.0
634392997,8,1622.0,1576.0,1670.0,1609.0,1500.0,1500.0,0.0,0.0,0.0,0.0,0.0,0.0,0.0,0.0,0.0,0.0
634498634,8,1640.0,1582.0,1657.0,1601.0,1500.0,1500.0,0.0,0.0,0.0,0.0,0.0,0.0,0.0,0.0,0.0,0.0
634593238,8,1630.0,1562.0,1662.0,1624.0,1500.0,1500.0,0.0,0.0,0.0,0.0,0.0,0.0,0.0,0.0,0.0,0.0
634683313,8,1633.0,1581.0,1658.0,1603.0,1500.0,1500.0,0.0,0.0,0.0,0.0,0.0,0.0,0.0,0.0,0.0,0.0
634795764,8,1619.0,1557.0,1673.0,1622.0,1500.0,1500.0,0.0,0.0,0.0,0.0,0.0,0.0,0.0,0.0,0.0,0.0
634907675,8,1629.0,1572.0,1665.0,1610.0,1500.0,1500.0,0.0,0.0,0.0,0.0,0.0,0.0,0.0,0.0,0.0,0.0
634995746,8,1633.0,1596.0,1658.0,1593.0,1500.0,1500.0,0.0,0.0,0.0,0.0,0.0,0.0,0.0,0.0,0.0,0.0
635104666,8,1635.0,1600.0,1651.0,1594.0,1500.0,1500.0,0.0,0.0,0.0,0.0,0.0,0.0,0.0,0.0,0.0,0.0
635194153,8,1645.0,1583.0,1656.0,1606.0,1500.0,1500.0,0.0,0.0,0.0,0.0,0.0,0.0,0.0,0.0,0.0,0.0
635308177,8,1653.0,1596.0,1658.0,1594.0,1500.0,1500.0,0.0,0.0,0.0,0.0,0.0,0.0,0.0,0.0,0.0,0.0
635397471,8,1657.0,1592.0,1663.0,1586.0,1500.0,1500.0,0.0,0.0,0.0,0.0,0.0,0.0,0.0,0.0,0.0,0.0
635514456,8,1674.0,1602.0,1646.0,1577.0,1500.0,1500.0,0.0,0.0,0.0,0.0,0.0,0.0,0.0,0.0,0.0,0.0
635608896,8,1679.0,1600.0,1638.0,1578.0,1500.0,1500.0,0.0,0.0,0.0,0.0,0.0,0.0,0.0,0.0,0.0,0.0
635702634,8,1685.0,1612.0,1631.0,1563.0,1500.0,1500.0,0.0,0.0,0.0,0.0,0.0,0.0,0.0,0.0,0.0,0.0
635806412,8,1672.0,1609.0,1641.0,1570.0,1500.0,1500.0,0.0,0.0,0.0,0.0,0.0,0.0,0.0,0.0,0.0,0.0
635918278,8,1675.0,1599.0,1640.0,1581.0,1500.0,1500.0,0.0,0.0,0.0,0.0,0.0,0.0,0.0,0.0,0.0,0.0
636006168,8,1668.0,1608.0,1639.0,1579.0,1500.0,1500.0,0.0,0.0,0.0,0.0,0.0,0.0,0.0,0.0,0.0,0.0
636118518,8,1637.0,1615.0,1654.0,1572.0,1500.0,1500.0,0.0,0.0,0.0,0.0,0.0,0.0,0.0,0.0,0.0,0.0
636210705,8,1630.0,1609.0,1663.0,1581.0,1500.0,1500.0,0.0,0.0,0.0,0.0,0.0,0.0,0.0,0.0,0.0,0.0
636319754,8,1646.0,1615.0,1654.0,1581.0,1500.0,1500.0,0.0,0.0,0.0,0.0,0.0,0.0,0.0,0.0,0.0,0.0
636413342,8,1640.0,1601.0,1669.0,1594.0,1500.0,1500.0,0.0,0.0,0.0,0.0,0.0,0.0,0.0,0.0,0.0,0.0
636527346,8,1650.0,1612.0,1673.0,1573.0,1500.0,1500.0,0.0,0.0,0.0,0.0,0.0,0.0,0.0,0.0,0.0,0.0
636619314,8,1661.0,1611.0,1660.0,1572.0,1500.0,1500.0,0.0,0.0,0.0,0.0,0.0,0.0,0.0,0.0,0.0,0.0
636733773,8,1691.0,1628.0,1621.0,1556.0,1500.0,1500.0,0.0,0.0,0.0,0.0,0.0,0.0,0.0,0.0,0.0,0.0
636825890,8,1679.0,1613.0,1630.0,1569.0,1500.0,1500.0,0.0,0.0,0.0,0.0,0.0,0.0,0.0,0.0,0.0,0.0
636936828,8,1673.0,1630.0,1622.0,1566.0,1500.0,1500.0,0.0,0.0,0.0,0.0,0.0,0.0,0.0,0.0,0.0,0.0
637021482,8,1683.0,1618.0,1633.0,1573.0,1500.0,1500.0,0.0,0.0,0.0,0.0,0.0,0.0,0.0,0.0,0.0,0.0
637136930,8,1688.0,1621.0,1646.0,1573.0,1500.0,1500.0,0.0,0.0,0.0,0.0,0.0,0.0,0.0,0.0,0.0,0.0
637226967,8,1695.0,1624.0,1635.0,1569.0,1500.0,1500.0,0.0,0.0,0.0,0.0,0.0,0.0,0.0,0.0,0.0,0.0
637338211,8,1692.0,1613.0,1640.0,1567.0,1500.0,1500.0,0.0,0.0,0.0,0.0,0.0,0.0,0.0,0.0,0.0,0.0
637429888,8,1688.0,1622.0,1637.0,1557.0,1500.0,1500.0,0.0,0.0,0.0,0.0,0.0,0.0,0.0,0.0,0.0,0.0
637538411,8,1685.0,1629.0,1634.0,1561.0,1500.0,1500.0,0.0,0.0,0.0,0.0,0.0,0.0,0.0,0.0,0.0,0.0
637623049,8,1694.0,1637.0,1628.0,1557.0,1500.0,1500.0,0.0,0.0,0.0,0.0,0.0,0.0,0.0,0.0,0.0,0.0
637736255,8,1696.0,1647.0,1633.0,1548.0,1500.0,1500.0,0.0,0.0,0.0,0.0,0.0,0.0,0.0,0.0,0.0,0.0
637842869,8,1706.0,1640.0,1614.0,1552.0,1500.0,1500.0,0.0,0.0,0.0,0.0,0.0,0.0,0.0,0.0,0.0,0.0
637931659,8,1712.0,1640.0,1606.0,1554.0,1500.0,1500.0,0.0,0.0,0.0,0.0,0.0,0.0,0.0,0.0,0.0,0.0
638039871,8,1698.0,1638.0,1614.0,1560.0,1500.0,1500.0,0.0,0.0,0.0,0.0,0.0,0.0,0.0,0.0,0.0,0.0
638137100,8,1692.0,1640.0,1613.0,1560.0,1500.0,1500.0,0.0,0.0,0.0,0.0,0.0,0.0,0.0,0.0,0.0,0.0
638240169,8,1685.0,1635.0,1618.0,1565.0,1500.0,1500.0,0.0,0.0,0.0,0.0,0.0,0.0,0.0,0.0,0.0,0.0
638352814,8,1693.0,1620.0,1606.0,1580.0,1500.0,1500.0,0.0,0.0,0.0,0.0,0.0,0.0,0.0,0.0,0.0,0.0
638444237,8,1692.0,1654.0,1604.0,1561.0,1500.0,1500.0,0.0,0.0,0.0,0.0,0.0,0.0,0.0,0.0,0.0,0.0
638533065,8,1666.0,1645.0,1655.0,1550.0,1500.0,1500.0,0.0,0.0,0.0,0.0,0.0,0.0,0.0,0.0,0.0,0.0
638648957,8,1727.0,1688.0,1604.0,1504.0,1500.0,1500.0,0.0,0.0,0.0,0.0,0.0,0.0,0.0,0.0,0.0,0.0
638753486,8,1739.0,1657.0,1589.0,1523.0,1500.0,1500.0,0.0,0.0,0.0,0.0,0.0,0.0,0.0,0.0,0.0,0.0
638845752,8,1745.0,1669.0,1566.0,1517.0,1500.0,1500.0,0.0,0.0,0.0,0.0,0.0,0.0,0.0,0.0,0.0,0.0
638953912,8,1750.0,1681.0,1542.0,1519.0,1500.0,1500.0,0.0,0.0,0.0,0.0,0.0,0.0,0.0,0.0,0.0,0.0
639042085,8,1715.0,1617.0,1609.0,1573.0,1500.0,1500.0,0.0,0.0,0.0,0.0,0.0,0.0,0.0,0.0,0.0,0.0
639155337,8,1730.0,1699.0,1571.0,1512.0,1500.0,1500.0,0.0,0.0,0.0,0.0,0.0,0.0,0.0,0.0,0.0,0.0
639248146,8,1708.0,1660.0,1596.0,1544.0,1500.0,1500.0,0.0,0.0,0.0,0.0,0.0,0.0,0.0,0.0,0.0,0.0
639362532,8,1732.0,1697.0,1573.0,1509.0,1500.0,1500.0,0.0,0.0,0.0,0.0,0.0,0.0,0.0,0.0,0.0,0.0
639448844,8,1682.0,1617.0,1647.0,1583.0,1500.0,1500.0,0.0,0.0,0.0,0.0,0.0,0.0,0.0,0.0,0.0,0.0
639551764,8,1731.0,1634.0,1616.0,1551.0,1500.0,1500.0,0.0,0.0,0.0,0.0,0.0,0.0,0.0,0.0,0.0,0.0
639663330,8,1815.0,1679.0,1523.0,1507.0,1500.0,1500.0,0.0,0.0,0.0,0.0,0.0,0.0,0.0,0.0,0.0,0.0
639756338,8,1734.0,1656.0,1585.0,1532.0,1500.0,1500.0,0.0,0.0,0.0,0.0,0.0,0.0,0.0,0.0,0.0,0.0
639862030,8,1761.0,1675.0,1578.0,1514.0,1500.0,1500.0,0.0,0.0,0.0,0.0,0.0,0.0,0.0,0.0,0.0,0.0
639956164,8,1792.0,1644.0,1562.0,1532.0,1500.0,1500.0,0.0,0.0,0.0,0.0,0.0,0.0,0.0,0.0,0.0,0.0
640057131,8,1714.0,1664.0,1613.0,1526.0,1500.0,1500.0,0.0,0.0,0.0,0.0,0.0,0.0,0.0,0.0,0.0,0.0
640173496,8,1764.0,1657.0,1580.0,1528.0,1500.0,1500.0,0.0,0.0,0.0,0.0,0.0,0.0,0.0,0.0,0.0,0.0
640262259,8,1733.0,1673.0,1566.0,1548.0,1500.0,1500.0,0.0,0.0,0.0,0.0,0.0,0.0,0.0,0.0,0.0,0.0
640371543,8,1756.0,1662.0,1489.0,1497.0,1500.0,1500.0,0.0,0.0,0.0,0.0,0.0,0.0,0.0,0.0,0.0,0.0
640483076,8,1695.0,1634.0,1501.0,1464.0,1500.0,1500.0,0.0,0.0,0.0,0.0,0.0,0.0,0.0,0.0,0.0,0.0
640574251,8,1732.0,1644.0,1495.0,1471.0,1500.0,1500.0,0.0,0.0,0.0,0.0,0.0,0.0,0.0,0.0,0.0,0.0
640682861,8,1713.0,1614.0,1532.0,1524.0,1500.0,1500.0,0.0,0.0,0.0,0.0,0.0,0.0,0.0,0.0,0.0,0.0
640771895,8,1768.0,1716.0,1501.0,1412.0,1500.0,1500.0,0.0,0.0,0.0,0.0,0.0,0.0,0.0,0.0,0.0,0.0
640973291,8,1738.0,1575.0,1490.0,1478.0,1500.0,1500.0,0.0,0.0,0.0,0.0,0.0,0.0,0.0,0.0,0.0,0.0
641685053,8,1310.0,1236.0,1184.0,1120.0,1500.0,1500.0,0.0,0.0,0.0,0.0,0.0,0.0,0.0,0.0,0.0,0.0
641795111,8,1280.0,1238.0,1212.0,1120.0,1500.0,1500.0,0.0,0.0,0.0,0.0,0.0,0.0,0.0,0.0,0.0,0.0
641883796,8,1322.0,1257.0,1151.0,1120.0,1500.0,1500.0,0.0,0.0,0.0,0.0,0.0,0.0,0.0,0.0,0.0,0.0
641995760,8,1295.0,1235.0,1199.0,1120.0,1500.0,1500.0,0.0,0.0,0.0,0.0,0.0,0.0,0.0,0.0,0.0,0.0
642106257,8,1310.0,1240.0,1179.0,1120.0,1500.0,1500.0,0.0,0.0,0.0,0.0,0.0,0.0,0.0,0.0,0.0,0.0
642195718,8,1298.0,1244.0,1189.0,1120.0,1500.0,1500.0,0.0,0.0,0.0,0.0,0.0,0.0,0.0,0.0,0.0,0.0
642287234,8,1301.0,1228.0,1200.0,1120.0,1500.0,1500.0,0.0,0.0,0.0,0.0,0.0,0.0,0.0,0.0,0.0,0.0
642398608,8,1309.0,1253.0,1167.0,1120.0,1500.0,1500.0,0.0,0.0,0.0,0.0,0.0,0.0,0.0,0.0,0.0,0.0
642507378,8,1309.0,1245.0,1176.0,1120.0,1500.0,1500.0,0.0,0.0,0.0,0.0,0.0,0.0,0.0,0.0,0.0,0.0
642596826,8,1307.0,1253.0,1170.0,1120.0,1500.0,1500.0,0.0,0.0,0.0,0.0,0.0,0.0,0.0,0.0,0.0,0.0
642707549,8,1301.0,1242.0,1186.0,1120.0,1500.0,1500.0,0.0,0.0,0.0,0.0,0.0,0.0,0.0,0.0,0.0,0.0
642812685,8,1297.0,1231.0,1201.0,1120.0,1500.0,1500.0,0.0,0.0,0.0,0.0,0.0,0.0,0.0,0.0,0.0,0.0
642897691,8,1302.0,1243.0,1184.0,1120.0,1500.0,1500.0,0.0,0.0,0.0,0.0,0.0,0.0,0.0,0.0,0.0,0.0
643005857,8,900.0,900.0,900.0,900.0,1500.0,1500.0,0.0,0.0,0.0,0.0,0.0,0.0,0.0,0.0,0.0,0.0
643117471,8,900.0,900.0,900.0,900.0,1500.0,1500.0,0.0,0.0,0.0,0.0,0.0,0.0,0.0,0.0,0.0,0.0
643207084,8,900.0,900.0,900.0,900.0,1500.0,1500.0,0.0,0.0,0.0,0.0,0.0,0.0,0.0,0.0,0.0,0.0
643316374,8,900.0,900.0,900.0,900.0,1500.0,1500.0,0.0,0.0,0.0,0.0,0.0,0.0,0.0,0.0,0.0,0.0
643422051,8,900.0,900.0,900.0,900.0,1500.0,1500.0,0.0,0.0,0.0,0.0,0.0,0.0,0.0,0.0,0.0,0.0
643516552,8,900.0,900.0,900.0,900.0,1500.0,1500.0,0.0,0.0,0.0,0.0,0.0,0.0,0.0,0.0,0.0,0.0
643622052,8,900.0,900.0,900.0,900.0,1500.0,1500.0,0.0,0.0,0.0,0.0,0.0,0.0,0.0,0.0,0.0,0.0
643714278,8,900.0,900.0,900.0,900.0,1500.0,1500.0,0.0,0.0,0.0,0.0,0.0,0.0,0.0,0.0,0.0,0.0
643822705,8,900.0,900.0,900.0,900.0,1500.0,1500.0,0.0,0.0,0.0,0.0,0.0,0.0,0.0,0.0,0.0,0.0
643930747,8,900.0,900.0,900.0,900.0,1500.0,1500.0,0.0,0.0,0.0,0.0,0.0,0.0,0.0,0.0,0.0,0.0
