timestamp,x,y,z,yaw,vx,vy,vz,acc_x,acc_y,acc_z
556398564,46.0456,0.334205,-0.00234896,0.0238515,0.0,0.0,1.0,0.0,0.0,-4.91503
556498581,46.0486,0.335662,-0.0192331,0.0238527,0.0,0.0,1.0,0.0,0.0,-4.91503
556598782,46.0525,0.336171,-0.0184704,0.0238979,0.0,0.0,1.0,0.0,0.0,-4.91503
556698660,46.056,0.33655,-0.0330733,0.0238212,0.0,0.0,1.0,0.0,0.0,-4.91503
556798885,46.0592,0.333116,-0.0193929,0.0237923,0.0,0.0,1.0,0.0,0.0,-4.91503
556909061,46.064,0.333109,-0.0188167,0.0237478,0.0,0.0,1.0,0.0,0.0,-4.91503
557009025,46.0688,0.334796,-0.018211,0.0237048,0.0,0.0,1.0,0.0,0.0,-4.91503
557110011,46.0733,0.332547,-0.0171438,0.0236756,0.0,0.0,1.0,0.0,0.0,-4.91503
557209906,46.0771,0.334569,-0.0183993,0.0236827,0.0,0.0,1.0,0.0,0.0,-4.91503
557310083,46.08,0.33413,-0.00225669,0.0237018,0.0,0.0,1.0,0.0,0.0,-4.91503
557409700,46.0846,0.332671,-0.0101116,0.0235806,0.0,0.0,1.0,0.0,0.0,-4.91503
557510651,46.0884,0.330759,-0.00208813,0.0235688,0.0,0.0,1.0,0.0,0.0,-4.91503
557610856,46.0912,0.337105,-0.0484127,0.0235358,0.0,0.0,1.0,0.0,0.0,-4.91503
557719876,46.0957,0.334384,-0.0223992,0.02353,0.0,0.0,1.0,0.0,0.0,-4.91503
557820236,46.0989,0.335093,-0.0219393,0.0235043,0.0,0.0,1.0,0.0,0.0,-4.91503
557920485,46.1025,0.332829,-0.0306662,0.0234355,0.0,0.0,1.0,0.0,0.0,-4.91503
558020324,46.1067,0.333691,-0.0345823,0.0234124,0.0,0.0,1.0,0.0,0.0,-4.91503
558120546,46.1103,0.337932,-0.0107277,0.0233902,0.0,0.0,1.0,0.0,0.0,-4.91503
558221066,46.1174,0.335067,-0.0316742,0.0233806,0.0,0.0,1.0,0.0,0.0,-4.91503
558321087,46.122,0.340029,-0.030757,0.0233378,0.0,0.0,1.0,0.0,0.0,-4.91503
558431334,46.1289,0.333712,-0.0395214,0.0232478,0.0,0.0,1.0,0.0,0.0,-4.91503
558531281,46.1331,0.334527,-0.0269296,0.0233234,0.0,0.0,1.0,0.0,0.0,-4.91503
558631289,46.135,0.332793,-0.0260432,0.0233842,0.0,0.0,1.0,0.0,0.0,-4.91503
558731686,46.1395,0.334545,-0.027917,0.0233676,0.0,0.0,1.0,0.0,0.0,-4.91503
558832036,46.1417,0.33304,-0.0320184,0.0232913,0.0,0.0,1.0,0.0,0.0,-4.91503
558942130,46.146,0.33671,-0.037403,0.0233521,0.0,0.0,1.0,0.0,0.0,-4.91503
559042289,46.1485,0.335594,-0.0406767,0.023336,0.0,0.0,1.0,0.0,0.0,-4.91503
559142123,46.1521,0.332276,-0.0540752,0.0233322,0.0,0.0,1.0,0.0,0.0,-4.91503
559241998,46.1554,0.332774,-0.04679,0.0232701,0.0,0.0,1.0,0.0,0.0,-4.91503
559342544,46.1584,0.334231,-0.0414239,0.0232702,0.0,0.0,1.0,0.0,0.0,-4.91503
559442602,46.1614,0.335164,-0.0503024,0.0231753,0.0,0.0,1.0,0.0,0.0,-4.91503
559542714,46.1638,0.334862,-0.04425,0.0231898,0.0,0.0,1.0,0.0,0.0,-4.91503
559653191,46.1667,0.339421,-0.0298568,0.0231808,0.0,0.0,1.0,0.0,0.0,-4.91503
559752928,46.1723,0.33293,-0.0197532,0.0232606,0.0,0.0,1.0,0.0,0.0,-4.91503
559854541,46.177,0.336628,-0.0129841,0.0231019,0.0,0.0,1.0,0.0,0.0,-4.91503
559953715,46.1826,0.338562,-0.0123419,0.0231883,0.0,0.0,1.0,0.0,0.0,-4.91503
560053919,46.1869,0.338241,-0.0233081,0.0231498,0.0,0.0,1.0,0.0,0.0,-4.91503
560154722,46.1915,0.334863,-0.021184,0.0230774,0.0,0.0,1.0,0.0,0.0,-4.91503
560264274,46.1972,0.331897,-0.016748,0.0231164,0.0,0.0,1.0,0.0,0.0,-4.91503
560364485,46.2037,0.337673,-0.0179621,0.0230062,0.0,0.0,1.0,0.0,0.0,-4.91503
560464587,46.2082,0.337088,-0.0178596,0.0229595,0.0,0.0,1.0,0.0,0.0,-4.91503
560564394,46.2102,0.332927,-0.017684,0.0228948,0.0,0.0,1.0,0.0,0.0,-4.91503
560664670,46.2152,0.334222,-0.0142737,0.0228719,0.0,0.0,1.0,0.0,0.0,-4.91503
560765234,46.2155,0.334804,-0.0157722,0.0228616,0.0,0.0,0.930402,0.0,0.0,-4.91503
560865016,46.22,0.333399,-0.0041115,0.0228101,0.0,0.0,0.844019,0.0,0.0,-4.91503
560976451,46.2229,0.3353,-0.0124817,0.022859,0.0,0.0,0.839256,0.0,0.0,-4.91503
561076517,46.2263,0.335282,-0.0168348,0.022919,0.0,0.0,0.837599,0.0,0.0,-4.91503
561176259,46.2291,0.33344,-0.0101809,0.0229253,0.0,0.0,0.733656,0.0,0.0,-4.91503
561276550,46.2337,0.333422,-0.0229782,0.0228815,0.0,0.0,0.728205,0.0,0.0,-4.91503
561377060,46.2361,0.335111,-0.00584955,0.0228176,0.0,0.0,0.722439,0.0,0.0,-4.91503
561486191,46.2403,0.333128,-0.0261936,0.0227359,0.0,0.0,0.722709,0.0,0.0,-4.91503
561586543,46.2436,0.33206,-0.0126097,0.022787,0.0,0.0,0.723917,0.0,0.0,-4.91503
561686444,46.2452,0.335672,-0.00727514,0.022787,0.0,0.0,0.723792,0.0,0.0,-4.91503
561786737,46.2491,0.333381,-0.00596713,0.0228071,0.0,0.0,0.722972,0.0,0.0,-4.91503
561886880,46.252,0.334274,-0.0100325,0.0227691,0.0,0.0,0.723978,0.0,0.0,-4.91503
561987104,46.2551,0.336038,-0.0174818,0.022667,0.0,0.0,0.668099,0.0,0.0,-4.91503
562087092,46.2583,0.336905,-0.0190829,0.0225729,0.0,0.0,0.620843,0.0,0.0,-4.91503
562197369,46.2626,0.337018,-0.0380928,0.022438,0.0,0.0,0.501856,0.0,0.0,-4.91503
562297676,46.2674,0.335191,-0.0290564,0.022441,0.0,0.0,0.447859,0.0,0.0,-4.91503
562397830,46.2704,0.332609,-0.0384286,0.0224376,0.0,0.0,0.406934,0.0,0.0,-4.91503
562497743,46.2733,0.33365,-0.0252902,0.022431,0.0,0.0,0.381102,0.0,0.0,-4.91503
562598063,46.2763,0.336155,-0.0181668,0.0223089,0.0,0.0,0.282445,0.0,0.0,-4.91503
562698139,46.2777,0.333143,-0.00145314,0.0223156,0.0,0.0,0.169186,0.0,0.0,-4.91503
562808688,46.2826,0.331789,-0.0225764,0.0222758,0.0,0.0,0.165183,0.0,0.0,-4.91503
562908847,46.2864,0.332305,-0.013458,0.0222373,0.0,0.0,0.0388579,0.0,0.0,-4.91503
563009444,46.2891,0.335882,-0.0109298,0.0222077,0.0,0.0,0.0128112,0.0,0.0,-4.91503
563109042,46.2929,0.33454,0.00144693,0.0221974,0.0,0.0,0.0128112,0.0,0.0,-4.91503
563209747,46.2964,0.333091,-0.0135115,0.0221411,0.0,0.0,0.0128112,0.0,0.0,-4.91503
563309442,46.3007,0.333866,-0.0167071,0.0221052,0.0,0.0,0.0128112,0.0,0.0,-4.91503
563409286,46.3044,0.336004,-0.0165214,0.0221212,0.0,0.0,0.0128112,0.0,0.0,-4.91503
563519382,46.3084,0.333822,-0.0290807,0.0221536,0.0,0.0,0.0128112,0.0,0.0,-4.91503
563619516,46.3107,0.33279,-0.0132617,0.0221485,0.0,0.0,-0.169976,0.0,0.0,-4.91503
563720015,46.3155,0.332836,-0.0285529,0.0220635,0.0,0.0,-0.250434,0.0,0.0,-4.91503
563820217,46.3191,0.333432,-0.0129272,0.0220869,0.0,0.0,-0.374033,0.0,0.0,-4.91503
563920432,46.3235,0.334583,-0.0158272,0.0221092,0.0,0.0,-0.506198,0.0,0.0,-4.91503
564020307,46.326,0.332941,-0.0164646,0.0221,0.0,0.0,0.496301,0.0,0.0,-4.04055
564120557,46.3282,0.332597,-0.0176907,0.0221,0.0,0.0,0.402345,0.0,0.0,-4.18049
564231077,46.3324,0.330799,-0.0546852,0.0221,0.0,0.0,0.177047,0.0,0.0,-4.5756
564330689,46.3376,0.332613,-0.0589077,0.0221,0.0,0.0,-0.0388906,0.0,0.0,-4.99069
564431518,46.3394,0.333543,-0.0591927,0.0221,0.0,0.0,-0.257666,0.0,0.0,-5.46567
564531548,46.3422,0.338965,-0.0661205,0.0221,0.0,0.0,-0.474235,0.0,0.0,-5.73265
564631516,46.3471,0.343519,-0.108721,0.0221,0.00271102,0.0330633,-0.691389,0.0,0.0,-5.84684
564741995,46.3511,0.363652,-0.0907644,0.0221,0.011233,0.065457,-0.854854,0.0,0.0,-5.84337
564842161,46.357,0.373667,-0.0885809,0.0221,0.0291782,0.10447,-0.855887,0.0,0.0,-5.77487
564942384,46.3661,0.396889,-0.0995171,0.0221,0.0572917,0.138861,-0.859758,0.0,0.0,-5.8609
565042428,46.3771,0.403405,-0.134083,0.0221,0.092423,0.166352,-0.855933,0.0,0.0,-5.87039
565142556,46.3825,0.426682,-0.217482,0.0221,0.130194,0.186343,-0.855897,0.0,0.0,-5.93604
565242741,46.4028,0.451455,-0.224081,0.0221,0.160459,0.206553,-0.8559,0.0,0.0,-5.98351
565342904,46.4034,0.467581,-0.3161,0.0221,0.183316,0.219532,-0.852493,0.0,0.0,-5.8887
565443273,46.4259,0.507001,-0.362732,0.0221,0.194919,0.228268,-0.855893,0.0,0.0,-5.93611
565554060,46.4464,0.539302,-0.406005,0.0221,0.191933,0.223786,-0.864153,0.0,0.0,-5.99571
565654185,46.4579,0.554928,-0.44543,0.0221,0.177277,0.199928,-0.866675,0.0,0.0,-5.94415
565754058,46.4701,0.580427,-0.485102,0.0221,0.153712,0.153167,-0.86732,0.0,0.0,-6.02574
565854881,46.4831,0.600797,-0.486494,0.0221,0.105614,0.0764215,-0.86811,0.0,0.0,-6.12417
565954122,46.4851,0.621146,-0.555183,0.0221,0.0617644,0.0195299,-0.867757,0.0,0.0,-6.11475
566064789,46.501,0.651645,-0.606502,0.0221,0.0280177,-0.00916273,-0.867144,0.0,0.0,-6.1139
566164973,46.5133,0.634911,-0.639639,0.0221,0.0396175,-0.0412875,-0.866363,0.0,0.0,-6.08515
566264483,46.5228,0.622013,-0.681953,0.0221,0.0573426,-0.0933149,-0.864494,0.0,0.0,-6.03628
566365081,46.5245,0.641476,-0.722841,0.0221,0.0627816,-0.125391,-0.852549,0.0,0.0,-6.01193
566465673,46.5359,0.621609,-0.7541,0.0221,0.0687505,-0.154447,-0.856081,0.0,0.0,-6.01857
566565802,46.5397,0.572394,-0.804223,0.0221,0.0739874,-0.182129,-0.844788,0.0,0.0,-5.9869
566665701,46.5498,0.546842,-0.808743,0.0221,0.0816433,-0.207793,-0.843577,0.0,0.0,-6.01866
566775874,46.5567,0.558437,-0.886591,0.0221,0.0820465,-0.219283,-0.827045,0.0,0.0,-5.98022
566875623,46.5625,0.523792,-0.902003,0.0221,0.0800334,-0.224617,-0.825452,0.0,0.0,-6.00598
566975995,46.5725,0.491091,-0.940962,0.0221,0.0786481,-0.228149,-0.610528,0.0,0.0,-5.60361
567076687,46.5774,0.451942,-0.980902,0.0221,0.0723729,-0.220034,-0.610056,0.0,0.0,-5.71291
567176190,46.5846,0.445831,-1.02629,0.0221,0.0658923,-0.19943,-0.612068,0.0,0.0,-5.8289
567277365,46.5904,0.419096,-1.06429,0.0221,0.0559336,-0.156097,-0.612414,0.0,0.0,-5.87696
567386786,46.5986,0.397623,-1.10262,0.0221,0.0534687,-0.141504,-0.612016,0.0,0.0,-5.90147
567486719,46.6072,0.379441,-1.13237,0.0221,0.0465206,-0.123059,-0.609797,0.0,0.0,-5.93996
567586894,46.61,0.360615,-1.16768,0.0221,0.037985,-0.0963658,-0.611597,0.0,0.0,-5.95471
567687102,46.6174,0.339129,-1.19941,0.0221,0.0300589,-0.073112,-0.607381,0.0,0.0,-5.93544
567787269,46.6268,0.320485,-1.22147,0.0221,0.0255727,-0.0605693,-0.607008,0.0,0.0,-5.95989
567887721,46.6331,0.316557,-1.25061,0.0221,0.0129483,-0.0277194,-0.609195,0.0,0.0,-5.97124
567987595,46.6401,0.30358,-1.27936,0.0221,0.00432225,-0.0071071,-0.519761,0.0,0.0,-5.77986
568097635,46.6471,0.289676,-1.30261,0.0221,0.0,0.0,-0.509128,0.0,0.0,-5.79605
568198263,46.6537,0.27872,-1.32391,0.0221,0.0,0.0,-0.488362,0.0,0.0,-5.81732
568298374,46.6617,0.273899,-1.35527,0.0221,0.0,0.0,-0.485522,0.0,0.0,-5.83734
568398091,46.6654,0.265084,-1.3756,0.0221,0.0,0.0,-0.480039,0.0,0.0,-5.8819
568498420,46.6711,0.265234,-1.38198,0.0221,0.0,0.0,-0.477567,0.0,0.0,-5.91394
568598813,46.6748,0.25502,-1.38668,0.0221,0.0,0.0,-0.479947,0.0,0.0,-5.92731
568698889,46.6787,0.252052,-1.40208,0.0221,0.0,0.0,-0.470295,0.0,0.0,-5.90348
568809195,46.6839,0.246692,-1.42103,0.0221,0.0,0.0,-0.469045,0.0,0.0,-5.90961
568909511,46.6926,0.24281,-1.42448,0.0221,0.0,0.0,-0.478019,0.0,0.0,-5.94374
569009250,46.6969,0.238005,-1.45062,0.0221,0.0,0.0,-0.465174,0.0,0.0,-5.90482
569109883,46.7008,0.236465,-1.46467,0.0221,0.0,0.0,-0.356244,0.0,0.0,-5.70094
569209991,46.7059,0.231559,-1.4663,0.0221,0.00426707,0.0108157,-0.354581,0.0,0.0,-5.75171
569309952,46.7093,0.231126,-1.46526,0.0221,0.00832007,0.0284886,-0.35769,0.0,0.0,-5.83255
569410726,46.7147,0.227906,-1.4635,0.0221,0.00615079,0.0300171,-0.347176,0.0,0.0,-5.8568
569510152,46.717,0.227893,-1.46882,0.0221,0.00576131,0.0544749,-0.350152,0.0,0.0,-5.88489
569620211,46.7207,0.225052,-1.47126,0.0221,-3.04682e-05,0.0513822,-0.354206,0.0,0.0,-5.91207
569720887,46.7226,0.225404,-1.47011,0.0221,-0.00429486,0.042888,-0.346439,0.0,0.0,-5.8612
569820845,46.7253,0.222918,-1.47675,0.0221,-0.00638746,0.0248828,-0.357813,0.0,0.0,-5.88259
569921014,46.7252,0.221987,-1.48026,0.0221,-0.00906314,0.0208198,-0.352191,0.0,0.0,-5.86655
570021486,46.727,0.214575,-1.50497,0.0221,-0.00129588,0.00186571,-0.356548,0.0,0.0,-5.87976
570121498,46.7274,0.2097,-1.52218,0.0221,-0.00534949,0.00538765,-0.346506,0.0,0.0,-5.86871
570221338,46.7271,0.201301,-1.52302,0.021708,-0.0154972,0.0122514,-0.338206,0.0,0.0,-5.84812
570321447,46.7285,0.189563,-1.52451,0.0181104,-0.0262826,0.0181413,-0.333905,0.0,0.0,-5.82361
570431999,46.7271,0.180555,-1.52417,0.0153286,-0.0403985,0.0276687,-0.326475,0.0,0.0,-5.82913
570531662,46.7234,0.183361,-1.52397,0.0145108,-0.0591833,0.0401026,-0.315267,0.0,0.0,-5.84772
570632363,46.7228,0.176134,-1.5232,0.0139585,-0.0653425,0.0481169,-0.316353,0.0,0.0,-5.87852
570732403,46.7219,0.17114,-1.52301,0.0139721,-0.0792264,0.0617842,-0.312947,0.0,0.0,-5.88075
570832406,46.7199,0.172127,-1.52284,0.0139713,-0.0875665,0.0688714,-0.312697,0.0,0.0,-5.8869
570932556,46.7183,0.170876,-1.52906,0.0139713,-0.0952661,0.0814792,-0.315316,0.0,0.0,-5.88909
571032970,46.718,0.172597,-1.53209,0.0139713,-0.0997815,0.0984767,-0.315336,0.0,0.0,-5.87952
571142554,46.7164,0.183006,-1.53283,0.0139713,-0.106337,0.121965,-0.312562,0.0,0.0,-5.86628
571243217,46.7085,0.19316,-1.53345,0.0139713,-0.0986504,0.117591,-0.314185,0.0,0.0,-5.87883
571343090,46.7063,0.206241,-1.5313,0.0139713,-0.0977524,0.107707,-0.312576,0.0,0.0,-5.89741
571443435,46.7047,0.209365,-1.52856,0.0139713,-0.0847167,0.0822143,-0.316559,0.0,0.0,-5.89774
571543311,46.6982,0.216814,-1.52731,0.0139713,-0.0709057,0.0581232,-0.315349,0.0,0.0,-5.88066
571643933,46.6948,0.216326,-1.53498,0.0139713,-0.0521334,0.0317073,-0.316416,0.0,0.0,-5.88672
571744062,46.6898,0.214318,-1.53918,0.0139713,-0.0452022,0.018904,-0.312543,0.0,0.0,-5.91448
571844104,46.6926,0.210184,-1.5399,0.0139713,-0.0387082,0.0152662,-0.315928,0.0,0.0,-5.95258
571954713,46.6851,0.209313,-1.54057,0.0139713,-0.0200889,0.0108492,-0.310083,0.0,0.0,-5.93217
572054832,46.6888,0.210641,-1.54068,0.0139713,-0.00262935,0.00228669,-0.314259,0.0,0.0,-5.90048
572154878,46.6913,0.21212,-1.53996,0.0139713,0.0,0.0,-0.31425,0.0,0.0,-5.87811
572255268,46.6925,0.20838,-1.53978,0.0139713,0.0,0.0,-0.309847,0.0,0.0,-5.87967
572354962,46.6995,0.199893,-1.5497,0.0139713,0.0,0.0,-0.315673,0.0,0.0,-5.86551
572455273,46.7058,0.200995,-1.55188,0.0139713,0.00417339,0.00870397,-0.3077,0.0,0.0,-5.85961
572555571,46.713,0.197105,-1.55134,0.0139713,0.00580353,0.00930599,-0.304847,0.0,0.0,-5.88442
572665626,46.7205,0.189421,-1.55241,0.0139713,0.00915459,0.0127665,-0.30755,0.0,0.0,-5.89505
572765759,46.7235,0.178353,-1.55351,0.0139713,0.00701469,0.00942229,-0.309833,0.0,0.0,-5.89476
572865717,46.7295,0.171681,-1.55416,0.0139713,0.00875238,0.0125551,-0.313,0.0,0.0,-5.89938
572966128,46.7331,0.161909,-1.55433,0.0139713,0.00506213,0.0087986,-0.311478,0.0,0.0,-5.93521
573066236,46.738,0.149503,-1.55303,0.0139713,0.00252892,0.00592193,-0.313303,0.0,0.0,-5.96216
573165964,46.741,0.140871,-1.55323,0.0139713,0.00353815,0.0139044,-0.311938,0.0,0.0,-5.96085
573266153,46.7449,0.137257,-1.5543,0.0139713,0.00345275,0.028197,-0.308131,0.0,0.0,-5.97179
573377015,46.749,0.136948,-1.5541,0.0139713,0.00397328,0.0391355,-0.306633,0.0,0.0,-5.97814
573477626,46.7531,0.134908,-1.55397,0.0139713,0.0100713,0.0564239,-0.312595,0.0,0.0,-5.95403
573577739,46.7579,0.13224,-1.55498,0.0139713,0.0269077,0.0845251,-0.303265,0.0,0.0,-5.88897
573677311,46.7667,0.143187,-1.5547,0.0139713,0.0539469,0.119724,-0.317639,0.0,0.0,-5.90883
573778047,46.775,0.152159,-1.56169,0.0139713,0.0743424,0.133374,-0.313757,0.0,0.0,-5.8694
573878088,46.7876,0.166608,-1.56504,0.0139713,0.0926434,0.153242,-0.306654,0.0,0.0,-5.89071
573978113,46.7991,0.182333,-1.56587,0.0139713,0.0945792,0.155227,-0.305796,0.0,0.0,-5.97295
574078540,46.811,0.196551,-1.56541,0.0139713,0.0831166,0.146644,-0.304224,0.0,0.0,-5.98781
574188055,46.8224,0.205741,-1.56468,0.0139713,0.076687,0.147201,-0.305916,0.0,0.0,-5.96401
574288307,46.8333,0.216993,-1.56522,0.0139713,0.0651926,0.134283,-0.30187,0.0,0.0,-5.92384
574388460,46.8445,0.229624,-1.5743,0.0139713,0.0559825,0.122148,-0.306477,0.0,0.0,-5.93942
574488587,46.8548,0.244417,-1.57508,0.0139713,0.0447988,0.104139,-0.305942,0.0,0.0,-5.98073
574588493,46.8641,0.257463,-1.57385,0.0139713,0.0319398,0.0785381,-0.311328,0.0,0.0,-5.98665
574688677,46.8719,0.26825,-1.58218,0.0139713,0.0138496,0.0416137,-0.315078,0.0,0.0,-5.97257
574789076,46.8771,0.274263,-1.58607,0.0139713,0.00447287,0.0227685,-0.310849,0.0,0.0,-5.98312
574889130,46.8804,0.278823,-1.58651,0.0139713,4.40996e-05,0.0175691,-0.308296,0.0,0.0,-6.00108
574999244,46.8827,0.283387,-1.58573,0.0139713,-0.00128352,0.00540384,-0.31144,0.0,0.0,-6.03711
575099643,46.8834,0.289765,-1.5938,0.0139713,-0.00262528,0.00554742,-0.314962,0.0,0.0,-6.07502
575199395,46.8834,0.294205,-1.59386,0.0139713,-0.00774114,0.0105408,-0.306248,0.0,0.0,-6.05648
575299654,46.8806,0.297385,-1.59406,0.0139713,-0.0163699,0.0161454,-0.312146,0.0,0.0,-6.05607
575399739,46.8791,0.297509,-1.59443,0.0139713,-0.00171833,-0.00488982,-0.315745,0.119563,-0.0837564,-6.08386
575499604,46.8791,0.297509,-1.59264,0.0139713,0.00257149,-0.00841882,-0.312905,0.141508,-0.0874295,-6.10581
575599747,46.8791,0.297509,-1.60092,0.0139713,0.00506687,-0.013991,-0.316763,0.153172,-0.0862543,-6.08325
575710819,46.8791,0.297509,-1.60388,0.0139713,0.0064127,-0.0200981,-0.31518,0.157842,-0.0795254,-6.04397
575810680,46.8791,0.297509,-1.60546,0.0139713,0.00518703,-0.0184114,-0.313175,0.155792,-0.0593574,-6.03147
575910860,46.8791,0.297509,-1.60507,0.0139713,0.00428181,-0.0218571,-0.313152,0.154999,-0.0487072,-6.05866
576011191,46.8791,0.297509,-1.60468,0.0139713,0.00483456,-0.0277644,-0.310984,0.14717,-0.0706572,-6.05634
576111091,46.8791,0.297509,-1.61311,0.0139713,0.00108547,-0.0217701,-0.247086,0.125531,-0.0707427,-5.91431
576220925,46.8791,0.297509,-1.61509,0.0139713,0.00107746,-0.0130379,-0.123002,0.114035,-0.0754881,-5.70199
576321130,46.8791,0.297509,-1.61371,0.0139713,0.00538731,-0.0197831,-0.130643,0.109154,-0.0851449,-5.81314
576421558,46.8791,0.297509,-1.61019,0.0139713,0.00322838,-0.0188483,-0.132224,0.106257,-0.0701366,-5.89944
576521208,46.8791,0.297509,-1.60993,0.0139713,-0.00104141,-0.0142774,-0.13192,0.0963312,-0.0526666,-5.94
576621699,46.8791,0.297509,-1.60758,0.0139713,0.00114155,-0.0118483,-0.131918,0.0919665,-0.0442474,-5.97815
576721832,46.8791,0.297509,-1.60641,0.0139713,0.00300007,-0.00851001,-0.131918,0.0792215,-0.043319,-5.98932
576821690,46.8791,0.297509,-1.60653,0.0139713,-0.00467033,-0.00204615,-0.128285,0.0559835,-0.0436111,-5.98543
576932237,46.8791,0.297509,-1.6056,0.0139713,0.0711565,-0.0018026,-0.131898,0.144687,-0.0663747,-6.00069
577031874,46.8791,0.297509,-1.60653,0.0139713,0.152883,0.00145363,-0.131921,0.202017,-0.0767666,-6.04537
577132285,46.8791,0.297509,-1.59549,0.0139713,0.158307,-0.00400524,-0.131918,0.179899,-0.100429,-6.07128
577232430,46.8791,0.297509,-1.59396,0.0139713,0.150933,0.00454494,-0.133506,0.147798,-0.0582273,-6.02863
577332444,46.8791,0.297509,-1.5584,0.0139713,0.146475,0.00510214,-0.132067,0.111131,-0.051573,-6.01933
577442876,46.8791,0.297509,-1.55261,0.0139713,0.142601,0.00537526,-0.133132,0.0765771,-0.0533946,-5.98275
577543107,46.8791,0.297509,-1.54586,0.0139713,0.140242,0.011288,-0.131489,0.0611281,-0.0373362,-6.00476
577642845,46.8791,0.297509,-1.51932,0.0139713,0.13848,0.0119195,-0.140839,0.05492,-0.0490669,-6.07627
577743507,46.8791,0.297509,-1.51451,0.0139713,0.137386,0.0150063,-0.149377,0.0453789,-0.0724789,-6.08149
577843835,46.8791,0.297509,-1.50817,0.0139713,0.136553,0.0186658,-0.152722,0.0389885,-0.0766348,-6.04704
577943917,46.8791,0.297509,-1.50653,0.0139713,0.130974,0.0143274,-0.152792,0.0343198,-0.0885117,-6.06269
578043988,46.8791,0.297509,-1.47875,0.0139713,0.135259,0.0201643,-0.150832,0.046552,-0.0938642,-6.08551
578155103,46.8791,0.297509,-1.47588,0.0139713,0.137098,0.0184402,-0.16258,0.0586936,-0.10292,-6.10096
578254909,46.8791,0.297509,-1.46932,0.0139713,0.137603,0.0186867,-0.23889,0.0703631,-0.112456,-6.23344
578355589,46.8791,0.297509,-1.47556,0.0139713,0.133609,0.0112366,-0.327999,0.0757177,-0.122764,-6.37385
578455997,46.8791,0.297509,-1.44116,0.0139713,0.133934,0.0125782,-0.39076,0.0890426,-0.120626,-6.45494
578556119,46.8791,0.297509,-1.44459,0.0139713,0.139237,0.0171101,-0.388091,0.105082,-0.107184,-6.28256
578655716,46.8791,0.297509,-1.43977,0.0139713,0.136701,0.0104709,-0.391082,0.112935,-0.116054,-6.17484
578765777,46.8791,0.297509,-1.44611,0.0139713,0.139165,0.00565204,-0.387904,0.127668,-0.122425,-6.13335
578865586,46.8791,0.297509,-1.44546,0.0139713,0.14279,0.00289295,-0.308758,0.146234,-0.127115,-5.96992
578966007,46.8791,0.297509,-1.45504,0.0139713,0.142161,-0.00539647,-0.26104,0.15893,-0.133797,-5.8545
579066016,46.8791,0.297509,-1.45492,0.0139713,0.142962,-0.0127641,-0.105342,0.163437,-0.143939,-5.61491
579166430,46.8791,0.297509,-1.46271,0.0139713,0.144384,-0.019264,-0.117449,0.168253,-0.13139,-5.74829
579266585,46.8791,0.297509,-1.48714,0.0139713,0.143503,-0.0217618,-0.120573,0.165037,-0.106053,-5.79924
579366075,46.8791,0.297509,-1.48475,0.0139713,0.143463,-0.0214608,-0.126225,0.159962,-0.0881531,-5.85665
579466667,46.8791,0.297509,-1.49223,0.0139713,0.143739,-0.0264533,-0.119579,0.159351,-0.0804799,-5.89457
579566651,46.8791,0.297509,-1.4938,0.0139713,0.142381,-0.024142,-0.127834,0.151518,-0.056143,-5.94842
579677590,46.8791,0.297509,-1.49244,0.0139713,0.141252,-0.0144446,-0.13224,0.141398,-0.0334409,-5.94652
579777054,46.8791,0.297509,-1.49943,0.0139713,0.139858,-0.0145045,-0.136526,0.12523,-0.0180001,-5.94865
579876998,46.8791,0.297509,-1.50084,0.0139713,0.138956,-0.00930803,-0.131892,0.1091,-0.00899168,-5.92572
579978066,46.8791,0.297509,-1.50132,0.0139713,0.137959,-0.00245104,-0.131911,0.102765,-0.0050835,-5.91132
580078117,46.8791,0.297509,-1.50454,0.0139713,0.139914,0.00236183,-0.129112,0.107466,0.00361235,-5.91854
580178464,46.8791,0.297509,-1.51141,0.0139713,0.13987,0.0123104,-0.131097,0.108039,0.0162843,-5.941
580287648,46.8791,0.297509,-1.50063,0.0139713,0.137731,0.0182467,-0.131912,0.10642,0.0239569,-5.98356
580387896,46.8791,0.297509,-1.50503,0.0139713,0.139061,0.0208279,-0.131919,0.104056,0.0210394,-5.98589
580487704,46.8791,0.297509,-1.51028,0.0139713,0.13725,0.0268897,-0.131693,0.0961576,0.0181982,-5.97776
580588065,46.8791,0.297509,-1.51044,0.0139713,0.139429,0.0311774,-0.131878,0.0953968,0.0137769,-5.97053
580688115,46.8791,0.297509,-1.51056,0.0139713,0.140138,0.0347316,-0.136749,0.104247,-0.00664677,-5.98826
580788534,46.8791,0.297509,-1.51126,0.0139713,0.138264,0.0343314,-0.131997,0.105076,-0.0179191,-5.96814
580888338,46.8791,0.297509,-1.5111,0.0139713,0.138464,0.0292824,-0.133354,0.116936,-0.034519,-5.97872
580998939,46.8791,0.297509,-1.51197,0.0139713,0.138696,0.0234924,-0.133167,0.121679,-0.0473901,-5.9713
581099220,46.8791,0.297509,-1.50633,0.0139713,0.140627,0.01419,-0.143857,0.122453,-0.0765002,-6.01034
581198753,46.8791,0.297509,-1.50089,0.0139713,0.139453,0.00647866,-0.140365,0.11788,-0.0987876,-6.03455
581299227,46.8791,0.297509,-1.50136,0.0139713,0.140615,-0.00123173,-0.152057,0.119923,-0.105599,-6.0808
581409067,46.8791,0.297509,-1.49979,0.0139713,0.140118,-0.0138708,-0.150572,0.112423,-0.0997278,-6.07403
581509481,46.8791,0.297509,-1.49903,0.0139713,0.138592,-0.022031,-0.143652,0.0977031,-0.110306,-6.04823
581610294,46.8791,0.297509,-1.49919,0.0139713,0.137815,-0.0257122,-0.138749,0.090234,-0.11439,-6.04215
581709716,46.8791,0.297509,-1.49413,0.0139713,0.138408,-0.0379285,-0.153901,0.0840284,-0.115357,-6.04848
581810649,46.8791,0.297509,-1.49003,0.0139713,0.131346,-0.0438973,-0.139073,0.0829776,-0.0943768,-6.01645
581910408,46.8791,0.297509,-1.49361,0.0139713,0.145001,-0.0455699,-0.145769,0.10663,-0.0979896,-6.05403
582010739,46.8791,0.297509,-1.49661,0.0139713,0.13544,-0.0501575,-0.153295,0.0996414,-0.108756,-6.07379
582110430,46.8791,0.297509,-1.48607,0.0139713,0.136741,-0.0683417,-0.152808,0.0979993,-0.134397,-6.03972
582220690,46.8791,0.297509,-1.48192,0.0139713,0.133866,-0.0667051,-0.140244,0.0843199,-0.140437,-5.98064
582320806,46.8791,0.297509,-1.48141,0.0139713,0.130453,-0.0676507,-0.147604,0.0724587,-0.145899,-6.01263
582420965,46.8791,0.297509,-1.475,0.0139713,0.129299,-0.0769912,-0.146843,0.0681309,-0.146061,-6.02312
582521203,46.8791,0.297509,-1.47127,0.0139713,0.131819,-0.079484,-0.14196,0.0616586,-0.138226,-6.01232
582621159,46.8791,0.297509,-1.47043,0.0139713,0.130569,-0.0837494,-0.141558,0.0607154,-0.124342,-6.01924
582721176,46.8791,0.297509,-1.47022,0.0139713,0.130477,-0.0891441,-0.14294,0.0583707,-0.135537,-6.04009
582821213,46.8791,0.297509,-1.46464,0.0139713,0.129792,-0.0887678,-0.144723,0.0518359,-0.127529,-6.03804
582921582,46.8791,0.297509,-1.46102,0.0139713,0.131675,-0.0963473,-0.145405,0.052452,-0.140069,-6.05464
583031541,46.8791,0.297509,-1.45981,0.0139713,0.128735,-0.0999324,-0.151865,0.0473552,-0.13198,-6.07152
583131851,46.8791,0.297509,-1.45959,0.0139713,0.128542,-0.10293,-0.152771,0.0470048,-0.131221,-6.07856
583231740,46.8791,0.297509,-1.45255,0.0139713,0.129832,-0.102417,-0.151354,0.0541415,-0.130027,-6.08019
583332399,46.8791,0.297509,-1.45085,0.0139713,0.140675,-0.101924,-0.153191,0.0685926,-0.140032,-6.06756
583432301,46.8791,0.297509,-1.45133,0.0139713,0.140499,-0.105954,-0.14871,0.0775659,-0.146339,-6.06241
583532313,46.8791,0.297509,-1.44989,0.0139713,0.145774,-0.100398,-0.150297,0.103343,-0.124265,-6.09076
583633234,46.8791,0.297509,-1.44927,0.0139713,0.1473,-0.0953225,-0.151321,0.109191,-0.128952,-6.10352
583743195,46.8791,0.297509,-1.44213,0.0139713,0.147776,-0.0893328,-0.150965,0.12294,-0.112542,-6.09804
583842867,46.8791,0.297509,-1.44045,0.0139713,0.146783,-0.0856095,-0.148931,0.115301,-0.110231,-6.08299
583943482,46.8791,0.297509,-1.4399,0.0139713,0.142109,-0.0720794,-0.140784,0.107317,-0.0967194,-6.07834
584044017,46.8791,0.297509,-1.44061,0.0139713,0.1444,-0.0702391,-0.144407,0.104623,-0.119868,-6.07253
584144007,46.8791,0.297509,-1.44033,0.0139713,0.143907,-0.0647542,-0.152913,0.095645,-0.111139,-6.12113
584255294,46.8791,0.297509,-1.43239,0.0139713,0.137274,-0.05308,-0.151354,0.0820614,-0.0953138,-6.13755
584354924,46.8791,0.297509,-1.43019,0.0139713,0.146595,-0.0475395,-0.151716,0.0817257,-0.110517,-6.14243
584454274,46.8791,0.297509,-1.43,0.0139713,0.139521,-0.0433741,-0.142473,0.0478449,-0.134357,-6.10883
584554051,46.8791,0.297509,-1.4234,0.0139713,0.13268,-0.0442042,-0.14524,0.0219722,-0.155036,-6.08515
584655079,46.8791,0.297509,-1.42137,0.0139713,0.130092,-0.0426884,-0.142634,0.00417907,-0.163891,-6.04817
584764882,46.8791,0.297509,-1.42233,0.0139713,0.129003,-0.0388865,-0.141899,-0.00908455,-0.172435,-6.02968
584865256,46.8791,0.297509,-1.41477,0.0139713,0.126343,-0.0395644,-0.141523,-0.00993536,-0.182282,-6.03257
584965628,46.8791,0.297509,-1.41362,0.0139713,0.125991,-0.044472,-0.14301,-0.000139454,-0.192043,-6.05183
585065608,46.8791,0.297509,-1.41217,0.0139713,0.129279,-0.0488066,-0.13876,0.0133196,-0.202141,-6.04944
585166075,46.8791,0.297509,-1.41284,0.0139713,0.125506,-0.0534703,-0.141342,0.0193497,-0.210633,-6.05471
585266075,46.8791,0.297509,-1.41361,0.0139713,0.126668,-0.0582179,-0.142998,0.0238524,-0.220999,-6.05879
585365735,46.8791,0.297509,-1.41333,0.0139713,0.133373,-0.0633257,-0.144583,0.0351798,-0.235302,-6.05957
585466414,46.8791,0.297509,-1.41345,0.0139713,0.132179,-0.0716606,-0.142625,0.0327563,-0.260808,-6.05918
585576938,46.8791,0.297509,-1.40547,0.0139713,0.133858,-0.0777373,-0.140992,0.0405305,-0.275426,-6.06225
585676959,46.8791,0.297509,-1.40287,0.0139713,0.135692,-0.0835455,-0.138926,0.0585572,-0.248119,-6.06869
585776829,46.8791,0.297509,-1.40037,0.0139713,0.132776,-0.0905414,-0.142733,0.0555443,-0.233716,-6.08764
585877210,46.8791,0.297509,-1.40145,0.0139713,0.133457,-0.0939365,-0.141371,0.0643418,-0.196647,-6.05942
585977281,46.8791,0.297509,-1.39286,0.0139713,0.137342,-0.098791,-0.143999,0.0648413,-0.205628,-6.08318
586077416,46.8791,0.297509,-1.39029,0.0139713,0.137715,-0.102722,-0.139778,0.0680759,-0.226045,-6.103
586177722,46.8791,0.297509,-1.39189,0.0139713,0.137935,-0.108312,-0.138685,0.0721944,-0.219656,-6.10844
586287539,46.8791,0.297509,-1.39359,0.0139713,0.137971,-0.110423,-0.142509,0.067769,-0.220007,-6.09919
586388068,46.8791,0.297509,-1.38372,0.0139713,0.136085,-0.113294,-0.145408,0.0557952,-0.225262,-6.07703
586488234,46.8791,0.297509,-1.38225,0.0139713,0.13872,-0.115976,-0.169747,0.0588443,-0.189309,-6.11472
586588153,46.8791,0.297509,-1.38324,0.0139713,0.13874,-0.119231,-0.299482,0.0467779,-0.187577,-6.33803
586688544,46.8791,0.297509,-1.38398,0.0139713,0.137999,-0.118344,-0.28686,0.0420003,-0.178121,-6.22116
586788837,46.8791,0.297509,-1.3781,0.0139713,0.134879,-0.118199,-0.28511,0.0409889,-0.180295,-6.15563
586888923,46.8791,0.297509,-1.38147,0.0139713,0.137559,-0.118026,-0.281435,0.0416498,-0.201925,-6.1404
586989219,46.8791,0.297509,-1.38084,0.0139713,0.13695,-0.116391,-0.285438,0.0588538,-0.195101,-6.16511
587100166,46.8791,0.297509,-1.38194,0.0139713,0.141304,-0.116688,-0.215811,0.0728502,-0.196108,-6.02675
587200025,46.8791,0.297509,-1.38089,0.0139713,0.143318,-0.107331,-0.183075,0.0874934,-0.183536,-5.98377
587300123,46.8791,0.297509,-1.41673,0.0139713,0.145109,-0.11442,-0.170173,0.0963404,-0.165286,-5.97939
587400540,46.8791,0.297509,-1.41903,0.0139713,0.139786,-0.109501,-0.165163,0.0927762,-0.143083,-5.99463
587500354,46.8791,0.297509,-1.41672,0.0139713,0.139425,-0.099331,-0.164234,0.099595,-0.134603,-6.03025
587611344,46.8791,0.297509,-1.41837,0.0139713,0.138247,-0.0906628,-0.159397,0.103955,-0.116508,-6.02978
587710923,46.8791,0.297509,-1.41773,0.0139713,0.140286,-0.0742559,-0.159778,0.115517,-0.0957901,-6.04792
587811375,46.8791,0.297509,-1.41726,0.0139713,0.139942,-0.0718121,-0.169051,0.11587,-0.11333,-6.08812
587911552,46.8791,0.297509,-1.42604,0.0139713,0.140867,-0.0628332,-0.159438,0.114781,-0.0883498,-6.05666
588011577,46.8791,0.297509,-1.42782,0.0139713,0.140815,-0.0551158,-0.163177,0.111737,-0.0581068,-6.04003
588121492,46.8791,0.297509,-1.42631,0.0139713,0.14031,-0.0429818,-0.163655,0.109162,-0.0535583,-6.02831
588221666,46.8791,0.297509,-1.43011,0.0139713,0.140386,-0.0393002,-0.166232,0.115233,-0.0718111,-6.06526
588321466,46.8791,0.297509,-1.43673,0.0139713,0.14011,-0.0277564,-0.162415,0.119484,-0.0801556,-6.06311
588421398,46.8791,0.297509,-1.4368,0.0139713,0.141664,-0.0235443,-0.162443,0.127873,-0.0828408,-6.05657
588522065,46.8791,0.297509,-1.44079,0.0139713,0.142401,-0.0156894,-0.161451,0.135508,-0.0750742,-6.05298
588622041,46.8791,0.297509,-1.44599,0.0139713,0.140226,-0.0124038,-0.162672,0.13493,-0.0877113,-6.06344
588722312,46.8791,0.297509,-1.44643,0.0139713,0.143755,-0.0115584,-0.167236,0.140385,-0.0992688,-6.05983
588832219,46.8791,0.297509,-1.449,0.0139713,0.144412,-0.0130887,-0.165343,0.142979,-0.121248,-6.06831
588933025,46.8791,0.297509,-1.4548,0.0139713,0.143843,-0.0106908,-0.167641,0.137515,-0.117526,-6.08134
589032427,46.8791,0.297509,-1.45642,0.0139713,0.14329,-0.0149271,-0.163068,0.125226,-0.133452,-6.05328
589132982,46.8791,0.297509,-1.45639,0.0139713,0.145305,-0.0182916,-0.159428,0.117274,-0.149442,-6.02093
589233214,46.8791,0.297509,-1.45929,0.0139713,0.144236,-0.0239148,-0.159371,0.108052,-0.161848,-6.02325
589333090,46.8791,0.297509,-1.46587,0.0139713,0.144736,-0.0331298,-0.15976,0.102265,-0.189641,-6.04651
589433368,46.8791,0.297509,-1.46841,0.0139713,0.144376,-0.0383226,-0.163396,0.0990023,-0.208643,-6.09158
589533828,46.8791,0.297509,-1.47652,0.0139713,0.139918,-0.0430348,-0.159783,0.0873261,-0.217967,-6.09369
589643353,46.8791,0.297509,-1.47383,0.0139713,0.138215,-0.0503431,-0.165196,0.0734283,-0.227148,-6.07428
589743381,46.8791,0.297509,-1.47461,0.0139713,0.142669,-0.0593295,-0.159806,0.0711848,-0.228597,-6.0095
589843998,46.8791,0.297509,-1.477,0.0139713,0.13731,-0.0712544,-0.159759,0.0558616,-0.241688,-5.99452
589944005,46.8791,0.297509,-1.47929,0.0139713,0.140442,-0.0781894,-0.16224,0.0645965,-0.253851,-6.00518
590044349,46.8791,0.297509,-1.48718,0.0139713,0.138051,-0.0839183,-0.16327,0.0690569,-0.265005,-6.02934
590144371,46.8791,0.297509,-1.48623,0.0139713,0.142549,-0.096158,-0.160818,0.0859153,-0.274943,-6.0345
590244227,46.8791,0.297509,-1.48834,0.0139713,0.143046,-0.102146,-0.168412,0.0903801,-0.275324,-6.05677
590355587,46.8791,0.297509,-1.49431,0.0139713,0.142842,-0.109597,-0.168499,0.0888833,-0.276017,-6.05527
590456324,46.8791,0.297509,-1.49543,0.0139713,0.13727,-0.114428,-0.162526,0.0751932,-0.275997,-6.03672
590555866,46.8791,0.297509,-1.49904,0.0139713,0.129468,-0.119447,-0.162903,0.0624007,-0.276837,-6.01447
590656080,46.8791,0.297509,-1.5041,0.0139713,0.128526,-0.122458,-0.166495,0.0607882,-0.270675,-6.01446
590755936,46.8791,0.297509,-1.5094,0.0139713,0.140014,-0.122509,-0.159774,0.0778469,-0.258308,-6.009
590865948,46.8791,0.297509,-1.51288,0.0139713,0.142421,-0.123029,-0.167017,0.0941697,-0.243572,-6.06207
590965825,46.8791,0.297509,-1.52006,0.0139713,0.143499,-0.120519,-0.160895,0.0878375,-0.234872,-6.03056
591066267,46.8791,0.297509,-1.54564,0.0139713,0.143571,-0.11352,-0.160785,0.0841033,-0.226674,-5.99415
591166372,46.8791,0.297509,-1.56336,0.0139713,0.137478,-0.105027,-0.147865,0.0740627,-0.200579,-5.95767
591266079,46.8791,0.297509,-1.56549,0.0139713,0.139994,-0.0929279,-0.139599,0.0701863,-0.197131,-5.94647
591377198,46.8791,0.297509,-1.56532,0.0139713,0.134655,-0.090023,-0.122326,0.06912,-0.195105,-5.94535
591476650,46.8791,0.297509,-1.56552,0.0139713,0.1386,-0.0865336,-0.0960789,0.0789202,-0.200559,-5.9151
591576755,46.8791,0.297509,-1.56463,0.0139713,0.13564,-0.0785141,-0.0243737,0.0843196,-0.210917,-5.82567
591677758,46.8791,0.297509,-1.56996,0.0139713,0.134791,-0.0752972,-0.0275524,0.0908739,-0.20964,-5.8789
591777130,46.8791,0.297509,-1.57193,0.0139713,0.13262,-0.0700342,-0.0275036,0.100618,-0.20635,-5.93489
591887167,46.8791,0.297509,-1.57128,0.0139713,0.133954,-0.0683219,-0.0388374,0.0998823,-0.202268,-5.97679
591987657,46.8791,0.297509,-1.57003,0.0139713,0.135267,-0.0644744,-0.0413303,0.0959891,-0.214025,-5.99595
592087881,46.8791,0.297509,-1.57008,0.0139713,0.134787,-0.0664043,-0.042622,0.0941333,-0.207402,-5.99402
592187707,46.8791,0.297509,-1.56958,0.0139713,0.13439,-0.0692928,-0.0450694,0.0820844,-0.220965,-5.98593
592287770,46.8791,0.297509,-1.56976,0.0139713,0.131574,-0.0717002,-0.0499807,0.0745199,-0.233491,-5.99311
592387715,46.8791,0.297509,-1.57016,0.0139713,0.133088,-0.0728925,-0.0536171,0.0750789,-0.23943,-5.99474
592488199,46.8791,0.297509,-1.56228,0.0139713,0.130725,-0.0787771,-0.0532667,0.0771104,-0.232184,-6.0006
592588852,46.8791,0.297509,-1.5601,0.0139713,0.133345,-0.0827153,-0.0477996,0.0843202,-0.223232,-5.98896
592698801,46.8791,0.297509,-1.55996,0.0139713,0.128707,-0.0795115,-0.0528308,0.0822411,-0.216967,-6.00354
592798646,46.8791,0.297509,-1.56001,0.0139713,0.133978,-0.0925731,-0.0481972,0.0970204,-0.229231,-6.00381
592899244,46.8791,0.297509,-1.55938,0.0139713,0.133353,-0.0920745,-0.0494257,0.106069,-0.218722,-6.02493
592999259,46.8791,0.297509,-1.55824,0.0139713,0.135263,-0.0951444,-0.0494426,0.110057,-0.205607,-6.05277
593099339,46.8791,0.297509,-1.54965,0.0139713,0.134322,-0.0961922,-0.049629,0.114162,-0.199302,-6.05823
593199677,46.8791,0.297509,-1.54839,0.0139713,0.134434,-0.0983139,-0.0518429,0.115352,-0.210091,-6.0595
593299979,46.8791,0.297509,-1.54802,0.0139713,0.136028,-0.0995144,-0.0530832,0.121958,-0.211532,-6.08068
593410493,46.8791,0.297509,-1.54777,0.0139713,0.136794,-0.094423,-0.0516178,0.127044,-0.210549,-6.10538
593510431,46.8791,0.297509,-1.54011,0.0139713,0.138304,-0.0882848,-0.0550914,0.13285,-0.207945,-6.09423
593610873,46.8791,0.297509,-1.53805,0.0139713,0.136693,-0.0917584,-0.0594381,0.128728,-0.226113,-6.09253
593710580,46.8791,0.297509,-1.53769,0.0139713,0.137342,-0.0822557,-0.0578485,0.136653,-0.214327,-6.07447
593811352,46.8791,0.297509,-1.53825,0.0139713,0.122426,-0.0783165,-0.0587931,0.129588,-0.208146,-6.07779
593921326,46.8791,0.297509,-1.53021,0.0139713,0.114495,-0.0796713,-0.0587569,0.130401,-0.190793,-6.0585
594021520,46.8791,0.297509,-1.52953,0.0139713,0.12716,-0.0622254,-0.0609738,0.148037,-0.182563,-6.06015
594121488,46.8791,0.297509,-1.52902,0.0139713,0.120463,-0.0559108,-0.051532,0.146545,-0.175842,-6.0699
594222022,46.8791,0.297509,-1.52867,0.0139713,0.0770765,-0.0485016,-0.0480049,0.0998843,-0.167186,-6.08325
594322010,46.8791,0.297509,-1.52762,0.0139713,0.0261795,-0.0391171,-0.0483916,0.0409643,-0.148622,-6.02522
594422477,46.8791,0.297509,-1.52849,0.0139713,-0.00728989,-0.0250324,-0.0538153,0.015582,-0.111249,-6.00894
594522588,46.8791,0.297509,-1.53012,0.0139713,-0.0116718,-0.0142967,-0.0530588,0.0363083,-0.094392,-6.05319
594622561,46.8791,0.297509,-1.52988,0.0139713,-0.00960903,0.000944187,-0.0556826,0.0660767,-0.0724843,-6.10799
594732978,46.8791,0.297509,-1.52843,0.0139713,-0.00710964,0.0177104,-0.0482481,0.0927581,-0.0546486,-6.11731
594832473,46.8791,0.297509,-1.52928,0.0139713,-0.00588798,0.0341346,-0.0516207,0.0985188,-0.0339626,-6.10099
594932695,46.8791,0.297509,-1.53096,0.0139713,-0.00513897,0.053126,-0.0484711,0.0978288,-0.0257991,-6.05578
595033080,46.8791,0.297509,-1.53065,0.0139713,-0.00531521,0.0626586,-0.0482275,0.0952683,-0.0266909,-6.05026
595133137,46.8791,0.297509,-1.52239,0.0139713,-0.00514698,0.0802648,-0.051842,0.0924427,-0.0303005,-6.07343
595233068,46.8791,0.297509,-1.52006,0.0139713,-0.00478249,0.0935079,-0.0522426,0.0944379,-0.0406752,-6.08623
595333586,46.8791,0.297509,-1.52864,0.0139713,-0.00497875,0.112349,-0.0528649,0.0963541,-0.0367449,-6.06201
595443369,46.8791,0.297509,-1.52306,0.0139713,-0.0048666,0.121853,-0.0484606,0.105393,-0.03528,-6.04243
595543767,46.8791,0.297509,-1.52138,0.0139713,-0.00396938,0.129176,-0.0518244,0.116563,-0.02961,-6.05542
595644194,46.8791,0.297509,-1.52103,0.0139713,-0.00424976,0.131224,-0.0483886,0.121911,-0.0294729,-6.04652
595744287,46.8791,0.297509,-1.52196,0.0139713,-0.00241928,0.134851,-0.0507936,0.129185,-0.0346473,-6.06415
595844126,46.8791,0.297509,-1.5208,0.0139713,-0.00199871,0.130311,-0.0404076,0.130252,-0.0546397,-6.04351
595944398,46.8791,0.297509,-1.52152,0.0139713,-0.00112953,0.126971,-0.0434433,0.130645,-0.0777413,-6.01005
596044555,46.8791,0.297509,-1.53098,0.0139713,-0.00107746,0.128904,-0.0475833,0.134586,-0.0871227,-6.00875
596144785,46.8791,0.297509,-1.53238,0.0139713,-0.00299206,0.113504,-0.0348253,0.136577,-0.112912,-5.9787
596256243,46.8791,0.297509,-1.53259,0.0139713,-0.00056076,0.0979773,-0.0403672,0.150569,-0.140812,-6.00366
596355687,46.8791,0.297509,-1.53161,0.0139713,-0.00239925,0.0853828,-0.0376392,0.158977,-0.153743,-6.02413
596456344,46.8791,0.297509,-1.53113,0.0139713,3.20435e-05,0.0590761,-0.0397546,0.166684,-0.183716,-6.0378
596556420,46.8791,0.297509,-1.53032,0.0139713,0.00380115,0.0450111,-0.0418112,0.173331,-0.182986,-6.03584
596656515,46.8791,0.297509,-1.53226,0.0139713,0.00438194,0.0380754,-0.0433924,0.172942,-0.180878,-6.01644
596766300,46.8791,0.297509,-1.53076,0.0139713,-0.000672913,0.0179011,-0.0416152,0.174573,-0.189427,-6.03681
596866512,46.8791,0.297509,-1.53032,0.0139713,-0.000741005,0.00394413,-0.0355999,0.178463,-0.19087,-6.0784
596966555,46.8791,0.297509,-1.53097,0.0139713,-0.000512695,-0.00812242,-0.0450088,0.179771,-0.202302,-6.12189
597066677,46.8791,0.297509,-1.52775,0.0139713,0.000312424,-0.0144912,-0.0414313,0.176967,-0.198831,-6.10709
597166734,46.8791,0.297509,-1.52726,0.0139713,-0.000356483,-0.0338492,-0.0399785,0.167544,-0.210955,-6.06083
597267228,46.8791,0.297509,-1.5271,0.0139713,-0.00152607,-0.0440167,-0.0382009,0.155205,-0.203357,-6.04106
597367130,46.8791,0.297509,-1.52906,0.0139713,-0.00214291,-0.0486051,-0.0464566,0.155061,-0.184013,-6.05459
597478234,46.8791,0.297509,-1.52841,0.0139713,-0.00234318,-0.0611643,-0.0441085,0.164067,-0.167552,-6.07214
597578421,46.8791,0.297509,-1.52717,0.0139713,-0.00116558,-0.065107,-0.0489676,0.17179,-0.145076,-6.12183
597677780,46.8791,0.297509,-1.52769,0.0139713,-0.0023592,-0.0697784,-0.0433183,0.171779,-0.13619,-6.11225
597778287,46.8791,0.297509,-1.52763,0.0139713,-0.00292797,-0.0726539,-0.0423826,0.165443,-0.135377,-6.07632
597878257,46.8791,0.297509,-1.53286,0.0139713,-0.000757027,-0.0667086,-0.043466,0.161411,-0.111883,-6.05962
597988054,46.8791,0.297509,-1.52348,0.0139713,8.01086e-06,-0.0574494,-0.0389464,0.156076,-0.0898324,-6.05047
598088274,46.8791,0.297509,-1.51795,0.0139713,-0.00791073,-0.0612572,-0.0511865,0.148624,-0.0768881,-6.07284
598188196,46.8791,0.297509,-1.5202,0.0139713,-0.00284386,-0.0462076,-0.0471554,0.160516,-0.05635,-6.06547
598288849,46.8791,0.297509,-1.51957,0.0139713,-0.000708961,-0.0360781,-0.0528775,0.16243,-0.0517885,-6.0622
598388786,46.8791,0.297509,-1.52223,0.0139713,-0.00171032,-0.0287155,-0.0415689,0.156558,-0.0484773,-5.99936
598498633,46.8791,0.297509,-1.52049,0.0139713,-0.00267162,-0.0208949,-0.0473368,0.149844,-0.0473239,-5.99451
598599185,46.8791,0.297509,-1.51718,0.0139713,-0.00294399,-0.018783,-0.0527988,0.143142,-0.0496266,-6.01292
598699187,46.8791,0.297509,-1.51606,0.0139713,-0.00388527,-0.0127668,-0.044729,0.13617,-0.0375499,-5.97873
598799382,46.8791,0.297509,-1.51699,0.0139713,-0.00408955,-0.00431563,-0.0436259,0.13373,-0.028582,-5.97247
598899773,46.8791,0.297509,-1.5162,0.0139713,-0.00465031,0.000214447,-0.0475875,0.128659,-0.015782,-5.98906
598999881,46.8791,0.297509,-1.5226,0.0139713,-0.00459423,0.0102983,-0.0489836,0.127003,-0.00569758,-5.99512
599099655,46.8791,0.297509,-1.52187,0.0139713,-0.00494671,0.0123031,-0.0428429,0.123789,-0.00569423,-5.9901
599200012,46.8791,0.297509,-1.52529,0.0139713,-0.00554352,0.0157422,-0.0476565,0.115204,-0.00335004,-5.99846
599310612,46.8791,0.297509,-1.52421,0.0139713,-0.00577984,0.0219383,-0.0467473,0.110545,-0.00722526,-6.03
599411280,46.8791,0.297509,-1.52044,0.0139713,-0.00647678,0.0235493,-0.0515917,0.100581,-0.0216343,-6.03833
599511377,46.8791,0.297509,-1.52007,0.0139713,-0.00753822,0.0295295,-0.0489869,0.0900081,-0.0193147,-6.02113
599611176,46.8791,0.297509,-1.52648,0.0139713,-0.00718575,0.0192307,-0.0470259,0.0811477,-0.0377563,-5.9886
599711317,46.8791,0.297509,-1.53182,0.0139713,-0.00795879,0.0250382,-0.0389632,0.0764485,-0.0228786,-5.97492
599810838,46.8791,0.297509,-1.53327,0.0139713,-0.0116198,0.0346067,-0.0458852,0.0695537,-0.0146752,-6.00021
599911326,46.8791,0.297509,-1.53168,0.0139713,-0.00968113,0.0341196,-0.0466602,0.070819,-0.0172335,-6.0231
600021107,46.8791,0.297509,-1.53142,0.0139713,-0.00897217,0.0292366,-0.0409045,0.0695132,-0.0280491,-6.03374
600121596,46.8791,0.297509,-1.53117,0.0139713,-0.00933666,0.0333463,-0.0482018,0.0634638,-0.0244148,-6.03202
600221895,46.8791,0.297509,-1.53618,0.0139713,-0.00954494,0.0253277,-0.0495911,0.0535428,-0.03794,-6.00297
600321751,46.8791,0.297509,-1.54109,0.0139713,-0.0089962,0.0249261,-0.0469337,0.0559613,-0.0433207,-5.99742
600422001,46.8791,0.297509,-1.54191,0.0139713,-0.00913639,0.0210513,-0.0453172,0.0662356,-0.0581826,-6.01334
600522293,46.8791,0.297509,-1.54174,0.0139713,-0.00924854,0.0155797,-0.0445776,0.074289,-0.0547865,-6.03146
600622654,46.8791,0.297509,-1.5411,0.0139713,-0.00900021,0.013176,-0.0510544,0.0786754,-0.0543661,-6.04313
600722752,46.8791,0.297509,-1.5417,0.0139713,-0.00832729,0.0017009,-0.0498717,0.0806477,-0.0589275,-6.03276
600832901,46.8791,0.297509,-1.54061,0.0139713,-0.00749416,-0.00333399,-0.0441265,0.0858524,-0.0610298,-6.01532
600932875,46.8791,0.297509,-1.54165,0.0139713,-0.00801487,-0.00686309,-0.047492,0.0895035,-0.0805052,-6.02308
601032889,46.8791,0.297509,-1.54786,0.0139713,-0.00771847,-0.0186821,-0.0461457,0.0941691,-0.0885785,-6.03389
601133206,46.8791,0.297509,-1.5509,0.0139713,-0.00770245,-0.0186495,-0.0513843,0.100926,-0.112123,-6.04621
601233253,46.8791,0.297509,-1.55136,0.0139713,-0.0061964,-0.0265906,-0.0467103,0.10454,-0.114337,-6.0303
601333506,46.8791,0.297509,-1.55186,0.0139713,-0.00564766,-0.0256159,-0.04371,0.112151,-0.121068,-6.03809
601433909,46.8791,0.297509,-1.55214,0.0139713,-0.00559959,-0.0372104,-0.0392519,0.118768,-0.132865,-6.03138
601544248,46.8791,0.297509,-1.55085,0.0139713,-0.00512295,-0.0403774,-0.0442662,0.122507,-0.143896,-6.05848
601643873,46.8791,0.297509,-1.5508,0.0139713,-0.00502281,-0.0508905,-0.0415924,0.13255,-0.166297,-6.06426
601744472,46.8791,0.297509,-1.55038,0.0139713,-0.00373306,-0.0566196,-0.0462319,0.128805,-0.193003,-6.04214
601844664,46.8791,0.297509,-1.55103,0.0139713,-0.00284786,-0.067136,-0.037866,0.124073,-0.203237,-6.00256
601944358,46.8791,0.297509,-1.55133,0.0139713,-0.00329647,-0.0776975,-0.0415672,0.126784,-0.218964,-6.02991
602055419,46.8791,0.297509,-1.55072,0.0139713,-0.00282784,-0.0902779,-0.0359899,0.133935,-0.243677,-6.05597
602155585,46.8791,0.297509,-1.55041,0.0139713,-0.00232315,-0.0942514,-0.0391256,0.141987,-0.249644,-6.07371
602255424,46.8791,0.297509,-1.55026,0.0139713,-0.00310822,-0.108077,-0.0413644,0.144445,-0.278721,-6.07737
602355568,46.8791,0.297509,-1.54899,0.0139713,-0.00283585,-0.119766,-0.04181,0.148794,-0.288575,-6.09762
602455682,46.8791,0.297509,-1.54899,0.0139713,-0.00222702,-0.128545,-0.0399688,0.151966,-0.300756,-6.09256
602556134,46.8791,0.297509,-1.54861,0.0139713,-0.000284386,-0.139884,-0.0393937,0.163772,-0.312482,-6.10021
602656270,46.8791,0.297509,-1.54786,0.0139713,0.000112152,-0.153141,-0.0390247,0.166481,-0.321119,-6.13374
602756487,46.8791,0.297509,-1.54701,0.0139713,-0.00156612,-0.162446,-0.04926,0.161923,-0.339293,-6.17102
602865890,46.8791,0.297509,-1.5461,0.0139713,-0.00102539,-0.177552,-0.0529406,0.151759,-0.348346,-6.13736
602966127,46.8791,0.297509,-1.54606,0.0139713,-0.00377712,-0.190427,-0.038123,0.146576,-0.348326,-6.07165
603066672,46.8791,0.297509,-1.53773,0.0139713,-0.00249939,-0.201411,-0.0359798,0.148052,-0.338508,-6.09415
603166748,46.8791,0.297509,-1.5347,0.0139713,-0.00128975,-0.213445,-0.0430297,0.162911,-0.3182,-6.14495
603267215,46.8791,0.297509,-1.53394,0.0139713,-0.00102539,-0.214405,-0.0503152,0.166271,-0.31237,-6.17314
603366922,46.8791,0.297509,-1.53506,0.0139713,-0.00233517,-0.224181,-0.0419206,0.161043,-0.303222,-6.12609
603467342,46.8791,0.297509,-1.53586,0.0139713,-0.00106945,-0.228791,-0.0454813,0.159605,-0.28357,-6.12202
603577366,46.8791,0.297509,-1.52801,0.0139713,-0.00154209,-0.232473,-0.0433806,0.1604,-0.290427,-6.1108
603677813,46.8791,0.297509,-1.52731,0.0139713,-0.00159817,-0.229092,-0.0406639,0.168833,-0.285686,-6.10995
603777997,46.8791,0.297509,-1.51917,0.0139713,-0.00143795,-0.230542,-0.0380077,0.173436,-0.270439,-6.14588
603877766,46.8791,0.297509,-1.51577,0.0139713,-0.000676918,-0.230979,-0.0355607,0.181243,-0.261927,-6.14107
603978415,46.8791,0.297509,-1.49052,0.0139713,-0.00134182,-0.229887,-0.04582,0.182349,-0.245163,-6.16394
604078149,46.8791,0.297509,-1.48637,0.0139713,-0.00118561,-0.226234,-0.0430642,0.185947,-0.228744,-6.15225
604178147,46.8791,0.297509,-1.48642,0.0139713,-0.000108147,-0.220197,-0.0456429,0.18304,-0.212519,-6.15975
604288779,46.8791,0.297509,-1.48633,0.0139713,-0.000484657,-0.215334,-0.0445414,0.174083,-0.2159,-6.13979
604388715,46.8791,0.297509,-1.48678,0.0139713,-0.00253143,-0.211165,-0.047219,0.168069,-0.220688,-6.1057
604489146,46.8791,0.297509,-1.48899,0.0139713,-0.00144997,-0.201035,-0.0478598,0.167803,-0.212911,-6.0774
604589382,46.8791,0.297509,-1.49046,0.0139713,-0.00256348,-0.197239,-0.0462471,0.17769,-0.21221,-6.10197
604689361,46.8791,0.297509,-1.48044,0.0139713,-0.000684929,-0.18343,-0.0513376,0.186648,-0.199198,-6.15628
604789354,46.8791,0.297509,-1.48017,0.0139713,-0.00496674,-0.189758,-0.0532296,0.195126,-0.213878,-6.10632
604899895,46.8791,0.297509,-1.48043,0.0139713,-0.00032444,-0.173941,-0.0499904,0.215068,-0.182612,-6.08045
604999920,46.8791,0.297509,-1.47985,0.0139713,0.00285988,-0.161503,-0.0470469,0.220824,-0.187078,-6.10499
605099770,46.8791,0.297509,-1.47846,0.0139713,-0.00787067,-0.162496,-0.0450227,0.202408,-0.18389,-6.13559
605200335,46.8791,0.297509,-1.47751,0.0139713,-0.00225105,-0.142652,-0.0391681,0.208761,-0.146184,-6.1091
605300413,46.8791,0.297509,-1.47774,0.0139713,0.00118961,-0.134736,-0.0529301,0.201775,-0.147109,-6.11116
605400672,46.8791,0.297509,-1.47844,0.0139713,0.00105343,-0.124791,-0.0503808,0.199794,-0.140621,-6.10466
605500376,46.8791,0.297509,-1.47894,0.0139713,-0.000308418,-0.104321,-0.0433499,0.20031,-0.105054,-6.12477
605611391,46.8791,0.297509,-1.48033,0.0139713,0.00223904,-0.079049,-0.0396145,0.204827,-0.0766367,-6.10195
605711508,46.8791,0.297509,-1.48002,0.0139713,0.000112152,-0.0693682,-0.0494817,0.208769,-0.0912549,-6.11811
605811228,46.8791,0.297509,-1.47947,0.0139713,0.000276375,-0.0588187,-0.0464945,0.216973,-0.118459,-6.11037
605911709,46.8791,0.297509,-1.48095,0.0139713,0.00156212,-0.0554255,-0.045982,0.224755,-0.154491,-6.11835
606011757,46.8791,0.297509,-1.4802,0.0139713,0.00138988,-0.0388223,-0.0425412,0.230504,-0.15406,-6.11676
606112154,46.8791,0.297509,-1.47977,0.0139713,0.00137386,-0.0306124,-0.0430566,0.229363,-0.177726,-6.09965
606211715,46.8791,0.297509,-1.4811,0.0139713,0.00186253,-0.0237294,-0.0480731,0.234418,-0.178239,-6.08543
606322020,46.8791,0.297509,-1.48123,0.0139713,0.00175037,-0.0156566,-0.0390962,0.219614,-0.190461,-6.03999
606422017,46.8791,0.297509,-1.48215,0.0139713,0.00286388,-0.0124967,-0.0423649,0.224825,-0.189213,-6.04337
606522448,46.8791,0.297509,-1.48144,0.0139713,0.00142994,-0.00901601,-0.0473502,0.232778,-0.175082,-6.05936
606622607,46.8791,0.297509,-1.48007,0.0139713,0.00113354,0.000758184,-0.046237,0.231256,-0.159401,-6.04946
606722629,46.8791,0.297509,-1.48301,0.0139713,0.00323238,0.00715492,-0.0531346,0.244766,-0.168075,-6.06378
606832557,46.8791,0.297509,-1.48074,0.0139713,0.000668907,0.0164355,-0.0433978,0.25053,-0.168136,-6.06153
606932814,46.8791,0.297509,-1.48495,0.0139713,0.00101337,0.0198304,-0.0442237,0.259839,-0.181249,-6.0662
607032833,46.8791,0.297509,-1.49187,0.0139713,0.00324841,0.0242253,-0.0519089,0.265099,-0.180337,-6.07354
607132916,46.8791,0.297509,-1.49209,0.0139713,0.00255947,0.0268214,-0.0455861,0.261108,-0.180686,-6.04771
607233135,46.8791,0.297509,-1.49203,0.0139713,-0.207153,0.0394762,-0.0355073,-0.0151229,-0.17305,-6.0122
607343388,46.8791,0.297509,-1.5024,0.0139713,-0.206043,0.0354417,-0.0427995,0.0582096,-0.190999,-5.96141
607443721,46.8791,0.297509,-1.50426,0.0139713,-0.154942,0.0392647,-0.0508537,0.12068,-0.187414,-6.06587
607544131,46.8791,0.297509,-1.50489,0.0139713,-0.150829,0.0444158,-0.0524719,0.149619,-0.182913,-6.16464
607643903,46.8791,0.297509,-1.50005,0.0139713,-0.149731,0.0392473,-0.0369416,0.172112,-0.191663,-6.12705
607744317,46.8791,0.297509,-1.50901,0.0139713,-0.147692,0.0420048,-0.048981,0.175666,-0.190101,-6.10021
607844235,46.8791,0.297509,-1.51012,0.0139713,-0.146731,0.0447708,-0.0438392,0.168342,-0.189612,-6.04679
607944019,46.8791,0.297509,-1.51146,0.0139713,-0.144007,0.037538,-0.0482304,0.15876,-0.195476,-6.04241
608054762,46.8791,0.297509,-1.5204,0.0139713,-0.147444,0.0247755,-0.0429245,0.146031,-0.197732,-6.03268
608154531,46.8791,0.297509,-1.52121,0.0139713,-0.142906,0.0183621,-0.0360761,0.14762,-0.188978,-6.04129
608255324,46.8791,0.297509,-1.51922,0.0139713,-0.147296,0.0161596,-0.0531072,0.143574,-0.179759,-6.0982
608355218,46.8791,0.297509,-1.52029,0.0139713,-0.147905,0.0100939,-0.0467966,0.148779,-0.173056,-6.09262
608455882,46.8791,0.297509,-1.52815,0.0139713,-0.145501,0.00735488,-0.0478038,0.160374,-0.172712,-6.1083
608555665,46.8791,0.297509,-1.53041,0.0139713,-0.146651,-3.43278e-05,-0.042335,0.170252,-0.174396,-6.1021
608656146,46.8791,0.297509,-1.52981,0.0139713,-0.140783,-0.00356803,-0.0509585,0.186449,-0.177371,-6.12434
608756372,46.8791,0.297509,-1.53867,0.0139713,-0.140675,-0.0112139,-0.0446651,0.185631,-0.17916,-6.10402
608866144,46.8791,0.297509,-1.53883,0.0139713,-0.146375,-0.0229552,-0.0515437,0.173082,-0.18533,-6.08169
608966136,46.8791,0.297509,-1.53929,0.0139713,-0.147997,-0.0202665,-0.0455642,0.169357,-0.152141,-6.03711
609066111,46.8791,0.297509,-1.5404,0.0139713,-0.150112,-0.0221328,-0.0364237,0.179137,-0.137908,-6.06388
609166538,46.8791,0.297509,-1.53931,0.0139713,-0.144792,-0.0212082,-0.0393646,0.191837,-0.125641,-6.10622
609266730,46.8791,0.297509,-1.54143,0.0139713,-0.149319,-0.0257603,-0.047856,0.189251,-0.127286,-6.11788
609376571,46.8791,0.297509,-1.54932,0.0139713,-0.146046,-0.0290215,-0.0457026,0.192156,-0.127823,-6.08248
609476668,46.8791,0.297509,-1.55059,0.0139713,-0.145497,-0.0204398,-0.0483996,0.188353,-0.124427,-6.08909
609577328,46.8791,0.297509,-1.55032,0.0139713,-0.143519,-0.0175404,-0.0508634,0.193074,-0.14799,-6.09889
609677462,46.8791,0.297509,-1.54937,0.0139713,-0.138656,-0.0209809,-0.0411187,0.200926,-0.147655,-6.0954
609777309,46.8791,0.297509,-1.55049,0.0139713,-0.152895,-0.0306293,-0.0475362,0.184655,-0.1782,-6.10693
609877744,46.8791,0.297509,-1.54954,0.0139713,-0.148373,-0.0353396,-0.0489457,0.205495,-0.181684,-6.09028
609977985,46.8791,0.297509,-1.55073,0.0139713,-0.154101,-0.0374266,-0.041982,0.199825,-0.203245,-6.05961
610088066,46.8791,0.297509,-1.55101,0.0139713,-0.145457,-0.0367443,-0.0460359,0.22795,-0.183774,-6.06875
610188167,46.8791,0.297509,-1.55451,0.0139713,-0.14726,-0.0414818,-0.0451405,0.217209,-0.199608,-6.08146
610288431,46.8791,0.297509,-1.55988,0.0139713,-0.141212,-0.0425524,-0.041441,0.222179,-0.207857,-6.05922
610388478,46.8791,0.297509,-1.56095,0.0139713,-0.155134,-0.0500309,-0.0458019,0.191625,-0.227629,-6.03956
610489004,46.8791,0.297509,-1.5606,0.0139713,-0.147812,-0.0502507,-0.0416282,0.199312,-0.234197,-6.02371
610589063,46.8791,0.297509,-1.56486,0.0139713,-0.13852,-0.0546086,-0.0418079,0.208304,-0.254652,-6.03126
610689593,46.8791,0.297509,-1.5706,0.0139713,-0.144816,-0.0553393,-0.0411805,0.209969,-0.256629,-6.06102
610788870,46.8791,0.297509,-1.57776,0.0139713,-0.146611,-0.0609713,-0.0355839,0.21056,-0.266602,-6.05895
610889677,46.8791,0.297509,-1.59853,0.0139713,-0.147304,-0.0703067,-0.0381933,0.203913,-0.295269,-6.06451
610990157,46.8791,0.297509,-1.60073,0.0139713,-0.1448,-0.0772321,-0.0387769,0.203249,-0.307847,-6.07281
611089273,46.8791,0.297509,-1.60005,0.0139713,-0.149571,-0.0861629,-0.0417578,0.197633,-0.326653,-6.06071
611199402,46.8791,0.297509,-1.59898,0.0139713,-0.149154,-0.0958261,-0.0380145,0.199919,-0.342068,-6.05487
611299553,46.8791,0.297509,-1.59973,0.0139713,-0.145405,-0.111056,-0.0266348,0.216534,-0.345856,-6.04501
611399881,46.8791,0.297509,-1.60329,0.0139713,-0.144252,-0.118717,-0.0308952,0.2298,-0.338814,-6.08532
611500079,46.8791,0.297509,-1.60723,0.0139713,-0.14911,-0.130036,-0.000134408,0.225058,-0.337475,-6.04092
611600257,46.8791,0.297509,-1.60723,0.0139713,-0.146827,-0.134222,0.000169683,0.224922,-0.325497,-6.05997
611700239,46.8791,0.297509,-1.60723,0.0139713,-0.149519,-0.140263,-0.00250695,0.210772,-0.312539,-6.05411
611800422,46.8791,0.297509,-1.60723,0.0139713,-0.150704,-0.143497,-0.00364896,0.195772,-0.294251,-6.00549
611910849,46.8791,0.297509,-1.60723,0.0139713,-0.148573,-0.142588,-0.00205337,0.197312,-0.271374,-5.98448
612010940,46.8791,0.297509,-1.60723,0.0139713,-0.148453,-0.143417,0.00430435,0.209478,-0.249286,-6.01605
612111290,46.8791,0.297509,-1.60723,0.0139713,-0.147668,-0.137329,0.00791987,0.228068,-0.217623,-6.06832
612211880,46.8791,0.297509,-1.60723,0.0139713,-0.146683,-0.133893,0.00724573,0.242531,-0.198359,-6.10715
612311699,46.8791,0.297509,-1.60723,0.0139713,-0.1478,-0.123292,0.00801848,0.252886,-0.168331,-6.10147
612411738,46.8791,0.297509,-1.60723,0.0139713,-0.145281,-0.107941,0.00750248,0.257105,-0.139443,-6.12204
612512181,46.8791,0.297509,-1.60723,0.0139713,-0.145297,-0.0910989,0.00652609,0.259669,-0.111486,-6.10865
612621762,46.8791,0.297509,-1.60723,0.0139713,-0.141828,-0.0671622,0.00867531,0.260478,-0.0850269,-6.08907
612721883,46.8791,0.297509,-1.60723,0.0139713,-0.141804,-0.05066,0.00956726,0.25281,-0.0688714,-6.09438
612822298,46.8791,0.297509,-1.60723,0.0139713,-0.145954,-0.0189356,0.00923747,0.239635,-0.0344643,-6.08208
612922748,46.8791,0.297509,-1.60723,0.0139713,-0.146262,0.00777858,0.00243404,0.233586,-0.0109985,-6.10507
613022831,46.8791,0.297509,-1.60723,0.0139713,-0.148658,0.0349413,-0.00145502,0.230055,0.0294703,-6.12632
613123069,46.8791,0.297509,-1.60723,0.0139713,-0.144744,0.0666457,-0.000915158,0.230264,0.0650352,-6.14073
613222849,46.8791,0.297509,-1.60723,0.0139713,-0.151141,0.094485,-0.00860293,0.212928,0.0943392,-6.15461
613323395,46.8791,0.297509,-1.60723,0.0139713,-0.151978,0.153623,-0.0112702,0.198061,0.165593,-6.1423
613433749,46.8791,0.297509,-1.60723,0.0139713,-0.142169,0.176194,-0.0350801,0.197227,0.182339,-6.19545
613533753,46.8791,0.297509,-1.60723,0.0139713,-0.164948,0.22788,-0.0383437,0.142077,0.206678,-6.16748
613634070,46.8791,0.297509,-1.60723,0.0139713,-0.160402,0.250183,-0.0411112,0.143729,0.209111,-6.15312
613734462,46.8791,0.297509,-1.60723,0.0139713,-0.150564,0.270817,-0.0424803,0.123732,0.176384,-6.14405
613834491,46.8791,0.297509,-1.60723,0.0139713,-0.150704,0.292516,-0.044495,0.104931,0.151898,-6.13589
613944791,46.8791,0.297509,-1.60723,0.0139713,-0.154862,0.308044,-0.0450127,0.0809345,0.127295,-6.10687
614044943,46.8791,0.297509,-1.60723,0.0139713,-0.158219,0.324057,-0.0440691,0.05927,0.110434,-6.11102
614145164,46.8791,0.297509,-1.60723,0.0139713,-0.157794,0.327228,-0.0428459,0.0521921,0.093884,-6.11088
614245347,46.8791,0.297509,-1.60723,0.0139713,-0.159532,0.340831,-0.0420129,0.0489953,0.0945764,-6.13916
614345483,46.8791,0.297509,-1.60723,0.0139713,-0.159268,0.341347,-0.0424543,0.0505369,0.0604771,-6.15237
614455829,46.8791,0.297509,-1.60723,0.0139713,-0.15904,0.338492,-0.0413385,0.0531678,0.025915,-6.13362
614556169,46.8791,0.297509,-1.60723,0.0139713,-0.159052,0.33201,-0.0406522,0.0647368,0.0178568,-6.09368
614656232,46.8791,0.297509,-1.60723,0.0139713,-0.156492,0.324875,-0.0482123,0.0938017,0.0173412,-6.11371
614755761,46.8791,0.297509,-1.60723,0.0139713,-0.155807,0.314848,-0.049853,0.117767,0.0125617,-6.14957
614856458,46.8791,0.297509,-1.60723,0.0139713,-0.152859,0.30077,-0.0515314,0.144936,0.00788553,-6.17477
614956260,46.8791,0.297509,-1.60723,0.0139713,-0.151994,0.284815,-0.0520198,0.160268,0.00310662,-6.16271
615057031,46.8791,0.297509,-1.60723,0.0139713,-0.148966,0.271689,-0.0513051,0.179153,-0.00226379,-6.157
615156820,46.8791,0.297509,-1.60723,0.0139713,-0.148333,0.255987,-0.0511268,0.182825,-0.0239181,-6.15436
615266925,46.8791,0.297509,-1.60723,0.0139713,-0.14905,0.238013,-0.0512117,0.183109,-0.0495886,-6.13893
615366863,46.8791,0.297509,-1.60723,0.0139713,-0.145962,0.209184,-0.0446888,0.202882,-0.066734,-6.11881
615466762,46.8791,0.297509,-1.60723,0.0139713,-0.144007,0.193436,-0.0502244,0.219266,-0.0727336,-6.18636
615567058,46.8791,0.297509,-1.60723,0.0139713,-0.144632,0.165956,-0.0525458,0.225856,-0.111913,-6.23286
615667630,46.8791,0.297509,-1.60723,0.0139713,-0.145337,0.143048,-0.0540729,0.224142,-0.14205,-6.22148
615767426,46.8791,0.297509,-1.60723,0.0139713,-0.142874,0.10801,-0.0556067,0.217963,-0.168237,-6.19559
615867866,46.8791,0.297509,-1.60723,0.0139713,-0.142762,0.0922224,-0.0553986,0.192091,-0.189493,-6.16275
615978403,46.8791,0.297509,-1.60723,0.0139713,-0.146907,0.0714115,-0.0539293,0.174575,-0.212534,-6.13255
616078402,46.8791,0.297509,-1.60723,0.0139713,-0.148758,0.0465178,-0.0531363,0.171106,-0.266944,-6.13251
616178593,46.8791,0.297509,-1.60723,0.0139713,-0.15076,0.0288104,-0.0521922,0.173549,-0.275729,-6.12021
616278827,46.8791,0.297509,-1.60723,0.0139713,-0.152675,0.00839936,-0.0516159,0.165476,-0.315751,-6.10525
616378842,46.8791,0.297509,-1.60723,0.0139713,-0.152667,-0.0129114,-0.0511129,0.170892,-0.314279,-6.09521
616489208,46.8791,0.297509,-1.60723,0.0139713,-0.152583,-0.0406958,-0.0419977,0.172012,-0.314183,-6.04139
616589275,46.8791,0.297509,-1.60723,0.0139713,-0.150039,-0.0551305,-0.0418047,0.168503,-0.308977,-6.03244
616689194,46.8791,0.297509,-1.60723,0.0139713,-0.148221,-0.072898,-0.0403393,0.174492,-0.316865,-6.05239
616789283,46.8791,0.297509,-1.60723,0.0139713,-0.152042,-0.0868603,-0.0422549,0.171128,-0.31176,-6.05913
616889651,46.8791,0.297509,-1.60723,0.0139713,-0.147796,-0.106701,-0.032613,0.190865,-0.290404,-6.05656
616989658,46.8791,0.297509,-1.60723,0.0139713,-0.150897,-0.117991,-0.0315082,0.195614,-0.26735,-6.08595
617090566,46.8791,0.297509,-1.60723,0.0139713,-0.148854,-0.12211,-0.00395581,0.206125,-0.2468,-6.03036
617199736,46.8791,0.297509,-1.60723,0.0139713,-0.148325,-0.12401,-0.00018568,0.210305,-0.207692,-6.03958
617300057,46.8791,0.297509,-1.60723,0.0139713,-0.150688,-0.115885,-0.000317466,0.215441,-0.170374,-6.0676
617400509,46.8791,0.297509,-1.60723,0.0139713,-0.146427,-0.116043,-0.00145987,0.221446,-0.159882,-6.05914
617500446,46.8791,0.297509,-1.60723,0.0139713,-0.143859,-0.113202,-0.000721478,0.227693,-0.141884,-6.06059
617600416,46.8791,0.297509,-1.60723,0.0139713,-0.143491,-0.10197,0.000289142,0.232644,-0.133662,-6.06027
617700843,46.8791,0.297509,-1.60723,0.0139713,-0.143206,-0.093843,0.00123512,0.232468,-0.109106,-6.04064
617801283,46.8791,0.297509,-1.60723,0.0139713,-0.14031,-0.0764534,0.000652111,0.233307,-0.0799279,-6.05603
617901215,46.8791,0.297509,-1.60723,0.0139713,-0.140707,-0.0623596,0.00058707,0.225208,-0.0762106,-6.06335
618012158,46.8791,0.297509,-1.60723,0.0139713,-0.135772,-0.0494922,0.00116129,0.221281,-0.0802166,-6.04895
618112321,46.8791,0.297509,-1.60723,0.0139713,-0.145481,-0.0326737,-0.00752753,0.192046,-0.0731772,-6.03509
618212484,46.8791,0.297509,-1.60723,0.0139713,-0.148662,-0.0179601,-0.00792472,0.16816,-0.0722876,-6.01976
618312217,46.8791,0.297509,-1.60723,0.0139713,-0.153825,-0.00143066,-0.00697508,0.14606,-0.0662298,-5.99233
618413004,46.8791,0.297509,-1.60723,0.0139713,-0.148389,0.00891371,-0.00763361,0.141812,-0.0741563,-5.96465
618512341,46.8791,0.297509,-1.60723,0.0139713,-0.151145,0.0240479,-0.00491817,0.135949,-0.0740175,-5.96441
618612816,46.8791,0.297509,-1.60723,0.0139713,-0.152134,0.0352456,-0.00587555,0.133169,-0.0754901,-5.97239
618713493,46.8791,0.297509,-1.60723,0.0139713,-0.14738,0.0445603,-0.00422239,0.141785,-0.072043,-5.96207
618823410,46.8791,0.297509,-1.60723,0.0139713,-0.151758,0.0550695,0.00694505,0.143343,-0.0694846,-5.90497
618923510,46.8791,0.297509,-1.60723,0.0139713,-0.148377,0.0634662,0.00776029,0.15213,-0.0671439,-5.91444
619023493,46.8791,0.297509,-1.60723,0.0139713,-0.151622,0.0663563,0.0102998,0.156676,-0.0808199,-5.90546
619123661,46.8791,0.297509,-1.60723,0.0139713,-0.151377,0.0707397,0.00977366,0.161812,-0.0827739,-5.9023
619224106,46.8791,0.297509,-1.60723,0.0139713,-0.145581,0.0690895,0.0181555,0.174246,-0.0890508,-5.87444
619324232,46.8791,0.297509,-1.60723,0.0139713,-0.144492,0.071642,0.0506331,0.175518,-0.0886031,-5.82532
619424246,46.8791,0.297509,-1.60723,0.0139713,-0.148561,0.0756004,0.0512075,0.177281,-0.108194,-5.90163
619534549,46.8791,0.297509,-1.60723,0.0139713,-0.145413,0.0765708,0.0488236,0.187444,-0.130949,-5.90903
619634605,46.8791,0.297509,-1.60723,0.0139713,-0.144119,0.0773264,0.050562,0.190916,-0.149511,-5.94644
619734509,46.8791,0.297509,-1.60723,0.0139713,-0.1476,0.0686323,0.0566598,0.188407,-0.164663,-5.9884
619835172,46.8791,0.297509,-1.60723,0.0139713,-0.14863,0.0638803,0.0562386,0.178119,-0.165603,-5.93995
619935194,46.8791,0.297509,-1.60723,0.0139713,-0.149419,0.0577408,0.0555797,0.173949,-0.182903,-5.91537
620034859,46.8791,0.297509,-1.60723,0.0139713,-0.148814,0.0550757,0.0574066,0.168164,-0.189088,-5.8562
620135431,46.8791,0.297509,-1.60723,0.0139713,-0.150288,0.0547107,0.0618994,0.170873,-0.197033,-5.84581
620235351,46.8791,0.297509,-1.60723,0.0139713,-0.149823,0.0409667,0.0722298,0.174021,-0.216801,-5.82014
620345828,46.8791,0.297509,-1.60723,0.0139713,-0.144604,0.0189243,0.0696652,0.180028,-0.239926,-5.83258
620446057,46.8791,0.297509,-1.60723,0.0139713,-0.14913,-0.00432681,0.0704769,0.169507,-0.266534,-5.8124
620546424,46.8791,0.297509,-1.60723,0.0139713,-0.148706,-0.00847036,0.0700891,0.16575,-0.268324,-5.81298
620646547,46.8791,0.297509,-1.60723,0.0139713,-0.144909,-0.0249719,0.0751989,0.166055,-0.278993,-5.8113
620746637,47.0219,0.339491,-1.60723,0.0139713,-0.0615546,0.0625394,0.0808209,0.0,0.0,-5.89189
620846822,47.0178,0.361735,-1.60723,0.0139713,-0.0597959,0.0568156,0.0776791,0.0,0.0,-5.86457
620946824,47.1498,0.371355,-1.60723,0.0139713,-0.0420719,0.0471971,0.0836741,0.0,0.0,-5.82753
621046955,47.2189,0.376902,-1.60723,0.0139713,-0.0484328,0.0607035,0.0938146,0.0,0.0,-5.81547
621157710,47.317,0.408618,-1.60723,0.0139713,-0.0563883,0.085924,0.0919579,0.0,0.0,-5.88087
621257557,47.3973,0.434349,-1.60723,0.0139713,-0.066424,0.112772,0.091355,0.0,0.0,-5.86757
621357803,47.5069,0.439497,-1.60723,0.0139713,-0.0659888,0.119909,0.0917569,0.0,0.0,-5.90806
621458090,47.6025,0.449038,-1.60723,0.0139713,-0.0674164,0.125057,0.0893527,0.0,0.0,-5.94836
621558054,47.7574,0.472044,-1.60723,0.0139713,-0.0626352,0.131148,0.0897126,0.0,0.0,-5.95571
621658375,47.7953,0.471758,-1.60723,0.0139713,-0.0713355,0.133469,0.0882728,0.0,0.0,-5.96673
621758560,47.9103,0.479239,-1.60723,0.0139713,-0.072282,0.141616,0.093957,0.0,0.0,-5.9679
621868128,48.0133,0.49556,-1.60723,0.0139713,-0.0792219,0.159352,0.0873196,0.0,0.0,-5.9944
621968656,48.0924,0.512038,-1.60723,0.0139713,-0.0788742,0.159989,0.0773414,0.0,0.0,-6.01368
622068798,48.1745,0.531935,-1.60723,0.0139713,-0.0833587,0.174957,0.0465301,0.0,0.0,-6.09324
622168531,48.2291,0.548502,-1.60723,0.0139713,-0.0872675,0.173215,0.0225649,0.0,0.0,-6.19057
622269722,48.344,0.559609,-1.60723,0.0139713,-0.0617207,0.115204,0.00972409,0.0,0.0,-6.25378
622369202,48.3979,0.579417,-1.60723,0.0139713,-0.0215243,0.0242423,-0.0191289,0.0,0.0,-6.36421
622469850,48.5064,0.59121,-1.60723,0.0139713,0.0,0.0,-0.0501285,0.0,0.0,-6.42094
622579514,48.6117,0.581251,-1.60723,0.0139713,0.00260316,-0.101615,-0.0542726,0.0,0.0,-6.2895
622679391,48.7094,0.566819,-1.60723,0.0139713,0.0262117,-0.183233,-0.0411719,0.0,0.0,-6.11448
622779867,48.8049,0.538102,-1.60723,0.0139713,0.0390282,-0.175554,-0.025342,0.0,0.0,-6.02148
622880030,48.9093,0.511602,-1.60723,0.0139713,0.0383218,-0.133801,-0.0255343,0.0,0.0,-6.03427
622980117,49.0094,0.488423,-1.60723,0.0139713,0.0304138,-0.0834089,-0.0427462,0.0,0.0,-6.12687
623090524,49.1271,0.469073,-1.60723,0.0139713,0.020281,-0.0432012,-0.0515274,0.0,0.0,-6.17113
623190630,49.2335,0.443483,-1.60723,0.0139713,0.00455599,-0.00631401,-0.0522208,0.0,0.0,-6.12883
623291232,49.3319,0.42643,-1.60723,0.0139713,0.0,0.0,-0.0596219,0.0,0.0,-6.12335
623390686,49.4644,0.416006,-1.60723,0.0139713,0.0,0.0,-0.0624005,0.0,0.0,-6.20374
623490927,49.6026,0.40559,-1.60723,0.0139713,0.0370705,-0.00229714,-0.064585,0.0,0.0,-6.31143
623601465,49.7123,0.389224,-1.60723,0.0139713,0.105212,-0.000718392,-0.0718,0.0,0.0,-6.22793
623701184,49.77,0.375076,-1.60723,0.0139713,0.199954,0.000359166,-0.0783036,0.0,0.0,-6.14784
623801853,49.8744,0.360973,-1.60723,0.0139713,0.301336,-0.00138788,-0.0886199,0.0,0.0,-6.13077
623902019,50.0043,0.347035,-1.60723,0.0139713,0.404669,-0.00373984,-0.0878664,0.0,0.0,-6.14447
624001689,50.0637,0.343805,-1.60723,0.0139713,0.483999,0.0018306,-0.0832074,0.0,0.0,-6.14207
624112116,50.1988,0.31794,-1.60723,0.0139713,0.540037,0.000437107,-0.0872782,0.0,0.0,-6.14041
624212167,50.3403,0.296,-1.60723,0.0139713,0.580458,0.00564254,-0.0851604,0.0,0.0,-6.10187
624312267,50.4596,0.285479,-1.60723,0.0139713,0.597107,0.00619466,-0.117442,0.0,0.0,-6.21042
624412822,50.5885,0.27115,-1.60723,0.0139713,0.581691,0.0058814,-0.101211,0.0,0.0,-6.20958
624513073,50.7106,0.256061,-1.60723,0.0139713,0.570515,0.00700761,-0.094836,0.0,0.0,-6.18455
624613688,50.7569,0.244481,-1.60723,0.0139713,0.532435,0.00373239,-0.0941389,0.0,0.0,-6.16008
624713366,50.8851,0.229172,-1.60723,0.0139713,0.532891,-0.000382587,-0.0929907,0.0,0.0,-6.13714
624813468,50.9531,0.218577,-1.60723,0.0139713,0.522495,0.000324145,-0.0930159,0.0,0.0,-6.13629
624913894,51.07,0.195072,-1.60723,0.0139713,0.510587,0.0103169,-0.0924431,0.0,0.0,-6.12492
625013575,51.2114,0.180407,-1.60723,0.0139713,0.518353,0.0231023,-0.0915509,0.0,0.0,-6.1443
625123846,51.3421,0.167279,-1.60723,0.0139713,0.514112,0.0376215,-0.0924703,0.0,0.0,-6.14358
625224197,51.4703,0.150716,-1.60723,0.0139713,0.514164,0.0570055,-0.0923843,0.0,0.0,-6.14335
625324195,51.5361,0.143377,-1.60723,0.0139713,0.508049,0.0806351,-0.0924435,0.0,0.0,-6.14202
625424501,51.744,0.111333,-1.60723,0.0139713,0.534344,0.0941983,-0.0921036,0.0,0.0,-6.14081
625524773,51.8939,0.132586,-1.60723,0.0139713,0.559238,0.118836,-0.0929532,0.0,0.0,-6.15453
625624783,52.0128,0.131322,-1.60723,0.0139713,0.589522,0.134481,-0.0934073,0.0,0.0,-6.11144
625735559,52.1445,0.128458,-1.60723,0.0139713,0.627865,0.150616,-0.0926432,0.0,0.0,-6.06341
625835684,52.2292,0.130941,-1.60723,0.0143707,0.664522,0.16549,-0.0823966,0.0,0.0,-6.0652
625935983,52.3651,0.134162,-1.60723,0.0154628,0.704928,0.180435,-0.0830007,0.0,0.0,-6.11236
626035925,52.512,0.142191,-1.60723,0.0158834,0.746442,0.186101,-0.0829572,0.0,0.0,-6.14841
626136516,52.6231,0.147063,-1.60723,0.0158693,0.77268,0.184115,-0.0839347,0.0,0.0,-6.16122
626236330,52.7481,0.147972,-1.60723,0.0158692,0.808254,0.181211,-0.0483585,0.0,0.0,-6.08981
626336814,52.8679,0.156698,-1.60723,0.0158692,0.848099,0.179532,-0.0428437,0.0,0.0,-6.12679
626436922,52.9935,0.154594,-1.60723,0.0158692,0.892801,0.181343,-0.0541052,0.0,0.0,-6.16905
626537092,53.1467,0.161658,-1.60723,0.0158692,0.948554,0.188209,-0.0581882,0.0,0.0,-6.17279
626637600,53.2607,0.168344,-1.60723,0.0158692,0.983788,0.179333,-0.0593123,0.0,0.0,-6.17581
626747254,53.4406,0.175933,-1.55363,0.0158692,0.985566,0.169292,0.00174933,0.0,0.0,-6.0451
626847731,53.5731,0.17549,-1.55554,0.0158692,0.987442,0.15798,0.00219776,0.0,0.0,-6.0367
626947538,53.7299,0.175027,-1.55718,0.0158692,0.987812,0.155651,0.00117074,0.0,0.0,-6.03907
627047375,53.8805,0.183152,-1.55748,0.0158692,0.987926,0.15493,0.00101849,0.0,0.0,-6.05825
627147715,54.0349,0.18648,-1.55748,0.0158692,0.987759,0.155985,0.00194689,0.0,0.0,-6.08417
627247860,54.1717,0.191028,-1.55748,0.0158692,0.987277,0.15901,0.00123931,0.0,0.0,-6.12135
627348079,54.3552,0.192764,-1.55748,0.0158692,0.986014,0.166662,0.00114582,0.0,0.0,-6.13418
627458555,54.4233,0.201617,-1.55748,0.0158692,0.983772,0.179421,-0.00813768,0.0,0.0,-6.13459
627558823,54.6549,0.213219,-1.55748,0.0158692,0.98268,0.185309,-0.00934644,0.0,0.0,-6.09884
627658650,54.7525,0.216647,-1.55038,0.0158692,0.981266,0.192658,0.00149401,0.0,0.0,-6.0639
627758730,54.8758,0.213914,-1.54277,0.0158692,0.97998,0.199097,0.00219236,0.0,0.0,-6.0561
627859227,55.0622,0.231629,-1.54095,0.0158692,0.9777,0.210005,0.0213573,0.0,0.0,-5.99631
627959410,55.2268,0.232183,-1.54259,0.0158692,0.975282,0.220964,0.0499071,0.0,0.0,-5.93055
628059548,55.3998,0.235059,-1.54158,0.0158692,0.973633,0.228119,0.0533641,0.0,0.0,-5.97237
628159550,55.5108,0.264734,-1.53997,0.0158692,0.967147,0.236483,0.0516375,0.0,0.0,-6.00411
628270530,55.6556,0.265642,-1.53111,0.0158692,0.944147,0.222255,0.0523357,0.0,0.0,-6.01207
628370055,55.8556,0.281245,-1.52873,0.0158692,0.961886,0.21071,0.0525269,0.0,0.0,-6.02549
628470130,55.9389,0.289582,-1.52606,0.0158692,0.946851,0.186473,0.049786,0.0,0.0,-6.05486
628570692,56.1394,0.305944,-1.52653,0.0158692,0.953988,0.161152,0.0485482,0.0,0.0,-6.06836
628670701,56.2073,0.313945,-1.52561,0.0158692,0.931016,0.128077,0.0494174,0.0,0.0,-6.06775
628780776,56.3835,0.320878,-1.51401,0.0158692,0.936451,0.0982401,0.0486266,0.0,0.0,-6.07849
628880798,56.5036,0.316128,-1.489,0.0158692,0.931046,0.0861675,0.0486137,0.0,0.0,-6.08366
628980553,56.6586,0.318853,-1.48621,0.0158692,0.92928,0.0865483,0.0486134,0.0,0.0,-6.06171
629081101,56.7971,0.318773,-1.48679,0.0158692,0.907864,0.0875101,0.0486134,0.0,0.0,-6.01441
629181295,56.8935,0.325012,-1.48946,0.0158692,0.877273,0.0908075,0.0490928,0.0,0.0,-6.06608
629281213,57.039,0.322183,-1.48511,0.0158692,0.84649,0.0907845,0.0510372,0.0,0.0,-6.16979
629381731,57.1712,0.326951,-1.4722,0.0158692,0.804943,0.104359,0.0512825,0.0,0.0,-6.19002
629492144,57.3562,0.334339,-1.46344,0.0158692,0.77774,0.117592,0.0511427,0.0,0.0,-6.17904
629591489,57.4833,0.337107,-1.43549,0.0158692,0.773653,0.132563,0.0532836,0.0,0.0,-6.15935
629692838,57.6289,0.346037,-1.43539,0.0158692,0.766671,0.148098,0.0505093,0.0,0.0,-6.11592
629792910,57.7672,0.354817,-1.43698,0.0158692,0.777312,0.161279,0.0532259,0.0,0.0,-6.10075
629893589,57.9124,0.366146,-1.43508,0.0158692,0.784517,0.180142,0.0532544,0.0,0.0,-6.12358
630002754,58.0716,0.379138,-1.41758,0.0158692,0.816446,0.190148,0.0500274,0.0,0.0,-6.14849
630102874,58.2163,0.394217,-1.38652,0.0158692,0.824078,0.176899,0.0522692,0.0,0.0,-6.15202
630202827,58.3597,0.400972,-1.38177,0.0158692,0.841489,0.149163,0.0507358,0.0,0.0,-6.14813
630303092,58.4903,0.404135,-1.37631,0.0158692,0.860265,0.105988,0.0533483,0.0,0.0,-6.13473
630403416,58.6324,0.411375,-1.36766,0.0158692,0.872497,0.0509257,0.0523987,0.0,0.0,-6.13257
630513739,58.715,0.4128,-1.35165,0.0158692,0.868723,0.00251663,0.0522369,0.0,0.0,-6.13419
630614170,58.8661,0.409437,-1.34808,0.0158692,0.885797,-0.0188299,0.0510469,0.0,0.0,-6.12958
630714421,58.931,0.407474,-1.33236,0.0158692,0.888868,-0.0191986,0.0506344,0.0,0.0,-6.12049
630813898,59.098,0.392862,-1.31618,0.0158692,0.922651,-0.0241151,0.0484972,0.0,0.0,-6.13376
630914077,59.2642,0.383483,-1.31458,0.0158692,0.94125,-0.0250044,0.0536018,0.0,0.0,-6.1182
631014424,59.4145,0.376786,-1.29768,0.0158692,0.966842,-0.0153654,0.0506811,0.0,0.0,-6.12594
631114606,59.5851,0.368069,-1.27683,0.0158692,1.0,-2.33567e-05,0.0517227,0.0,0.0,-6.14752
631214839,59.7395,0.362769,-1.27268,0.0158692,0.999477,0.0323452,0.0531465,0.0,0.0,-6.1086
631325237,59.9188,0.358412,-1.251,0.0158692,0.997205,0.074714,0.0484095,0.0,0.0,-6.09408
631425348,60.0196,0.36313,-1.23873,0.0158692,0.993652,0.112498,0.0513372,0.0,0.0,-6.05112
631525649,60.1819,0.361213,-1.23801,0.0158692,0.99017,0.139867,0.0514349,0.0,0.0,-6.05476
631625786,60.3616,0.362863,-1.216,0.0158692,0.987786,0.155817,0.0520303,0.0,0.0,-6.10014
631725652,60.5376,0.367626,-1.19863,0.0158692,0.987247,0.159196,0.0533054,0.0,0.0,-6.10844
631825795,60.7103,0.378959,-1.19623,0.0158692,0.98805,0.154134,0.051775,0.0,0.0,-6.06753
631926431,60.8915,0.380352,-1.19536,0.0158692,0.990179,0.139803,0.0530952,0.0,0.0,-6.05754
632036142,61.0379,0.377102,-1.19115,0.0158692,0.993494,0.113881,0.0504247,0.0,0.0,-6.13937
632136430,61.2008,0.377666,-1.18546,0.0158692,0.995793,0.0916283,0.0508774,0.0,0.0,-6.2004
632236309,61.3758,0.377776,-1.15693,0.0158692,0.996886,0.0788554,0.052284,0.0,0.0,-6.19034
632336819,61.4642,0.370487,-1.1462,0.0158692,0.997483,0.0709055,0.0498115,0.0,0.0,-6.12771
632436933,61.6593,0.36848,-1.12721,0.0158692,0.997408,0.071952,0.0494274,0.0,0.0,-6.11665
632536894,61.7742,0.366196,-1.11225,0.0158692,0.996524,0.083302,0.0486148,0.0,0.0,-6.13044
632637704,61.9104,0.366327,-1.10921,0.0158692,0.994697,0.102846,0.0486132,0.0,0.0,-6.11275
632737479,62.0962,0.372291,-1.09191,0.0158692,0.99267,0.120858,0.0486134,0.0,0.0,-6.12637
632847638,62.2159,0.371668,-1.07809,0.0158692,0.990037,0.140806,0.0486134,0.0,0.0,-6.11655
632948191,62.3774,0.375309,-1.07283,0.0158692,0.988336,0.152287,0.0486134,0.0,0.0,-6.11709
633047568,62.5232,0.387839,-1.06647,0.0158692,0.988546,0.150923,0.0518438,0.0,0.0,-6.10485
633148119,62.6432,0.401829,-1.04588,0.0158692,0.989473,0.144717,0.0495924,0.0,0.0,-6.12188
633248548,62.7502,0.404763,-1.00581,0.0158692,0.991765,0.128068,0.0522098,0.0,0.0,-6.14508
633348549,62.9018,0.409167,-0.986724,0.0158692,0.993945,0.109878,0.0511471,0.0,0.0,-6.15026
633448801,63.0096,0.416984,-0.984475,0.0158692,0.995611,0.0935897,0.0526091,0.0,0.0,-6.11094
633559393,63.1472,0.418471,-0.969345,0.0158692,0.997606,0.0691575,0.0507974,0.0,0.0,-6.09688
633659219,63.2822,0.415576,-0.95765,0.0158692,0.998531,0.0541869,0.0493588,0.0,0.0,-6.09892
633759255,63.4155,0.415302,-0.956241,0.0158692,0.998932,0.0462108,0.0506312,0.0,0.0,-6.10249
633859664,63.6217,0.416061,-0.95669,0.0158692,0.9992,0.0399941,0.0505095,0.0,0.0,-6.12315
633959463,63.6659,0.413015,-0.934111,0.0158692,0.999381,0.0351706,0.0495724,0.0,0.0,-6.16136
634069221,64.0011,0.401869,-0.916747,0.0158692,0.999607,0.0280244,0.0495686,0.0,0.0,-6.15009
634169810,64.1913,0.39646,-0.921438,0.0158692,0.999695,0.0246946,0.0485665,0.0,0.0,-6.13828
634270261,64.3653,0.384487,-0.91861,0.0158692,0.999904,0.0138472,0.0486127,0.0,0.0,-6.12567
634370594,64.5638,0.372055,-0.916418,0.0158692,0.999997,0.00238298,0.0497493,0.0,0.0,-6.13024
634469997,64.7243,0.378599,-0.915987,0.0158692,0.999993,-0.00364491,0.0486158,0.0,0.0,-6.1375
634570262,64.9162,0.356495,-0.890618,0.0158692,1.0,0.000629221,0.0494175,0.0,0.0,-6.13408
634670423,65.0837,0.352251,-0.877975,0.0158692,0.999986,0.00522116,0.0497624,0.0,0.0,-6.11943
634771224,65.1949,0.337333,-0.880259,0.0158692,0.999949,0.0101059,0.0485505,0.0,0.0,-6.10733
634871352,65.3849,0.332864,-0.877875,0.0158692,0.999882,0.0153383,0.0487421,0.0,0.0,-6.11851
634971218,65.4584,0.327025,-0.876946,0.0158692,0.999758,0.0220195,0.0486092,0.0,0.0,-6.1349
635080835,65.6327,0.322389,-0.872156,0.0158692,0.999625,0.0273793,0.0494187,0.0,0.0,-6.1372
635180853,65.7528,0.315766,-0.845362,0.0158692,0.999762,0.0218318,0.0497624,0.0,0.0,-6.17034
635280976,65.8953,0.310654,-0.835575,0.0158692,0.999928,0.0120151,0.0485505,0.0,0.0,-6.19692
635381216,66.0295,0.30469,-0.8292,0.0158692,0.999984,0.00566374,0.0490916,0.0,0.0,-6.19223
635481115,66.281,0.293403,-0.807076,0.0158692,1.0,0.000912818,0.0496945,0.0,0.0,-6.19623
635581834,66.4015,0.290244,-0.796997,0.0158692,0.999999,0.00172037,0.0485683,0.0,0.0,-6.18362
635681773,66.6333,0.294842,-0.789896,0.0158692,0.999994,0.00354578,0.0490918,0.0,0.0,-6.16805
635792868,66.8604,0.287296,-0.764525,0.0158692,0.999993,0.00367128,0.0451853,0.0,0.0,-6.17562
635893067,66.9867,0.278171,-0.757097,0.0158692,0.999987,0.00503261,0.0409484,0.0,0.0,-6.16479
635992684,67.1768,0.283797,-0.749459,0.0158692,0.999951,0.00988209,0.0184826,0.0,0.0,-6.18996
636092811,67.3523,0.280367,-0.747642,0.0158692,0.99997,0.00772308,0.0160463,0.0,0.0,-6.14444
636193587,67.5488,0.278225,-0.739119,0.0158692,0.999986,-0.00522082,0.0160545,0.0,0.0,-6.15574
636302630,67.7506,0.274922,-0.711644,0.0158692,0.999653,-0.0263383,0.0161229,0.0,0.0,-6.20567
636403192,67.8758,0.267118,-0.705075,0.0158692,0.998351,-0.0574033,0.0133809,0.0,0.0,-6.22225
636503561,68.0688,0.256808,-0.70437,0.0158692,0.996664,-0.081617,0.0161854,0.0,0.0,-6.23047
636603557,68.2113,0.233025,-0.697426,0.0158692,0.995156,-0.0983126,0.0151701,0.0,0.0,-6.21735
636703596,68.3585,0.209197,-0.675395,0.0158692,0.993784,-0.111324,0.0152512,0.0,0.0,-6.19052
636803979,68.5128,0.185429,-0.66878,0.0158692,0.992018,-0.126095,0.0111901,0.0,0.0,-6.17389
636904019,68.6702,0.169946,-0.668673,0.0158692,0.992301,-0.123848,0.011353,0.0,0.0,-6.16715
637004428,68.8676,0.141817,-0.660962,0.0158692,0.994276,-0.10684,0.0114908,0.0,0.0,-6.21556
637114657,69.0284,0.124013,-0.625279,0.0158692,0.995786,-0.0917048,0.0114864,0.0,0.0,-6.27952
637215279,69.2266,0.0954215,-0.616568,0.0158692,0.997151,-0.0754341,0.0126221,0.0,0.0,-6.26865
637315203,69.3346,0.0800155,-0.616124,0.0158692,0.998301,-0.058272,0.01432,0.0,0.0,-6.23281
637414921,69.4967,0.0783245,-0.617501,0.0158692,0.999391,-0.0348792,0.0129481,0.0,0.0,-6.2109
637515263,69.6844,0.0655165,-0.585802,0.0158692,0.999857,-0.0169212,0.0115113,0.0,0.0,-6.22592
637615322,69.8846,0.0525303,-0.577876,0.0158692,0.999972,-0.00754159,0.0114861,0.0,0.0,-6.24873
637715393,70.065,0.0472478,-0.5769,0.0158692,0.999999,0.00159298,0.0115614,0.0,0.0,-6.26922
637815634,70.2391,0.0408909,-0.568207,0.0158692,0.999962,0.00866556,0.0114907,0.0,0.0,-6.24094
637925982,70.3715,0.0381029,-0.542566,0.0158692,0.999796,0.0201747,0.0113361,0.0,0.0,-6.2334
638025765,70.513,0.0409899,-0.538629,0.0158692,0.999404,0.0345243,0.011324,0.0,0.0,-6.22478
638126294,70.7119,0.04609,-0.52944,0.0158692,0.998687,0.0512363,0.0117481,0.0,0.0,-6.2119
638226149,70.8542,0.0450878,-0.527485,0.0158692,0.997965,0.0637589,0.011488,0.0,0.0,-6.20543
638326556,71.0326,0.0503909,-0.49441,0.0158692,0.996906,0.0785995,0.0114861,0.0,0.0,-6.19899
638426487,71.1874,0.0605775,-0.488541,0.0158692,0.995729,0.0923272,0.0126221,0.0,0.0,-6.22657
638526863,71.3709,0.0734855,-0.486796,0.0158692,0.995551,0.0942286,0.0114235,0.0,0.0,-6.25095
638637160,71.5204,0.0819858,-0.457987,0.0158692,0.997269,0.0738579,0.0124437,0.0,0.0,-6.28255
638736989,71.6977,0.0907556,-0.454,0.0158692,0.998799,0.0490003,0.0138472,0.0,0.0,-6.23525
638837470,71.8214,0.0965373,-0.455786,0.0158692,0.999335,0.0364619,0.0114349,0.0,0.0,-6.19283
638937882,71.9582,0.103398,-0.448564,0.0158692,0.999461,0.0328185,0.0114848,0.0,0.0,-6.16838
639037714,72.118,0.110363,-0.448312,0.0158692,0.999016,0.0443496,0.0114862,0.0,0.0,-6.23842
639138538,72.3006,0.115422,-0.414779,0.0158692,0.998309,0.0581242,0.0115614,0.0,0.0,-6.23971
639238532,72.4734,0.129582,-0.408064,0.0158692,0.998154,0.0607323,0.0131145,0.0,0.0,-6.22584
639338098,72.628,0.135843,-0.406938,0.0158692,0.99835,0.0574232,0.0112934,0.0,0.0,-6.21881
639448510,72.7975,0.145571,-0.405147,0.0158692,0.998465,0.0553937,0.0114842,0.0,0.0,-6.29803
639548944,72.9953,0.154347,-0.369685,0.0158692,0.998324,0.0578679,0.00987582,0.0,0.0,-6.30524
639648903,73.1734,0.169239,-0.364898,0.0158692,0.998278,0.0586641,0.01146,0.0,0.0,-6.28242
639749520,73.3358,0.178015,-0.366437,0.0158692,0.998041,0.0625563,0.0106816,0.0,0.0,-6.22044
639849911,73.613,0.188287,-0.358438,0.0158692,0.998276,0.0586898,0.0114732,0.0,0.0,-6.28646
639949959,73.6727,0.201746,-0.329765,0.0158692,0.998559,0.0536575,0.0114866,0.0,0.0,-6.29359
640050142,73.9718,0.212499,-0.326353,0.0158692,0.999064,0.0432627,0.0114863,0.0,0.0,-6.25763
640149965,74.0127,0.223197,-0.324667,0.0158692,0.99943,0.0337599,0.0122915,0.0,0.0,-6.28691
640260267,74.2352,0.23194,-0.270555,0.0158692,0.999579,0.0290178,0.0253144,0.0,0.0,-6.25675
640361018,74.3484,0.242866,-0.280786,0.0158692,0.999659,0.0261161,0.24634,0.0,0.0,-5.91241
640460785,74.6317,0.254816,-0.254956,0.0158692,0.999922,0.0124558,0.495526,0.0,0.0,-5.55876
640561041,74.7657,0.258116,-0.220075,0.0158692,1.0,0.000278082,0.5,0.0,0.0,-5.70011
640660846,75.04,0.254767,-0.202317,0.0158692,0.999999,-0.00127912,0.5,0.0,0.0,-5.83656
640761670,75.1588,0.259483,-0.1704,0.0158692,0.999989,-0.00476171,0.5,0.0,0.0,-5.88649
640971364,75.6261,0.257416,-0.101994,0.0158692,0.999645,-0.0266334,0.5,0.0,0.0,-5.44086
