timestamp,timestamp_last_signal,channel_count,rssi,rc_lost_frame_count,rc_total_frame_count,rc_ppm_frame_length,values[0],values[1],values[2],values[3],values[4],values[5],values[6],values[7],values[8],values[9],values[10],values[11],values[12],values[13],values[14],values[15],values[16],values[17],rc_failsafe,rc_lost,input_source
556378399,556378399,8,255,0,0,20007,1500,1498,987,2011,1500,1495,987,1500,2050,6,0,0,0,41031,8489,14157,16,0,0,0,2
556490158,556490158,8,255,0,0,19991,1501,1497,988,1986,1500,1495,987,1501,2050,6,0,0,0,22740,8491,14157,16,0,0,0,2
556601624,556601624,8,255,0,0,20018,1500,1498,987,1800,1499,1495,988,1500,2050,6,0,0,0,2845,8493,14157,16,0,0,0,2
556690572,556690572,8,255,0,0,20006,1501,1498,987,1628,1499,1495,987,1501,2050,6,0,0,0,26250,8494,14157,16,0,0,0,2
556802150,556802150,8,255,0,0,20003,1500,1498,987,1505,1500,1495,987,1500,2050,6,0,0,0,7072,8496,14157,16,0,0,0,2
556894327,556894327,8,255,0,0,20008,1500,1498,987,1504,1500,1495,988,1500,2050,6,0,0,0,33396,8497,14157,16,0,0,0,2
557001576,557001576,8,255,0,0,20003,1501,1498,987,1502,1499,1495,987,1501,2050,6,0,0,0,9283,8499,14157,16,0,0,0,2
557090559,557090559,8,255,0,0,18986,1501,1497,987,1501,1500,1495,988,1500,2050,6,0,0,0,33297,8500,14157,16,0,0,0,2
557203078,557203078,8,255,0,0,19990,1501,1497,988,1500,1499,1495,988,1500,2050,6,0,0,0,14693,8502,14157,16,0,0,0,2
557312026,557312026,8,255,0,0,20004,1501,1497,987,1501,1499,1495,987,1501,2050,6,0,0,0,58178,8503,14157,16,0,0,0,2
557407068,557407068,8,255,0,0,20018,1500,1498,987,1501,1499,1495,987,1501,2050,6,0,0,0,21782,8505,14157,16,0,0,0,2
557501214,557501214,8,255,0,0,20007,1501,1497,988,1500,1499,1495,988,1500,2050,6,0,0,0,50806,8506,14157,16,0,0,0,2
557608156,557608156,8,255,0,0,20007,1501,1498,987,1500,1500,1494,988,1500,2050,6,0,0,0,26612,8508,14157,16,0,0,0,2
557713140,557713140,8,255,0,0,20021,1500,1498,987,1501,1499,1495,987,1501,2050,6,0,0,0,550,8510,14157,16,0,0,0,2
557801622,557801622,8,255,0,0,20010,1501,1498,987,1500,1501,1495,987,1501,2050,6,0,0,0,23461,8511,14157,16,0,0,0,2
557913062,557913062,8,255,0,0,20007,1501,1498,987,1500,1500,1495,987,1500,2050,6,0,0,0,3780,8513,14157,16,0,0,0,2
558004913,558004913,8,255,0,0,19992,1501,1498,987,1500,1500,1494,988,1500,2050,6,0,0,0,30217,8514,14157,16,0,0,0,2
558114045,558114045,8,255,0,0,19981,1500,1498,987,1501,1499,1495,987,1501,2050,6,0,0,0,7873,8516,14157,16,0,0,0,2
558225842,558225842,8,255,0,0,19967,1500,1498,987,1501,1499,1495,987,1501,2050,6,0,0,0,54534,8517,14157,16,0,0,0,2
558317978,558317978,8,255,0,0,20007,1501,1498,987,1500,1500,1495,987,1500,2050,6,0,0,0,15472,8519,14157,16,0,0,0,2
558425778,558425778,8,255,0,0,20003,1501,1497,988,1500,1499,1495,988,1500,2050,6,0,0,0,57798,8520,14157,16,0,0,0,2
558515360,558515360,8,255,0,0,20019,1500,1498,987,1501,1499,1495,987,1501,2050,6,0,0,0,16322,8522,14157,16,0,0,0,2
558627204,558627204,8,255,0,0,20004,1501,1498,987,1500,1500,1495,987,1500,2050,6,0,0,0,62268,8523,14157,16,0,0,0,2
558715122,558715122,8,255,0,0,19986,1501,1497,988,1500,1499,1495,988,1500,2050,6,0,0,0,19477,8525,14157,16,0,0,0,2
558824280,558824280,8,255,0,0,19993,1501,1497,988,1499,1499,1495,987,1501,2050,6,0,0,0,63140,8526,14157,16,0,0,0,2
558936175,558936175,8,255,0,0,20987,1500,1498,987,1500,1499,1495,987,1501,2050,6,0,0,0,43889,8528,14157,16,0,0,0,2
559027442,559027442,8,255,0,0,20011,1501,1498,987,1499,1499,1495,988,1500,2050,6,0,0,0,4176,8530,14157,16,0,0,0,2
559136682,559136682,8,255,0,0,19996,1500,1498,987,1499,1500,1495,987,1500,2050,6,0,0,0,47815,8531,14157,16,0,0,0,2
559224543,559224543,8,255,0,0,19993,1501,1497,988,1499,1499,1495,987,1501,2050,6,0,0,0,4559,8533,14157,16,0,0,0,2
559340238,559340238,8,255,0,0,19972,1501,1498,987,1499,1499,1495,988,1500,2050,6,0,0,0,54841,8534,14157,16,0,0,0,2
559429346,559429346,8,255,0,0,19996,1500,1498,987,1501,1500,1495,987,1501,2050,6,0,0,0,12816,8536,14157,16,0,0,0,2
559537395,559537395,8,255,0,0,20000,1501,1498,987,1499,1499,1495,988,1500,2050,6,0,0,0,55362,8537,14157,16,0,0,0,2
559649099,559649099,8,255,0,0,19986,1501,1497,988,1499,1499,1495,987,1501,2050,6,0,0,0,35850,8539,14157,16,0,0,0,2
559754936,559754936,8,255,0,0,19994,1501,1497,988,1500,1500,1494,988,1500,2050,6,0,0,0,10791,8541,14157,16,0,0,0,2
559843270,559843270,8,255,0,0,20006,1501,1497,988,1499,1499,1495,987,1501,2050,6,0,0,0,32499,8542,14157,16,0,0,0,2
559955645,559955645,8,255,0,0,20003,1501,1497,988,1500,1499,1495,988,1500,2050,6,0,0,0,14740,8544,14157,16,0,0,0,2
560038053,560038053,8,255,0,0,20026,1500,1498,987,1499,1500,1495,987,1500,2050,6,0,0,0,31739,8545,14157,16,0,0,0,2
560157354,560157354,8,255,0,0,20006,1501,1497,988,1499,1499,1495,988,1500,2050,6,0,0,0,19138,8547,14157,16,0,0,0,2
560242539,560242539,8,255,0,0,20024,1500,1498,987,1500,1499,1495,987,1501,2050,6,0,0,0,39620,8548,14157,16,0,0,0,2
560351082,560351082,8,255,0,0,20015,1500,1498,987,1499,1501,1495,987,1500,2050,6,0,0,0,16986,8550,14157,16,0,0,0,2
560457356,560457356,8,255,0,0,19989,1500,1498,987,1500,1499,1495,987,1501,2050,6,0,0,0,57733,8551,14157,16,0,0,0,2
560547594,560547594,8,255,0,0,20004,1500,1498,987,1499,1500,1495,987,1500,2050,6,0,0,0,16737,8553,14157,16,0,0,0,2
560663364,560663364,8,255,0,0,20009,1500,1498,987,1500,1499,1495,987,1501,2050,6,0,0,0,1673,8555,14157,16,0,0,0,2
560752672,560752672,8,255,0,0,20010,1500,1498,1064,1499,1499,1495,988,1500,2050,6,0,0,0,25036,8556,14157,16,0,0,0,2
560858144,560858144,8,255,0,0,20011,1500,1498,1065,1501,1499,1495,987,1501,2050,6,0,0,0,65094,8557,14157,16,0,0,0,2
560969255,560969255,8,255,0,0,20008,1501,1497,1067,1499,1500,1494,988,1500,2050,6,0,0,0,45132,8559,14157,16,0,0,0,2
561058248,561058248,8,255,0,0,20012,1500,1498,1067,1499,1499,1495,987,1501,2050,6,0,0,0,3250,8561,14157,16,0,0,0,2
561161030,561161030,8,255,0,0,19981,1500,1498,1115,1499,1499,1495,988,1500,2050,6,0,0,0,40615,8562,14157,16,0,0,0,2
561270041,561270041,8,255,0,0,19988,1501,1498,1114,1500,1499,1495,987,1501,2050,6,0,0,0,18565,8564,14157,16,0,0,0,2
561379115,561379115,8,255,0,0,20011,1500,1498,1117,1499,1499,1495,987,1501,2050,6,0,0,0,61985,8565,14157,16,0,0,0,2
561470488,561470488,8,255,0,0,20007,1501,1497,1117,1499,1499,1495,987,1501,2050,6,0,0,0,22316,8567,14157,16,0,0,0,2
561579301,561579301,8,255,0,0,19977,1500,1498,1116,1501,1499,1495,987,1501,2050,6,0,0,0,95,8569,14157,16,0,0,0,2
561670842,561670842,8,255,0,0,20995,1500,1498,1116,1500,1499,1495,987,1500,2050,6,0,0,0,26129,8570,14157,16,0,0,0,2
561782655,561782655,8,255,0,0,20010,1501,1497,1117,1499,1499,1495,988,1500,2050,6,0,0,0,6874,8572,14157,16,0,0,0,2
561871230,561871230,8,255,0,0,20033,1500,1498,1116,1501,1499,1495,987,1501,2050,6,0,0,0,29889,8573,14157,16,0,0,0,2
561977101,561977101,8,255,0,0,19987,1501,1498,1159,1500,1500,1495,988,1500,2050,6,0,0,0,3514,8575,14157,16,0,0,0,2
562091304,562091304,8,255,0,0,19990,1501,1497,1161,1500,1500,1494,988,1500,2050,6,0,0,0,53361,8576,14157,16,0,0,0,2
562180157,562180157,8,255,0,0,20018,1501,1498,1209,1500,1499,1495,987,1501,2050,6,0,0,0,10967,8578,14157,16,0,0,0,2
562290059,562290059,8,255,0,0,19963,1500,1498,1251,1501,1499,1495,987,1501,2050,6,0,0,0,55461,8579,14157,16,0,0,0,2
562397888,562397888,8,255,0,0,20002,1501,1497,1254,1501,1499,1495,987,1501,2050,6,0,0,0,30551,8581,14157,16,0,0,0,2
562500184,562500184,8,255,0,0,20001,1500,1498,1306,1500,1499,1495,988,1500,2050,6,0,0,0,3473,8583,14157,16,0,0,0,2
562601034,562601034,8,255,0,0,20003,1500,1498,1307,1500,1500,1494,988,1500,2050,6,0,0,0,38838,8584,14157,16,0,0,0,2
562690629,562690629,8,255,0,0,19984,1501,1498,1352,1501,1499,1495,987,1501,2050,6,0,0,0,62648,8585,14157,16,0,0,0,2
562800841,562800841,8,255,0,0,19995,1501,1498,1367,1500,1500,1495,987,1500,2050,6,0,0,0,42031,8587,14157,16,0,0,0,2
562890416,562890416,8,255,0,0,20007,1500,1498,1420,1501,1499,1495,987,1501,2050,6,0,0,0,483,8589,14157,16,0,0,0,2
562998938,562998938,8,255,0,0,19975,1501,1497,1452,1501,1499,1495,987,1501,2050,6,0,0,0,42328,8590,14157,16,0,0,0,2
563106012,563106012,8,255,0,0,19999,1500,1498,1500,1501,1499,1495,987,1501,2050,6,0,0,0,19368,8592,14157,16,0,0,0,2
563195078,563195078,8,255,0,0,19968,1500,1498,1509,1501,1500,1495,988,1500,2050,6,0,0,0,42423,8593,14157,16,0,0,0,2
563303082,563303082,8,255,0,0,19998,1500,1498,1549,1500,1500,1495,987,1500,2050,6,0,0,0,19419,8595,14157,16,0,0,0,2
563415075,563415075,8,255,0,0,18995,1501,1498,1560,1501,1499,1495,987,1501,2050,6,0,0,0,728,8597,14157,16,0,0,0,2
563503446,563503446,8,255,0,0,20000,1500,1498,1588,1501,1499,1495,987,1501,2050,6,0,0,0,23746,8598,14157,16,0,0,0,2
563615876,563615876,8,255,0,0,19986,1500,1498,1603,1501,1499,1495,987,1501,2050,6,0,0,0,5053,8600,14157,16,0,0,0,2
563707442,563707442,8,255,0,0,19999,1500,1498,1623,1500,1499,1495,988,1500,2050,6,0,0,0,31120,8601,14157,16,0,0,0,2
563821845,563821845,8,255,0,0,19995,1501,1498,1641,1500,1500,1495,987,1500,2050,6,0,0,0,14461,8603,14157,16,0,0,0,2
563908436,563908436,8,255,0,0,19968,1501,1497,1652,1501,1499,1495,987,1500,2050,6,0,0,0,35341,8604,14157,16,0,0,0,2
564021708,564021708,8,255,0,0,20002,1501,1497,1668,1502,1499,1495,988,1500,2050,6,0,0,0,16234,8606,14157,16,0,0,0,2
564125260,564125260,8,255,0,0,20003,1500,1498,1704,1501,1500,1495,988,1500,2050,6,0,0,0,55550,8607,14157,16,0,0,0,2
564213085,564213085,8,255,0,0,19977,1500,1498,1704,1501,1499,1495,987,1501,2050,6,0,0,0,12262,8609,14157,16,0,0,0,2
564322857,564322857,8,255,0,0,18970,1500,1498,1705,1500,1499,1495,988,1500,2050,6,0,0,0,56663,8610,14157,16,0,0,0,2
564429711,564429711,8,255,0,0,20030,1501,1497,1705,1500,1500,1494,988,1500,2050,6,0,0,0,32500,8612,14157,16,0,0,0,2
564518298,564518298,8,255,0,0,20004,1500,1496,1705,1501,1499,1495,987,1500,2050,6,0,0,0,55270,8613,14157,16,0,0,0,2
564631612,564631612,8,255,0,0,19999,1500,1496,1705,1500,1500,1495,987,1500,2050,6,0,0,0,36286,8615,14157,16,0,0,0,2
564723644,564723644,8,255,0,0,19992,1501,1497,1703,1501,1499,1495,987,1501,2050,6,0,0,0,64124,8616,14157,16,0,0,0,2
564826652,564826652,8,255,0,0,20012,1501,1497,1703,1501,1499,1495,987,1501,2050,6,0,0,0,36135,8618,14157,16,0,0,0,2
564938706,564938706,8,255,0,0,20001,1499,1496,1703,1501,1499,1495,987,1500,2050,6,0,0,0,17122,8620,14157,16,0,0,0,2
565026846,565026846,8,255,0,0,19995,1489,1496,1703,1501,1500,1495,988,1500,2050,6,0,0,0,39764,8621,14157,16,0,0,0,2
565139527,565139527,8,255,0,0,20029,1488,1496,1703,1500,1499,1495,988,1500,2050,6,0,0,0,21186,8623,14157,16,0,0,0,2
565244662,565244662,8,255,0,0,18977,1477,1485,1703,1500,1499,1495,987,1501,2050,6,0,0,0,60918,8624,14157,16,0,0,0,2
565347677,565347677,8,255,0,0,20022,1465,1485,1703,1500,1500,1495,987,1500,2050,6,0,0,0,32924,8626,14157,16,0,0,0,2
565433172,565433172,8,255,0,0,19998,1439,1474,1703,1502,1499,1495,987,1501,2050,6,0,0,0,51896,8627,14157,16,0,0,0,2
565536835,565536835,8,255,0,0,20004,1418,1461,1704,1503,1499,1495,987,1500,2050,6,0,0,0,25390,8629,14157,16,0,0,0,2
565649343,565649343,8,255,0,0,19991,1417,1459,1705,1504,1499,1495,987,1501,2050,6,0,0,0,6781,8631,14157,16,0,0,0,2
565741055,565741055,8,255,0,0,20026,1403,1461,1705,1503,1501,1495,987,1501,2050,6,0,0,0,33009,8632,14157,16,0,0,0,2
565848964,565848964,8,255,0,0,19989,1405,1463,1704,1505,1499,1495,988,1500,2050,6,0,0,0,9874,8634,14157,16,0,0,0,2
565957989,565957989,8,255,0,0,19987,1430,1484,1705,1504,1499,1495,987,1501,2050,6,0,0,0,53422,8635,14157,16,0,0,0,2
566049818,566049818,8,255,0,0,20002,1431,1486,1705,1504,1499,1495,987,1501,2050,6,0,0,0,14104,8637,14157,16,0,0,0,2
566157711,566157711,8,255,0,0,19986,1433,1487,1705,1504,1499,1495,987,1501,2050,6,0,0,0,56538,8638,14157,16,0,0,0,2
566262628,566262628,8,255,0,0,20004,1436,1487,1703,1502,1500,1494,988,1500,2050,6,0,0,0,30322,8640,14157,16,0,0,0,2
566351272,566351272,8,255,0,0,19998,1445,1488,1703,1502,1499,1495,987,1501,2050,6,0,0,0,53292,8641,14157,16,0,0,0,2
566462514,566462514,8,255,0,0,20015,1446,1488,1703,1500,1499,1495,988,1500,2050,6,0,0,0,33687,8643,14157,16,0,0,0,2
566550658,566550658,8,255,0,0,19996,1447,1488,1701,1501,1499,1495,987,1501,2050,6,0,0,0,56139,8644,14157,16,0,0,0,2
566658064,566658064,8,255,0,0,20005,1449,1489,1700,1501,1499,1495,987,1501,2050,6,0,0,0,32509,8646,14157,16,0,0,0,2
566768274,566768274,8,255,0,0,20001,1460,1490,1699,1500,1499,1495,988,1500,2050,6,0,0,0,11357,8648,14157,16,0,0,0,2
566859116,566859116,8,255,0,0,19986,1470,1490,1697,1501,1499,1495,987,1501,2050,6,0,0,0,35931,8649,14157,16,0,0,0,2
566967285,566967285,8,255,0,0,20005,1480,1494,1669,1501,1499,1495,987,1500,2050,6,0,0,0,11340,8651,14157,16,0,0,0,2
567052269,567052269,8,255,0,0,20012,1480,1493,1669,1500,1499,1495,987,1500,2050,6,0,0,0,33632,8652,14157,16,0,0,0,2
567160461,567160461,8,255,0,0,19980,1479,1495,1668,1500,1500,1495,988,1500,2050,6,0,0,0,10643,8654,14157,16,0,0,0,2
567269383,567269383,8,255,0,0,20000,1477,1496,1668,1501,1499,1495,987,1501,2050,6,0,0,0,54048,8655,14157,16,0,0,0,2
567380014,567380014,8,255,0,0,19997,1474,1496,1668,1499,1499,1495,987,1501,2050,6,0,0,0,33116,8657,14157,16,0,0,0,2
567465235,567465235,8,255,0,0,19995,1471,1496,1668,1499,1499,1495,988,1500,2050,6,0,0,0,53313,8658,14157,16,0,0,0,2
567580768,567580768,8,255,0,0,20011,1474,1496,1668,1499,1500,1495,987,1500,2050,6,0,0,0,36906,8660,14157,16,0,0,0,2
567673779,567673779,8,255,0,0,19961,1475,1497,1667,1500,1499,1495,987,1501,2050,6,0,0,0,65229,8661,14157,16,0,0,0,2
567787330,567787330,8,255,0,0,20001,1478,1496,1667,1501,1499,1495,987,1501,2050,6,0,0,0,46306,8663,14157,16,0,0,0,2
567871202,567871202,8,255,0,0,20018,1467,1496,1668,1500,1499,1495,988,1500,2050,6,0,0,0,444,8665,14157,16,0,0,0,2
567982871,567982871,8,255,0,0,19968,1469,1497,1654,1501,1499,1495,987,1501,2050,6,0,0,0,46311,8666,14157,16,0,0,0,2
568071092,568071092,8,255,0,0,19984,1471,1496,1652,1500,1499,1495,988,1500,2050,6,0,0,0,3756,8668,14157,16,0,0,0,2
568180460,568180460,8,255,0,0,20001,1470,1496,1650,1500,1500,1495,987,1500,2050,6,0,0,0,47612,8669,14157,16,0,0,0,2
568295464,568295464,8,255,0,0,20011,1466,1496,1649,1500,1501,1495,987,1500,2050,6,0,0,0,31597,8671,14157,16,0,0,0,2
568381345,568381345,8,255,0,0,19999,1465,1496,1649,1501,1499,1495,987,1501,2050,6,0,0,0,51545,8672,14157,16,0,0,0,2
568496885,568496885,8,255,0,0,19987,1475,1496,1649,1501,1499,1495,987,1501,2050,6,0,0,0,35948,8674,14157,16,0,0,0,2
568584142,568584142,8,255,0,0,19985,1476,1496,1649,1501,1499,1495,987,1501,2050,6,0,0,0,58046,8675,14157,16,0,0,0,2
568692666,568692666,8,255,0,0,19998,1445,1496,1647,1501,1499,1495,987,1501,2050,6,0,0,0,35312,8677,14157,16,0,0,0,2
568785060,568785060,8,255,0,0,20000,1482,1496,1649,1500,1499,1495,988,1500,2050,6,0,0,0,62475,8678,14157,16,0,0,0,2
568900894,568900894,8,255,0,0,20006,1483,1496,1649,1501,1499,1495,987,1501,2050,6,0,0,0,47246,8680,14157,16,0,0,0,2
568993357,568993357,8,255,0,0,20010,1472,1497,1647,1500,1500,1495,987,1500,2050,6,0,0,0,8529,8682,14157,16,0,0,0,2
569101831,569101831,8,255,0,0,20011,1473,1496,1632,1501,1499,1495,987,1501,2050,6,0,0,0,51397,8683,14157,16,0,0,0,2
569194302,569194302,8,255,0,0,20000,1471,1496,1631,1501,1499,1495,987,1501,2050,6,0,0,0,12848,8685,14157,16,0,0,0,2
569306303,569306303,8,255,0,0,20002,1471,1497,1631,1500,1500,1495,987,1500,2050,6,0,0,0,59303,8686,14157,16,0,0,0,2
569395527,569395527,8,255,0,0,19997,1469,1496,1630,1501,1499,1495,987,1501,2050,6,0,0,0,17111,8688,14157,16,0,0,0,2
569506721,569506721,8,255,0,0,19997,1458,1496,1632,1500,1499,1495,988,1500,2050,6,0,0,0,63186,8689,14157,16,0,0,0,2
569598812,569598812,8,255,0,0,18986,1465,1497,1631,1500,1500,1495,987,1500,2050,6,0,0,0,24122,8691,14157,16,0,0,0,2
569712977,569712977,8,255,0,0,20008,1467,1496,1631,1501,1499,1495,987,1501,2050,6,0,0,0,7016,8693,14157,16,0,0,0,2
569821477,569821477,8,255,0,0,20004,1469,1496,1630,1501,1499,1495,987,1501,2050,6,0,0,0,48291,8694,14157,16,0,0,0,2
569907853,569907853,8,255,0,0,20002,1480,1497,1631,1499,1499,1495,988,1500,2050,6,0,0,0,5255,8696,14157,16,0,0,0,2
570022263,570022263,8,255,0,0,19995,1482,1496,1629,1500,1499,1495,987,1501,2050,6,0,0,0,52477,8697,14157,16,0,0,0,2
570104595,570104595,8,255,0,0,20019,1484,1498,1629,1498,1501,1495,987,1500,2050,6,0,0,0,5667,8699,14157,16,0,0,0,2
570216842,570216842,8,255,0,0,20021,1486,1498,1628,1474,1499,1495,988,1500,2050,6,0,0,0,52456,8700,14157,16,0,0,0,2
570322546,570322546,8,255,0,0,19995,1486,1496,1627,1476,1499,1495,988,1500,2050,6,0,0,0,25778,8702,14157,16,0,0,0,2
570414140,570414140,8,255,0,0,19974,1484,1496,1627,1486,1500,1494,988,1500,2050,6,0,0,0,53083,8703,14157,16,0,0,0,2
570522120,570522120,8,255,0,0,19995,1482,1498,1625,1487,1499,1495,987,1501,2050,6,0,0,0,28947,8705,14157,16,0,0,0,2
570614599,570614599,8,255,0,0,20011,1481,1498,1625,1498,1499,1495,987,1501,2050,6,0,0,0,56801,8706,14157,16,0,0,0,2
570730051,570730051,8,255,0,0,20009,1480,1498,1625,1498,1499,1495,987,1501,2050,6,0,0,0,41177,8708,14157,16,0,0,0,2
570815070,570815070,8,255,0,0,19993,1469,1498,1625,1500,1499,1495,987,1501,2050,6,0,0,0,60787,8709,14157,16,0,0,0,2
570924245,570924245,8,255,0,0,20009,1462,1498,1625,1499,1500,1495,987,1500,2050,6,0,0,0,38643,8711,14157,16,0,0,0,2
571035088,571035088,8,255,0,0,19997,1461,1497,1626,1500,1500,1494,988,1500,2050,6,0,0,0,18669,8713,14157,16,0,0,0,2
571124225,571124225,8,255,0,0,20019,1443,1500,1625,1500,1500,1495,987,1500,2050,6,0,0,0,42184,8714,14157,16,0,0,0,2
571235643,571235643,8,255,0,0,19999,1434,1513,1626,1500,1499,1495,987,1501,2050,6,0,0,0,22714,8716,14157,16,0,0,0,2
571327664,571327664,8,255,0,0,20011,1436,1516,1625,1501,1499,1495,987,1501,2050,6,0,0,0,48967,8717,14157,16,0,0,0,2
571439489,571439489,8,255,0,0,19991,1436,1514,1625,1501,1499,1495,987,1501,2050,6,0,0,0,29683,8719,14157,16,0,0,0,2
571547365,571547365,8,255,0,0,20012,1450,1503,1626,1500,1500,1494,988,1500,2050,6,0,0,0,6648,8721,14157,16,0,0,0,2
571636442,571636442,8,255,0,0,20022,1458,1522,1626,1500,1499,1495,988,1500,2050,6,0,0,0,30246,8722,14157,16,0,0,0,2
571746111,571746111,8,255,0,0,19996,1460,1535,1626,1500,1500,1494,988,1500,2050,6,0,0,0,8550,8724,14157,16,0,0,0,2
571836789,571836789,8,255,0,0,19998,1461,1538,1625,1500,1500,1495,987,1500,2050,6,0,0,0,33994,8725,14157,16,0,0,0,2
571928931,571928931,8,255,0,0,20001,1460,1539,1624,1501,1499,1495,987,1501,2050,6,0,0,0,60567,8726,14157,16,0,0,0,2
572046421,572046421,8,255,0,0,20008,1461,1539,1624,1500,1499,1495,987,1501,2050,6,0,0,0,47048,8728,14157,16,0,0,0,2
572137010,572137010,8,255,0,0,20013,1461,1537,1626,1500,1500,1494,988,1500,2050,6,0,0,0,6471,8730,14157,16,0,0,0,2
572246619,572246619,8,255,0,0,19993,1461,1527,1625,1501,1499,1495,987,1501,2050,6,0,0,0,50471,8731,14157,16,0,0,0,2
572358055,572358055,8,255,0,0,19984,1461,1524,1623,1501,1499,1495,987,1501,2050,6,0,0,0,31011,8733,14157,16,0,0,0,2
572442501,572442501,8,255,0,0,20000,1462,1523,1625,1501,1499,1495,987,1501,2050,6,0,0,0,49586,8734,14157,16,0,0,0,2
572550863,572550863,8,255,0,0,20013,1464,1522,1625,1501,1499,1495,987,1501,2050,6,0,0,0,27161,8736,14157,16,0,0,0,2
572659081,572659081,8,255,0,0,20012,1466,1511,1623,1501,1499,1495,987,1501,2050,6,0,0,0,4212,8738,14157,16,0,0,0,2
572750571,572750571,8,255,0,0,20013,1467,1511,1625,1501,1499,1495,987,1501,2050,6,0,0,0,30141,8739,14157,16,0,0,0,2
572863323,572863323,8,255,0,0,20005,1479,1499,1625,1501,1499,1495,987,1501,2050,6,0,0,0,11920,8741,14157,16,0,0,0,2
572957239,572957239,8,255,0,0,19998,1479,1499,1624,1500,1500,1494,988,1500,2050,6,0,0,0,38709,8742,14157,16,0,0,0,2
573063312,573063312,8,255,0,0,20007,1480,1509,1625,1501,1499,1495,987,1501,2050,6,0,0,0,15272,8744,14157,16,0,0,0,2
573152475,573152475,8,255,0,0,19983,1482,1531,1626,1500,1500,1494,988,1500,2050,6,0,0,0,38880,8745,14157,16,0,0,0,2
573264363,573264363,8,255,0,0,19996,1483,1543,1625,1501,1499,1495,987,1501,2050,6,0,0,0,19444,8747,14157,16,0,0,0,2
573373468,573373468,8,255,0,0,20012,1483,1545,1623,1501,1499,1495,987,1501,2050,6,0,0,0,63246,8748,14157,16,0,0,0,2
573459702,573459702,8,255,0,0,20013,1482,1545,1625,1500,1500,1495,987,1500,2050,6,0,0,0,18033,8750,14157,16,0,0,0,2
573565648,573565648,8,255,0,0,20009,1480,1533,1624,1500,1500,1495,987,1500,2050,6,0,0,0,58732,8751,14157,16,0,0,0,2
573653709,573653709,8,255,0,0,20010,1478,1503,1624,1499,1501,1495,987,1501,2050,6,0,0,0,15663,8753,14157,16,0,0,0,2
573762406,573762406,8,255,0,0,20006,1476,1500,1625,1501,1499,1495,987,1501,2050,6,0,0,0,58980,8754,14157,16,0,0,0,2
573874037,573874037,8,255,0,0,20021,1474,1500,1625,1499,1499,1495,988,1500,2050,6,0,0,0,39592,8756,14157,16,0,0,0,2
573982299,573982299,8,255,0,0,20008,1474,1499,1625,1500,1499,1495,987,1501,2050,6,0,0,0,16773,8758,14157,16,0,0,0,2
574074645,574074645,8,255,0,0,20003,1473,1499,1624,1499,1499,1495,988,1500,2050,6,0,0,0,43523,8759,14157,16,0,0,0,2
574182488,574182488,8,255,0,0,20007,1472,1499,1624,1499,1499,1495,988,1500,2050,6,0,0,0,20411,8761,14157,16,0,0,0,2
574271278,574271278,8,255,0,0,20001,1460,1498,1623,1500,1499,1495,987,1501,2050,6,0,0,0,42892,8762,14157,16,0,0,0,2
574383360,574383360,8,255,0,0,20033,1460,1498,1624,1499,1499,1495,987,1501,2050,6,0,0,0,24562,8764,14157,16,0,0,0,2
574471868,574471868,8,255,0,0,20002,1478,1498,1624,1499,1499,1495,987,1501,2050,6,0,0,0,47558,8765,14157,16,0,0,0,2
574588552,574588552,8,255,0,0,20009,1498,1497,1624,1500,1500,1495,987,1500,2050,6,0,0,0,32358,8767,14157,16,0,0,0,2
574680924,574680924,8,255,0,0,20001,1500,1497,1626,1500,1499,1495,988,1500,2050,6,0,0,0,60003,8768,14157,16,0,0,0,2
574789366,574789366,8,255,0,0,19993,1500,1497,1626,1500,1499,1495,988,1500,2050,6,0,0,0,36211,8770,14157,16,0,0,0,2
574881676,574881676,8,255,0,0,19964,1499,1498,1625,1501,1499,1495,987,1501,2050,6,0,0,0,64171,8771,14157,16,0,0,0,2
574993624,574993624,8,255,0,0,20014,1500,1498,1624,1499,1499,1495,987,1501,2050,6,0,0,0,45063,8773,14157,16,0,0,0,2
575085263,575085263,8,255,0,0,19959,1501,1497,1624,1500,1500,1495,987,1500,2050,6,0,0,0,5349,8775,14157,16,0,0,0,2
575197379,575197379,8,255,0,0,19997,1500,1498,1625,1499,1500,1495,987,1500,2050,6,0,0,0,52204,8776,14157,16,0,0,0,2
575294333,575294333,8,255,0,0,19990,1501,1497,1626,1500,1499,1495,988,1500,2050,6,0,0,0,18066,8778,14157,16,0,0,0,2
575382261,575382261,8,255,0,0,20017,1500,1498,1625,1499,988,1494,988,1500,2050,6,0,0,0,40434,8779,14157,16,0,0,0,2
575491499,575491499,8,255,0,0,19979,1500,1498,1625,1501,987,1495,987,1501,2050,6,0,0,0,18694,8781,14157,16,0,0,0,2
575599837,575599837,8,255,0,0,20003,1500,1498,1625,1501,987,1495,987,1501,2050,6,0,0,0,60539,8782,14157,16,0,0,0,2
575687075,575687075,8,255,0,0,19995,1500,1498,1625,1501,987,1495,987,1501,2050,6,0,0,0,17525,8784,14157,16,0,0,0,2
575795237,575795237,8,255,0,0,19981,1500,1498,1625,1501,987,1495,987,1500,2050,6,0,0,0,60249,8785,14157,16,0,0,0,2
575903284,575903284,8,255,0,0,19996,1500,1498,1625,1501,987,1495,987,1500,2050,6,0,0,0,36816,8787,14157,16,0,0,0,2
576013077,576013077,8,255,0,0,20022,1501,1498,1625,1499,987,1495,988,1500,2050,6,0,0,0,15995,8789,14157,16,0,0,0,2
576099676,576099676,8,255,0,0,20004,1501,1497,1612,1500,987,1495,987,1501,2050,6,0,0,0,37027,8790,14157,16,0,0,0,2
576208454,576208454,8,255,0,0,19993,1500,1500,1598,1501,987,1495,987,1501,2050,6,0,0,0,14705,8792,14157,16,0,0,0,2
576304115,576304115,8,255,0,0,20015,1501,1500,1598,1499,987,1495,987,1501,2050,6,0,0,0,44879,8793,14157,16,0,0,0,2
576421671,576421671,8,255,0,0,19984,1501,1499,1599,1500,988,1494,988,1500,2050,6,0,0,0,29754,8795,14157,16,0,0,0,2
576513521,576513521,8,255,0,0,19976,1500,1498,1599,1499,988,1495,987,1500,2050,6,0,0,0,57587,8796,14157,16,0,0,0,2
576617622,576617622,8,255,0,0,20014,1501,1497,1599,1499,988,1495,987,1500,2050,6,0,0,0,30623,8798,14157,16,0,0,0,2
576709386,576709386,8,255,0,0,19989,1500,1498,1599,1499,987,1495,987,1501,2050,6,0,0,0,56484,8799,14157,16,0,0,0,2
576814361,576814361,8,255,0,0,20004,1501,1498,1599,1500,987,1495,987,1501,2050,6,0,0,0,30358,8801,14157,16,0,0,0,2
576923306,576923306,8,255,0,0,19996,1501,1497,1599,1501,987,1495,987,2011,2050,6,0,0,0,8740,8803,14157,16,0,0,0,2
577034281,577034281,8,255,0,0,19999,1501,1497,1599,1500,987,1495,987,2011,2050,6,0,0,0,53926,8804,14157,16,0,0,0,2
577118632,577118632,8,255,0,0,19994,1501,1497,1599,1500,987,1495,987,1993,2050,6,0,0,0,7437,8806,14157,16,0,0,0,2
577227088,577227088,8,255,0,0,20020,1501,1498,1599,1499,987,1495,987,1991,2050,6,0,0,0,50177,8807,14157,16,0,0,0,2
577339187,577339187,8,255,0,0,19983,1501,1497,1599,1501,987,1495,987,1987,2050,6,0,0,0,31059,8809,14157,16,0,0,0,2
577427309,577427309,8,255,0,0,20007,1500,1498,1600,1500,987,1495,987,1988,2050,6,0,0,0,53886,8810,14157,16,0,0,0,2
577539356,577539356,8,255,0,0,20004,1500,1498,1599,1499,988,1494,988,1986,2050,6,0,0,0,34919,8812,14157,16,0,0,0,2
577627652,577627652,8,255,0,0,20006,1501,1497,1601,1500,988,1495,987,1984,2050,6,0,0,0,57665,8813,14157,16,0,0,0,2
577739493,577739493,8,255,0,0,20004,1501,1497,1602,1499,988,1494,988,1984,2050,6,0,0,0,38299,8815,14157,16,0,0,0,2
577825595,577825595,8,255,0,0,19986,1501,1497,1602,1499,988,1494,988,1984,2050,6,0,0,0,59043,8816,14157,16,0,0,0,2
577936811,577936811,8,255,0,0,20007,1501,1497,1602,1499,987,1495,988,1984,2050,6,0,0,0,38643,8818,14157,16,0,0,0,2
578049289,578049289,8,255,0,0,19995,1500,1498,1603,1500,987,1495,987,1985,2050,6,0,0,0,20567,8820,14157,16,0,0,0,2
578137327,578137327,8,255,0,0,19985,1501,1497,1605,1500,987,1495,987,1985,2050,6,0,0,0,43044,8821,14157,16,0,0,0,2
578247974,578247974,8,255,0,0,20001,1501,1497,1615,1500,987,1495,987,1985,2050,6,0,0,0,21480,8823,14157,16,0,0,0,2
578350375,578350375,8,255,0,0,20012,1500,1498,1636,1499,987,1495,987,1983,2050,6,0,0,0,59286,8824,14157,16,0,0,0,2
578438308,578438308,8,255,0,0,20031,1500,1498,1636,1499,987,1495,987,1983,2050,6,0,0,0,16298,8826,14157,16,0,0,0,2
578547089,578547089,8,255,0,0,19996,1501,1498,1635,1501,987,1495,987,1983,2050,6,0,0,0,59549,8827,14157,16,0,0,0,2
578658164,578658164,8,255,0,0,19990,1501,1497,1637,1500,987,1495,987,1983,2050,6,0,0,0,39546,8829,14157,16,0,0,0,2
578747478,578747478,8,255,0,0,20021,1501,1498,1635,1500,987,1495,987,1983,2050,6,0,0,0,63160,8830,14157,16,0,0,0,2
578858929,578858929,8,255,0,0,20020,1501,1497,1624,1499,988,1494,988,1983,2050,6,0,0,0,43738,8832,14157,16,0,0,0,2
578950831,578950831,8,255,0,0,19987,1501,1498,1614,1500,987,1495,987,1983,2050,6,0,0,0,4456,8834,14157,16,0,0,0,2
579058504,579058504,8,255,0,0,20003,1501,1497,1597,1499,987,1495,987,1983,2050,6,0,0,0,45962,8835,14157,16,0,0,0,2
579147893,579147893,8,255,0,0,20004,1501,1497,1598,1499,987,1495,987,1983,2050,6,0,0,0,4645,8837,14157,16,0,0,0,2
579258258,579258258,8,255,0,0,19982,1500,1498,1597,1500,987,1495,987,1983,2050,6,0,0,0,49157,8838,14157,16,0,0,0,2
579352231,579352231,8,255,0,0,20004,1500,1498,1597,1500,987,1495,987,1983,2050,6,0,0,0,12730,8840,14157,16,0,0,0,2
579460257,579460257,8,255,0,0,19983,1501,1497,1598,1500,987,1495,987,1983,2050,6,0,0,0,55329,8841,14157,16,0,0,0,2
579572681,579572681,8,255,0,0,20003,1501,1498,1598,1500,987,1495,987,1982,2050,6,0,0,0,36571,8843,14157,16,0,0,0,2
579661048,579661048,8,255,0,0,20005,1500,1498,1599,1499,987,1495,987,1983,2050,6,0,0,0,59466,8844,14157,16,0,0,0,2
579769736,579769736,8,255,0,0,19988,1500,1498,1599,1499,987,1495,988,1983,2050,6,0,0,0,36883,8846,14157,16,0,0,0,2
579865073,579865073,8,255,0,0,20017,1501,1497,1599,1499,988,1495,987,1983,2050,6,0,0,0,1344,8848,14157,16,0,0,0,2
579974279,579974279,8,255,0,0,19983,1500,1498,1600,1500,987,1495,987,1983,2050,6,0,0,0,44895,8849,14157,16,0,0,0,2
580062014,580062014,8,255,0,0,19997,1501,1497,1599,1500,987,1495,987,1983,2050,6,0,0,0,1657,8851,14157,16,0,0,0,2
580170248,580170248,8,255,0,0,20003,1500,1498,1599,1499,988,1494,988,1983,2050,6,0,0,0,44289,8852,14157,16,0,0,0,2
580280007,580280007,8,255,0,0,19999,1501,1497,1599,1500,987,1495,987,1982,2050,6,0,0,0,23049,8854,14157,16,0,0,0,2
580371068,580371068,8,255,0,0,20006,1500,1498,1599,1500,987,1495,988,1982,2050,6,0,0,0,48358,8855,14157,16,0,0,0,2
580481847,580481847,8,255,0,0,19995,1501,1497,1599,1499,988,1495,987,1983,2050,6,0,0,0,27349,8857,14157,16,0,0,0,2
580569126,580569126,8,255,0,0,20005,1500,1498,1599,1499,988,1494,988,1983,2050,6,0,0,0,48237,8858,14157,16,0,0,0,2
580671937,580671937,8,255,0,0,20014,1500,1498,1599,1499,987,1495,988,1983,2050,6,0,0,0,21682,8860,14157,16,0,0,0,2
580782465,580782465,8,255,0,0,19983,1500,1498,1599,1499,987,1495,987,1983,2050,6,0,0,0,246,8862,14157,16,0,0,0,2
580888948,580888948,8,255,0,0,19966,1501,1498,1599,1499,987,1495,987,1983,2050,6,0,0,0,41386,8863,14157,16,0,0,0,2
580980813,580980813,8,255,0,0,19994,1500,1498,1600,1500,987,1495,987,1983,2050,6,0,0,0,2988,8865,14157,16,0,0,0,2
581072803,581072803,8,255,0,0,20012,1500,1498,1601,1500,987,1495,988,1983,2050,6,0,0,0,29337,8866,14157,16,0,0,0,2
581181640,581181640,8,255,0,0,20004,1501,1497,1601,1499,987,1495,987,1983,2050,6,0,0,0,7138,8868,14157,16,0,0,0,2
581273647,581273647,8,255,0,0,21025,1500,1498,1601,1501,987,1495,987,1983,2050,6,0,0,0,33505,8869,14157,16,0,0,0,2
581382277,581382277,8,255,0,0,19996,1500,1498,1602,1499,987,1495,987,1983,2050,6,0,0,0,11148,8871,14157,16,0,0,0,2
581486403,581486403,8,255,0,0,19987,1501,1498,1600,1499,988,1495,987,1983,2050,6,0,0,0,49824,8872,14157,16,0,0,0,2
581598167,581598167,8,255,0,0,20001,1500,1498,1600,1500,987,1495,987,1983,2050,6,0,0,0,30449,8874,14157,16,0,0,0,2
581686398,581686398,8,255,0,0,20015,1501,1497,1602,1500,988,1495,987,1983,2050,6,0,0,0,53083,8875,14157,16,0,0,0,2
581800004,581800004,8,255,0,0,20004,1501,1498,1600,1499,988,1494,988,1981,2050,6,0,0,0,34419,8877,14157,16,0,0,0,2
581903109,581903109,8,255,0,0,19999,1500,1498,1601,1500,987,1495,987,1982,2050,6,0,0,0,7662,8879,14157,16,0,0,0,2
581994978,581994978,8,255,0,0,19990,1501,1497,1602,1499,988,1494,988,1981,2050,6,0,0,0,34000,8880,14157,16,0,0,0,2
582103762,582103762,8,255,0,0,20001,1501,1497,1602,1499,988,1494,988,1981,2050,6,0,0,0,11627,8882,14157,16,0,0,0,2
582196000,582196000,8,255,0,0,20014,1500,1498,1600,1499,988,1495,987,1982,2050,6,0,0,0,38310,8883,14157,16,0,0,0,2
582287770,582287770,8,255,0,0,19997,1501,1498,1601,1500,987,1495,987,1982,2050,6,0,0,0,64658,8884,14157,16,0,0,0,2
582400984,582400984,8,255,0,0,19983,1500,1498,1602,1499,987,1495,987,1983,2050,6,0,0,0,45948,8886,14157,16,0,0,0,2
582508908,582508908,8,255,0,0,20000,1500,1498,1600,1501,987,1495,987,1982,2050,6,0,0,0,23368,8888,14157,16,0,0,0,2
582596699,582596699,8,255,0,0,20024,1501,1497,1602,1499,988,1495,987,1983,2050,6,0,0,0,45943,8889,14157,16,0,0,0,2
582717123,582717123,8,255,0,0,19994,1501,1498,1600,1501,987,1495,987,1982,2050,6,0,0,0,35285,8891,14157,16,0,0,0,2
582805138,582805138,8,255,0,0,20016,1500,1498,1600,1501,987,1495,987,1982,2050,6,0,0,0,57639,8892,14157,16,0,0,0,2
582917622,582917622,8,255,0,0,20002,1501,1498,1601,1501,987,1495,987,1983,2050,6,0,0,0,39164,8894,14157,16,0,0,0,2
583009010,583009010,8,255,0,0,19961,1501,1498,1601,1501,987,1495,987,1982,2050,6,0,0,0,65017,8895,14157,16,0,0,0,2
583118011,583118011,8,255,0,0,19991,1500,1498,1602,1500,987,1495,988,1982,2050,6,0,0,0,42896,8897,14157,16,0,0,0,2
583226139,583226139,8,255,0,0,20004,1501,1498,1601,1501,987,1495,987,2011,2050,6,0,0,0,20046,8899,14157,16,0,0,0,2
583324655,583324655,8,255,0,0,20003,1501,1497,1602,1501,987,1495,987,2011,2050,6,0,0,0,52766,8900,14157,16,0,0,0,2
583415347,583415347,8,255,0,0,19994,1501,1498,1601,1501,987,1495,987,2011,2050,6,0,0,0,12494,8902,14157,16,0,0,0,2
583527067,583527067,8,255,0,0,20003,1500,1498,1602,1500,988,1495,987,2011,2050,6,0,0,0,58786,8903,14157,16,0,0,0,2
583619540,583619540,8,255,0,0,19988,1500,1498,1601,1500,987,1495,988,2011,2050,6,0,0,0,20196,8905,14157,16,0,0,0,2
583733464,583733464,8,255,0,0,19998,1500,1498,1602,1500,987,1495,988,2011,2050,6,0,0,0,967,8907,14157,16,0,0,0,2
583816653,583816653,8,255,0,0,19997,1501,1498,1601,1501,987,1495,987,2002,2050,6,0,0,0,20042,8908,14157,16,0,0,0,2
583927599,583927599,8,255,0,0,19985,1501,1498,1600,1501,987,1495,987,1999,2050,6,0,0,0,493,8910,14157,16,0,0,0,2
584016819,584016819,8,255,0,0,20021,1501,1497,1602,1500,988,1495,987,1998,2050,6,0,0,0,24278,8911,14157,16,0,0,0,2
584128330,584128330,8,255,0,0,20003,1501,1497,1602,1499,987,1495,988,1995,2050,6,0,0,0,4804,8913,14157,16,0,0,0,2
584225643,584225643,8,255,0,0,19997,1501,1497,1602,1501,987,1495,987,1993,2050,6,0,0,0,36445,8914,14157,16,0,0,0,2
584329039,584329039,8,255,0,0,20004,1500,1498,1602,1499,987,1495,987,1994,2050,6,0,0,0,8795,8916,14157,16,0,0,0,2
584437355,584437355,8,255,0,0,20031,1501,1497,1601,1499,987,1495,988,1993,2050,6,0,0,0,51563,8917,14157,16,0,0,0,2
584541505,584541505,8,255,0,0,20001,1501,1497,1601,1500,988,1495,987,1993,2050,6,0,0,0,24593,8919,14157,16,0,0,0,2
584629788,584629788,8,255,0,0,20004,1500,1498,1600,1500,987,1495,987,1993,2050,6,0,0,0,47431,8920,14157,16,0,0,0,2
584738055,584738055,8,255,0,0,19981,1500,1498,1600,1501,987,1495,987,1994,2050,6,0,0,0,24686,8922,14157,16,0,0,0,2
584850039,584850039,8,255,0,0,20026,1500,1498,1600,1500,987,1495,987,1993,2050,6,0,0,0,5403,8924,14157,16,0,0,0,2
584936203,584936203,8,255,0,0,20007,1500,1498,1600,1500,987,1495,987,1993,2050,6,0,0,0,26201,8925,14157,16,0,0,0,2
585047610,585047610,8,255,0,0,20000,1500,1498,1600,1501,987,1495,987,1994,2050,6,0,0,0,6429,8927,14157,16,0,0,0,2
585142815,585142815,8,255,0,0,20007,1501,1498,1600,1499,988,1494,988,1993,2050,6,0,0,0,35879,8928,14157,16,0,0,0,2
585251490,585251490,8,255,0,0,19997,1500,1498,1601,1499,987,1495,987,1994,2050,6,0,0,0,13649,8930,14157,16,0,0,0,2
585339682,585339682,8,255,0,0,19993,1500,1498,1600,1501,987,1495,987,1994,2050,6,0,0,0,36508,8931,14157,16,0,0,0,2
585451753,585451753,8,255,0,0,20000,1501,1497,1601,1500,988,1495,987,1993,2050,6,0,0,0,17371,8933,14157,16,0,0,0,2
585558282,585558282,8,255,0,0,20001,1500,1498,1600,1501,987,1495,987,1994,2050,6,0,0,0,58475,8934,14157,16,0,0,0,2
585644594,585644594,8,255,0,0,19995,1500,1498,1600,1501,987,1495,987,1994,2050,6,0,0,0,13596,8936,14157,16,0,0,0,2
585758852,585758852,8,255,0,0,19984,1501,1497,1601,1499,987,1495,987,1994,2050,6,0,0,0,61977,8937,14157,16,0,0,0,2
585868925,585868925,8,255,0,0,20000,1500,1498,1600,1501,987,1495,987,1994,2050,6,0,0,0,41398,8939,14157,16,0,0,0,2
585953040,585953040,8,255,0,0,20031,1500,1498,1601,1500,987,1495,988,1993,2050,6,0,0,0,60007,8940,14157,16,0,0,0,2
586065251,586065251,8,255,0,0,20014,1500,1498,1601,1500,987,1495,988,1993,2050,6,0,0,0,41058,8942,14157,16,0,0,0,2
586170314,586170314,8,255,0,0,20001,1501,1498,1600,1499,988,1495,987,1993,2050,6,0,0,0,14979,8944,14157,16,0,0,0,2
586266389,586266389,8,255,0,0,20005,1500,1498,1600,1500,987,1495,987,1993,2050,6,0,0,0,44986,8945,14157,16,0,0,0,2
586379839,586379839,8,255,0,0,20016,1500,1498,1602,1500,988,1494,988,1993,2050,6,0,0,0,27992,8947,14157,16,0,0,0,2
586462572,586462572,8,255,0,0,20004,1500,1498,1602,1499,987,1495,988,1993,2050,6,0,0,0,45131,8948,14157,16,0,0,0,2
586575210,586575210,8,255,0,0,20005,1501,1497,1623,1499,988,1494,988,1993,2050,6,0,0,0,26736,8950,14157,16,0,0,0,2
586663103,586663103,8,255,0,0,20000,1500,1498,1621,1499,987,1495,988,1993,2050,6,0,0,0,49000,8951,14157,16,0,0,0,2
586771743,586771743,8,255,0,0,20018,1501,1497,1621,1500,987,1495,987,1993,2050,6,0,0,0,26669,8953,14157,16,0,0,0,2
586867504,586867504,8,255,0,0,20001,1500,1498,1621,1500,988,1494,988,1993,2050,6,0,0,0,56904,8954,14157,16,0,0,0,2
586981235,586981235,8,255,0,0,20015,1500,1498,1621,1501,987,1495,987,1993,2050,6,0,0,0,39557,8956,14157,16,0,0,0,2
587072236,587072236,8,255,0,0,20002,1501,1497,1608,1501,987,1495,987,1992,2050,6,0,0,0,64732,8957,14157,16,0,0,0,2
587182282,587182282,8,255,0,0,19995,1501,1497,1606,1501,987,1495,987,1992,2050,6,0,0,0,44047,8959,14157,16,0,0,0,2
587290005,587290005,8,255,0,0,20010,1500,1498,1605,1500,988,1495,987,1993,2050,6,0,0,0,19483,8961,14157,16,0,0,0,2
587384950,587384950,8,255,0,0,20003,1501,1497,1604,1499,987,1495,987,1992,2050,6,0,0,0,50106,8962,14157,16,0,0,0,2
587473385,587473385,8,255,0,0,20012,1501,1498,1603,1499,988,1494,988,1993,2050,6,0,0,0,7400,8964,14157,16,0,0,0,2
587585068,587585068,8,255,0,0,19998,1500,1498,1603,1500,987,1495,987,1992,2050,6,0,0,0,53409,8965,14157,16,0,0,0,2
587694312,587694312,8,255,0,0,21017,1500,1498,1603,1499,988,1494,988,1993,2050,6,0,0,0,31701,8967,14157,16,0,0,0,2
587783078,587783078,8,255,0,0,20006,1501,1498,1604,1500,987,1495,987,1992,2050,6,0,0,0,54877,8968,14157,16,0,0,0,2
587894412,587894412,8,255,0,0,20021,1500,1498,1603,1500,987,1495,987,1993,2050,6,0,0,0,35231,8970,14157,16,0,0,0,2
587986824,587986824,8,255,0,0,20000,1501,1498,1604,1500,987,1495,987,1994,2050,6,0,0,0,62121,8971,14157,16,0,0,0,2
588103242,588103242,8,255,0,0,19989,1501,1497,1604,1499,987,1495,987,1992,2050,6,0,0,0,47301,8973,14157,16,0,0,0,2
588195400,588195400,8,255,0,0,20010,1500,1498,1603,1501,987,1495,987,1994,2050,6,0,0,0,8217,8975,14157,16,0,0,0,2
588292808,588292808,8,255,0,0,19992,1500,1498,1603,1500,987,1495,987,1994,2050,6,0,0,0,40178,8976,14157,16,0,0,0,2
588399535,588399535,8,255,0,0,20016,1500,1498,1603,1501,987,1495,987,1994,2050,6,0,0,0,16077,8978,14157,16,0,0,0,2
588507647,588507647,8,255,0,0,19999,1500,1498,1603,1501,987,1495,987,1993,2050,6,0,0,0,58661,8979,14157,16,0,0,0,2
588596695,588596695,8,255,0,0,20003,1499,1498,1605,1500,987,1495,988,1993,2050,6,0,0,0,16504,8981,14157,16,0,0,0,2
588708108,588708108,8,255,0,0,19994,1500,1498,1603,1501,987,1495,987,1992,2050,6,0,0,0,62554,8982,14157,16,0,0,0,2
588816571,588816571,8,255,0,0,19998,1500,1498,1605,1500,988,1495,987,1993,2050,6,0,0,0,39961,8984,14157,16,0,0,0,2
588904671,588904671,8,255,0,0,20002,1500,1498,1605,1500,988,1494,988,1991,2050,6,0,0,0,62444,8985,14157,16,0,0,0,2
589015096,589015096,8,255,0,0,19996,1501,1497,1604,1500,987,1495,987,1994,2050,6,0,0,0,41779,8987,14157,16,0,0,0,2
589105483,589105483,8,255,0,0,20002,1500,1498,1603,1501,987,1495,987,1993,2050,6,0,0,0,1030,8989,14157,16,0,0,0,2
589216237,589216237,8,255,0,0,19999,1500,1498,1603,1501,987,1495,987,1992,2050,6,0,0,0,45374,8990,14157,16,0,0,0,2
589323668,589323668,8,255,0,0,19986,1500,1498,1603,1501,987,1495,987,1993,2050,6,0,0,0,20804,8992,14157,16,0,0,0,2
589406464,589406464,8,255,0,0,19995,1501,1498,1603,1500,988,1494,988,1991,2050,6,0,0,0,39898,8993,14157,16,0,0,0,2
589516026,589516026,8,255,0,0,19996,1501,1498,1603,1500,988,1495,987,1993,2050,6,0,0,0,18151,8995,14157,16,0,0,0,2
589626853,589626853,8,255,0,0,20014,1500,1498,1603,1501,987,1495,987,1994,2050,6,0,0,0,63790,8996,14157,16,0,0,0,2
589715880,589715880,8,255,0,0,19998,1500,1498,1603,1501,987,1495,987,1994,2050,6,0,0,0,21632,8998,14157,16,0,0,0,2
589825034,589825034,8,255,0,0,20011,1500,1498,1603,1501,987,1495,987,1992,2050,6,0,0,0,63936,8999,14157,16,0,0,0,2
589936647,589936647,8,255,0,0,19989,1501,1498,1603,1500,988,1495,987,1993,2050,6,0,0,0,45807,9001,14157,16,0,0,0,2
590027335,590027335,8,255,0,0,20016,1500,1498,1603,1501,987,1495,987,1993,2050,6,0,0,0,5460,9003,14157,16,0,0,0,2
590128474,590128474,8,255,0,0,19995,1501,1497,1604,1500,987,1495,988,1993,2050,6,0,0,0,40815,9004,14157,16,0,0,0,2
590237339,590237339,8,255,0,0,20004,1501,1498,1603,1500,988,1495,987,1993,2050,6,0,0,0,18889,9006,14157,16,0,0,0,2
590328229,590328229,8,255,0,0,20010,1501,1497,1604,1500,987,1495,988,1993,2050,6,0,0,0,44308,9007,14157,16,0,0,0,2
590440098,590440098,8,255,0,0,19988,1500,1498,1603,1501,987,1495,987,1993,2050,6,0,0,0,25104,9009,14157,16,0,0,0,2
590528896,590528896,8,255,0,0,20000,1501,1498,1604,1501,987,1495,987,1994,2050,6,0,0,0,48314,9010,14157,16,0,0,0,2
590637643,590637643,8,255,0,0,19993,1500,1498,1603,1501,987,1495,987,1994,2050,6,0,0,0,25973,9012,14157,16,0,0,0,2
590728997,590728997,8,255,0,0,20016,1500,1498,1603,1501,987,1495,987,1993,2050,6,0,0,0,51770,9013,14157,16,0,0,0,2
590838552,590838552,8,255,0,0,20001,1501,1497,1604,1500,987,1495,988,1993,2050,6,0,0,0,30139,9015,14157,16,0,0,0,2
590947880,590947880,8,255,0,0,19963,1501,1497,1604,1500,987,1495,988,1993,2050,6,0,0,0,8390,9017,14157,16,0,0,0,2
591038694,591038694,8,255,0,0,20005,1501,1498,1603,1500,988,1494,988,1993,2050,6,0,0,0,33847,9018,14157,16,0,0,0,2
591148133,591148133,8,255,0,0,20015,1500,1498,1601,1501,987,1495,987,1994,2050,6,0,0,0,12051,9020,14157,16,0,0,0,2
591234617,591234617,8,255,0,0,20003,1500,1498,1600,1500,987,1495,987,1993,2050,6,0,0,0,33108,9021,14157,16,0,0,0,2
591348565,591348565,8,255,0,0,19998,1500,1498,1597,1499,988,1495,987,1993,2050,6,0,0,0,15593,9023,14157,16,0,0,0,2
591451326,591451326,8,255,0,0,20018,1500,1498,1594,1500,987,1495,987,1992,2050,6,0,0,0,53225,9024,14157,16,0,0,0,2
591556801,591556801,8,255,0,0,20020,1501,1498,1584,1499,987,1495,987,1979,2050,6,0,0,0,26640,9026,14157,16,0,0,0,2
591651293,591651293,8,255,0,0,20005,1500,1498,1584,1500,987,1495,987,1977,2050,6,0,0,0,56651,9027,14157,16,0,0,0,2
591740780,591740780,8,255,0,0,19996,1501,1498,1584,1499,987,1495,987,1976,2050,6,0,0,0,14528,9029,14157,16,0,0,0,2
591859212,591859212,8,255,0,0,19996,1501,1498,1585,1501,987,1495,987,1973,2050,6,0,0,0,1723,9031,14157,16,0,0,0,2
591944700,591944700,8,255,0,0,20002,1501,1497,1586,1500,988,1495,987,1971,2050,6,0,16384,17948,14627,15547,14157,16,0,0,0,2
592053498,592053498,8,255,0,0,19996,1501,1497,1586,1501,987,1495,987,1970,2050,6,0,0,0,65439,9033,14157,16,0,0,0,2
592161361,592161361,8,255,0,0,20002,1501,1498,1587,1499,987,1495,988,1969,2050,6,0,0,0,42380,9035,14157,16,0,0,0,2
592266021,592266021,8,255,0,0,19988,1501,1497,1588,1499,987,1495,987,1970,2050,6,0,0,0,15945,9037,14157,16,0,0,0,2
592359735,592359735,8,255,0,0,20019,1501,1497,1588,1499,987,1495,987,1970,2050,6,0,0,0,43794,9038,14157,16,0,0,0,2
592462014,592462014,8,255,0,0,19995,1501,1497,1588,1500,988,1494,988,1969,2050,6,0,0,0,15352,9040,14157,16,0,0,0,2
592571107,592571107,8,255,0,0,19999,1500,1498,1587,1501,987,1495,987,1970,2050,6,0,0,0,58887,9041,14157,16,0,0,0,2
592660098,592660098,8,255,0,0,19988,1501,1497,1588,1499,987,1495,987,1969,2050,6,0,0,0,16554,9043,14157,16,0,0,0,2
592766975,592766975,8,255,0,0,20002,1501,1498,1587,1500,988,1495,987,1968,2050,6,0,0,0,58178,9044,14157,16,0,0,0,2
592871446,592871446,8,255,0,0,20001,1500,1498,1587,1501,987,1495,987,1969,2050,6,0,0,0,31586,9046,14157,16,0,0,0,2
592981502,592981502,8,255,0,0,19986,1501,1497,1588,1500,987,1495,988,1968,2050,6,0,0,0,10543,9048,14157,16,0,0,0,2
593072004,593072004,8,255,0,0,19999,1500,1498,1587,1501,987,1495,987,1968,2050,6,0,0,0,35480,9049,14157,16,0,0,0,2
593183726,593183726,8,255,0,0,20002,1501,1497,1588,1500,987,1495,987,1969,2050,6,0,0,0,16076,9051,14157,16,0,0,0,2
593272713,593272713,8,255,0,0,20010,1501,1497,1588,1500,988,1494,988,1968,2050,6,0,0,0,39439,9052,14157,16,0,0,0,2
593384504,593384504,8,255,0,0,19986,1501,1498,1587,1500,988,1495,987,1968,2050,6,0,0,0,20181,9054,14157,16,0,0,0,2
593476590,593476590,8,255,0,0,19998,1500,1498,1588,1501,987,1495,987,1969,2050,6,0,0,0,46703,9055,14157,16,0,0,0,2
593590455,593590455,8,255,0,0,19996,1501,1497,1589,1500,988,1494,988,1968,2050,6,0,0,0,28428,9057,14157,16,0,0,0,2
593682443,593682443,8,255,0,0,19992,1501,1498,1588,1501,987,1495,987,1936,2050,6,0,0,0,56100,9058,14157,16,0,0,0,2
593797053,593797053,8,255,0,0,20023,1500,1498,1588,1501,987,1495,987,1922,2050,6,0,0,0,39642,9060,14157,16,0,0,0,2
593885118,593885118,8,255,0,0,19989,1501,1497,1589,1500,988,1495,987,1920,2050,6,0,0,0,62014,9061,14157,16,0,0,0,2
593994478,593994478,8,255,0,0,20002,1501,1498,1588,1501,987,1495,987,1920,2050,6,0,0,0,40114,9063,14157,16,0,0,0,2
594083870,594083870,8,255,0,0,19998,1501,1497,1588,1500,988,1494,988,1845,2050,6,0,0,0,63802,9064,14157,16,0,0,0,2
594192303,594192303,8,255,0,0,20002,1500,1498,1587,1501,987,1495,987,1678,2050,6,0,0,0,39892,9066,14157,16,0,0,0,2
594305711,594305711,8,255,0,0,20017,1500,1498,1587,1501,987,1495,987,1501,2050,6,0,0,0,23090,9068,14157,16,0,0,0,2
594393657,594393657,8,255,0,0,19996,1501,1497,1588,1500,987,1495,988,1500,2050,6,0,0,0,43836,9069,14157,16,0,0,0,2
594499628,594499628,8,255,0,0,20002,1501,1497,1588,1500,987,1495,987,1501,2050,6,0,0,0,21247,9071,14157,16,0,0,0,2
594607629,594607629,8,255,0,0,21002,1501,1497,1588,1500,987,1495,988,1500,2050,6,0,0,0,63679,9072,14157,16,0,0,0,2
594699467,594699467,8,255,0,0,18993,1500,1498,1587,1501,987,1495,987,1500,2050,6,0,0,0,24588,9074,14157,16,0,0,0,2
594808098,594808098,8,255,0,0,20001,1501,1497,1588,1499,987,1495,987,1501,2050,6,0,0,0,2199,9076,14157,16,0,0,0,2
594916670,594916670,8,255,0,0,20008,1500,1498,1587,1500,987,1495,987,1500,2050,6,0,0,0,45152,9077,14157,16,0,0,0,2
595005136,595005136,8,255,0,0,19997,1500,1498,1587,1501,987,1495,987,1501,2050,6,0,0,0,2334,9079,14157,16,0,0,0,2
595117113,595117113,8,255,0,0,20001,1500,1498,1587,1501,987,1495,987,1501,2050,6,0,0,0,48822,9080,14157,16,0,0,0,2
595221046,595221046,8,255,0,0,21015,1501,1497,1588,1500,987,1495,988,1500,2050,6,0,0,0,21917,9082,14157,16,0,0,0,2
595309015,595309015,8,255,0,0,19999,1501,1498,1587,1499,987,1495,988,1500,2050,6,0,0,0,44358,9083,14157,16,0,0,0,2
595417616,595417616,8,255,0,0,19998,1501,1498,1587,1499,987,1495,988,1500,2050,6,0,0,0,21809,9085,14157,16,0,0,0,2
595521829,595521829,8,255,0,0,19987,1500,1498,1587,1499,988,1495,987,1500,2050,6,0,0,0,60564,9086,14157,16,0,0,0,2
595616523,595616523,8,255,0,0,20007,1500,1498,1587,1500,987,1495,987,1501,2050,6,0,0,0,23539,9088,14157,16,0,0,0,2
595722698,595722698,8,255,0,0,20000,1500,1498,1587,1500,987,1495,987,1501,2050,6,0,0,0,64562,9089,14157,16,0,0,0,2
595816440,595816440,8,255,0,0,20015,1500,1498,1586,1500,987,1495,988,1500,2050,6,0,0,0,27431,9091,14157,16,0,0,0,2
595926952,595926952,8,255,0,0,19996,1501,1497,1588,1500,987,1495,988,1500,2050,6,0,0,0,6803,9093,14157,16,0,0,0,2
596038948,596038948,8,255,0,0,20001,1500,1498,1587,1501,987,1495,987,1501,2050,6,0,0,0,53281,9094,14157,16,0,0,0,2
596125044,596125044,8,255,0,0,20002,1501,1497,1586,1500,988,1495,987,1500,2050,6,0,0,0,6803,9096,14157,16,0,0,0,2
596231675,596231675,8,255,0,0,19988,1501,1498,1585,1501,987,1495,987,1501,2050,6,0,0,0,49485,9097,14157,16,0,0,0,2
596339915,596339915,8,255,0,0,20020,1500,1498,1587,1501,987,1495,987,1501,2050,6,0,0,0,26636,9099,14157,16,0,0,0,2
596425622,596425622,8,255,0,0,20027,1501,1497,1586,1500,988,1495,987,1500,2050,6,0,0,0,45656,9100,14157,16,0,0,0,2
596537776,596537776,8,255,0,0,19996,1500,1498,1586,1500,987,1495,988,1500,2050,6,0,0,0,27794,9102,14157,16,0,0,0,2
596645985,596645985,8,255,0,0,20010,1501,1498,1585,1501,987,1495,987,1501,2050,6,0,0,0,3602,9104,14157,16,0,0,0,2
596732948,596732948,8,255,0,0,19997,1501,1497,1586,1501,987,1495,987,1501,2050,6,0,0,0,26465,9105,14157,16,0,0,0,2
596838260,596838260,8,255,0,0,19995,1500,1498,1585,1501,987,1495,987,1501,2050,6,0,0,0,710,9107,14157,16,0,0,0,2
596949358,596949358,8,255,0,0,20005,1500,1498,1586,1500,988,1494,988,1500,2050,6,0,0,0,46288,9108,14157,16,0,0,0,2
597039221,597039221,8,255,0,0,19999,1501,1497,1586,1501,987,1495,987,1501,2050,6,0,0,0,4532,9110,14157,16,0,0,0,2
597147233,597147233,8,255,0,0,19991,1500,1498,1585,1500,987,1495,987,1501,2050,6,0,0,0,46175,9111,14157,16,0,0,0,2
597238388,597238388,8,255,0,0,19996,1500,1498,1585,1501,987,1495,987,1501,2050,6,0,0,0,7556,9113,14157,16,0,0,0,2
597350699,597350699,8,255,0,0,20001,1500,1498,1587,1501,987,1495,987,1501,2050,6,0,0,0,54252,9114,14157,16,0,0,0,2
597460128,597460128,8,255,0,0,20003,1500,1498,1586,1500,987,1495,988,1500,2050,6,0,0,0,32569,9116,14157,16,0,0,0,2
597547968,597547968,8,255,0,0,19999,1500,1498,1587,1501,987,1495,987,1501,2050,6,0,0,0,53883,9117,14157,16,0,0,0,2
597658733,597658733,8,255,0,0,19995,1500,1498,1587,1501,987,1495,987,1500,2050,6,0,0,0,32058,9119,14157,16,0,0,0,2
597743747,597743747,8,255,0,0,20002,1500,1498,1587,1501,987,1495,987,1501,2050,6,0,0,0,54105,9120,14157,16,0,0,0,2
597851651,597851651,8,255,0,0,19988,1500,1498,1586,1499,987,1495,987,1501,2050,6,0,0,0,30873,9122,14157,16,0,0,0,2
597959411,597959411,8,255,0,0,20000,1500,1498,1585,1500,987,1495,987,1501,2050,6,0,0,0,5151,9124,14157,16,0,0,0,2
598050115,598050115,8,255,0,0,20004,1501,1498,1587,1499,987,1495,988,1500,2050,6,0,0,0,32833,9125,14157,16,0,0,0,2
598156683,598156683,8,255,0,0,20000,1501,1498,1587,1500,988,1495,987,1500,2050,6,0,0,0,8407,9127,14157,16,0,0,0,2
598265480,598265480,8,255,0,0,21034,1500,1498,1586,1499,987,1495,987,1501,2050,6,0,0,0,51511,9128,14157,16,0,0,0,2
598356969,598356969,8,255,0,0,19995,1500,1498,1586,1500,987,1495,988,1500,2050,6,0,0,0,12005,9130,14157,16,0,0,0,2
598470690,598470690,8,255,0,0,19991,1500,1498,1587,1501,987,1495,987,1500,2050,6,0,0,0,60004,9131,14157,16,0,0,0,2
598574163,598574163,8,255,0,0,20017,1501,1497,1588,1500,987,1495,987,1501,2050,6,0,0,0,32576,9133,14157,16,0,0,0,2
598665826,598665826,8,255,0,0,20015,1501,1497,1586,1500,988,1495,987,1500,2050,6,0,0,0,58851,9134,14157,16,0,0,0,2
598781031,598781031,8,255,0,0,19974,1501,1497,1586,1501,987,1495,987,1500,2050,6,0,0,0,39941,9136,14157,16,0,0,0,2
598866937,598866937,8,255,0,0,20002,1501,1498,1587,1500,988,1495,987,1500,2050,6,0,0,0,63213,9137,14157,16,0,0,0,2
598980198,598980198,8,255,0,0,20007,1500,1498,1587,1499,988,1495,987,1500,2050,6,0,0,0,43820,9139,14157,16,0,0,0,2
599072190,599072190,8,255,0,0,20029,1500,1498,1586,1499,987,1495,988,1500,2050,6,0,0,0,6253,9141,14157,16,0,0,0,2
599175885,599175885,8,255,0,0,20005,1500,1498,1586,1499,987,1495,987,1501,2050,6,0,0,0,44469,9142,14157,16,0,0,0,2
599284168,599284168,8,255,0,0,19979,1501,1497,1588,1500,987,1495,988,1500,2050,6,0,0,0,21537,9144,14157,16,0,0,0,2
599375845,599375845,8,255,0,0,19980,1501,1498,1587,1499,987,1495,988,1500,2050,6,0,0,0,47793,9145,14157,16,0,0,0,2
599468704,599468704,8,255,0,0,20019,1501,1498,1587,1499,987,1495,988,1500,2050,6,0,0,0,9399,9147,14157,16,0,0,0,2
599576805,599576805,8,255,0,0,20034,1500,1498,1586,1499,987,1495,987,1501,2050,6,0,0,0,52010,9148,14157,16,0,0,0,2
599682827,599682827,8,255,0,0,20017,1500,1498,1585,1501,987,1495,987,1501,2050,6,0,0,0,25074,9150,14157,16,0,0,0,2
599789139,599789139,8,255,0,0,19999,1500,1498,1587,1501,987,1495,987,1500,2050,6,0,0,0,2296,9152,14157,16,0,0,0,2
599877711,599877711,8,255,0,0,20018,1500,1498,1587,1500,987,1495,987,1500,2050,6,0,0,0,25106,9153,14157,16,0,0,0,2
599989068,599989068,8,255,0,0,19984,1501,1497,1586,1499,988,1495,987,1500,2050,6,0,0,0,5821,9155,14157,16,0,0,0,2
600078277,600078277,8,255,0,0,20004,1500,1498,1586,1499,987,1495,987,1501,2050,6,0,0,0,29417,9156,14157,16,0,0,0,2
600190156,600190156,8,255,0,0,20025,1501,1497,1588,1499,987,1495,987,1501,2050,6,0,0,0,10187,9158,14157,16,0,0,0,2
600303345,600303345,8,255,0,0,19979,1501,1497,1588,1499,987,1495,987,1501,2050,6,0,0,0,57913,9159,14157,16,0,0,0,2
600387053,600387053,8,255,0,0,20010,1500,1498,1586,1499,987,1495,988,1500,2050,6,0,0,0,10480,9161,14157,16,0,0,0,2
600499056,600499056,8,255,0,0,20002,1500,1498,1587,1501,987,1495,987,1501,2050,6,0,0,0,56941,9162,14157,16,0,0,0,2
600587067,600587067,8,255,0,0,20016,1500,1498,1587,1501,987,1495,987,1501,2050,6,0,0,0,13947,9164,14157,16,0,0,0,2
600705497,600705497,8,255,0,0,19995,1501,1497,1588,1500,988,1494,988,1500,2050,6,0,0,0,1179,9166,14157,16,0,0,0,2
600795669,600795669,8,255,0,0,20001,1501,1497,1586,1500,988,1495,987,1500,2050,6,0,0,0,25982,9167,14157,16,0,0,0,2
600911523,600911523,8,255,0,0,20003,1501,1497,1586,1500,988,1495,987,1500,2050,6,0,0,0,10710,9169,14157,16,0,0,0,2
601007527,601007527,8,255,0,0,20003,1500,1498,1586,1500,988,1494,988,1500,2050,6,0,0,0,41163,9170,14157,16,0,0,0,2
601096601,601096601,8,255,0,0,20002,1501,1498,1587,1500,988,1494,988,1500,2050,6,0,0,0,64682,9171,14157,16,0,0,0,2
601213493,601213493,8,255,0,0,20001,1500,1498,1586,1499,987,1495,987,1501,2050,6,0,0,0,49600,9173,14157,16,0,0,0,2
601300442,601300442,8,255,0,0,20001,1500,1498,1586,1499,987,1495,987,1501,2050,6,0,0,0,6411,9175,14157,16,0,0,0,2
601406649,601406649,8,255,0,0,19998,1501,1497,1586,1499,987,1495,988,1500,2050,6,0,0,0,47029,9176,14157,16,0,0,0,2
601517065,601517065,8,255,0,0,19998,1501,1498,1587,1500,988,1494,988,1500,2050,6,0,0,0,26499,9178,14157,16,0,0,0,2
601608917,601608917,8,255,0,0,20004,1501,1497,1586,1501,987,1495,987,1501,2050,6,0,0,0,52725,9179,14157,16,0,0,0,2
601722288,601722288,8,255,0,0,20007,1501,1497,1586,1499,988,1495,987,1500,2050,6,0,0,0,34677,9181,14157,16,0,0,0,2
601809913,601809913,8,255,0,0,20022,1501,1498,1585,1500,987,1495,987,1500,2050,6,0,0,0,57007,9182,14157,16,0,0,0,2
601919081,601919081,8,255,0,0,20005,1500,1498,1586,1499,987,1495,987,1501,2050,6,0,0,0,35189,9184,14157,16,0,0,0,2
602007188,602007188,8,255,0,0,19996,1501,1498,1585,1501,987,1495,987,1501,2050,6,0,0,0,57824,9185,14157,16,0,0,0,2
602127080,602127080,8,255,0,0,20004,1500,1498,1586,1499,987,1495,987,1501,2050,6,0,0,0,46482,9187,14157,16,0,0,0,2
602215983,602215983,8,255,0,0,20001,1500,1498,1586,1499,987,1495,987,1501,2050,6,0,0,0,3035,9189,14157,16,0,0,0,2
602327978,602327978,8,255,0,0,20004,1500,1498,1586,1500,988,1494,988,1500,2050,6,0,0,0,50585,9190,14157,16,0,0,0,2
602418792,602418792,8,255,0,0,19998,1500,1498,1586,1500,987,1495,987,1501,2050,6,0,0,0,9205,9192,14157,16,0,0,0,2
602527876,602527876,8,255,0,0,19998,1500,1498,1586,1500,987,1495,987,1501,2050,6,0,0,0,54184,9193,14157,16,0,0,0,2
602640578,602640578,8,255,0,0,19994,1500,1498,1587,1501,987,1495,987,1501,2050,6,0,0,0,35816,9195,14157,16,0,0,0,2
602732646,602732646,8,255,0,0,20009,1500,1498,1587,1501,987,1495,987,1501,2050,6,0,0,0,62028,9196,14157,16,0,0,0,2
602844258,602844258,8,255,0,0,20027,1500,1498,1586,1499,987,1495,987,1501,2050,6,0,0,0,42940,9198,14157,16,0,0,0,2
602929451,602929451,8,255,0,0,19993,1500,1498,1585,1500,987,1495,987,1501,2050,6,0,0,0,62478,9199,14157,16,0,0,0,2
603033045,603033045,8,255,0,0,19996,1501,1498,1585,1501,987,1495,987,1501,2050,6,0,0,0,35091,9201,14157,16,0,0,0,2
603144956,603144956,8,255,0,0,20006,1500,1498,1587,1499,988,1495,987,1500,2050,6,0,0,0,15935,9203,14157,16,0,0,0,2
603253685,603253685,8,255,0,0,20031,1501,1497,1586,1501,987,1495,987,1501,2050,6,0,0,0,59177,9204,14157,16,0,0,0,2
603339235,603339235,8,255,0,0,20001,1501,1497,1586,1499,988,1495,987,1500,2050,6,0,0,0,13566,9206,14157,16,0,0,0,2
603449705,603449705,8,255,0,0,20000,1500,1498,1587,1501,987,1495,987,1501,2050,6,0,0,0,58555,9207,14157,16,0,0,0,2
603560183,603560183,8,255,0,0,20032,1501,1497,1588,1500,987,1495,988,1500,2050,6,0,0,0,37559,9209,14157,16,0,0,0,2
603650833,603650833,8,255,0,0,20000,1500,1498,1586,1499,987,1495,987,1501,2050,6,0,0,0,62731,9210,14157,16,0,0,0,2
603760243,603760243,8,255,0,0,20010,1500,1498,1586,1499,987,1495,987,1501,2050,6,0,0,0,41073,9212,14157,16,0,0,0,2
603851606,603851606,8,255,0,0,20012,1501,1497,1586,1501,987,1495,987,1500,2050,6,0,0,0,1678,9214,14157,16,0,0,0,2
603948799,603948799,8,255,0,0,19990,1500,1498,1587,1500,987,1495,987,1501,2050,6,0,0,0,31899,9215,14157,16,0,0,0,2
604060838,604060838,8,255,0,0,20002,1500,1498,1587,1501,987,1495,987,1501,2050,6,0,0,0,14251,9217,14157,16,0,0,0,2
604152583,604152583,8,255,0,0,19980,1501,1498,1585,1500,987,1495,987,1501,2050,6,0,0,0,40384,9218,14157,16,0,0,0,2
604261073,604261073,8,255,0,0,20001,1500,1498,1586,1500,988,1494,988,1500,2050,6,0,0,0,17604,9220,14157,16,0,0,0,2
604372424,604372424,8,255,0,0,19999,1501,1497,1588,1500,987,1495,987,1501,2050,6,0,0,0,63759,9221,14157,16,0,0,0,2
604453359,604453359,8,255,0,0,20001,1501,1498,1587,1500,988,1495,987,1500,2050,6,0,0,0,13480,9223,14157,16,0,0,0,2
604561641,604561641,8,255,0,0,20004,1500,1498,1587,1501,987,1495,987,1501,2050,6,0,0,0,56283,9224,14157,16,0,0,0,2
604673093,604673093,8,255,0,0,20008,1500,1498,1587,1501,987,1495,987,1501,2050,6,0,0,0,36577,9226,14157,16,0,0,0,2
604762287,604762287,8,255,0,0,19985,1501,1497,1588,1500,987,1495,988,1500,2050,6,0,0,0,60418,9227,14157,16,0,0,0,2
604877726,604877726,8,255,0,0,19986,1500,1498,1587,1501,987,1495,987,1501,2050,6,0,0,0,44803,9229,14157,16,0,0,0,2
604966294,604966294,8,255,0,0,20002,1500,1498,1586,1500,987,1495,988,1500,2050,6,0,0,0,2227,9231,14157,16,0,0,0,2
605083076,605083076,8,255,0,0,20006,1500,1498,1587,1501,987,1495,987,1500,2050,6,0,0,0,53334,9232,14157,16,0,0,0,2
605178543,605178543,8,255,0,0,20010,1501,1498,1587,1500,988,1495,987,1500,2050,6,0,0,0,17907,9234,14157,16,0,0,0,2
605272186,605272186,8,255,0,0,19973,1501,1497,1588,1500,987,1495,987,1501,2050,6,0,0,0,45903,9235,14157,16,0,0,0,2
605375639,605375639,8,255,0,0,19993,1500,1498,1586,1500,987,1495,988,1500,2050,6,0,0,0,18354,9237,14157,16,0,0,0,2
605487666,605487666,8,255,0,0,19998,1501,1497,1588,1500,988,1494,988,1500,2050,6,0,0,0,64692,9238,14157,16,0,0,0,2
605583882,605583882,8,255,0,0,19997,1501,1498,1585,1501,987,1495,987,1501,2050,6,0,0,0,30055,9240,14157,16,0,0,0,2
605676705,605676705,8,255,0,0,19003,1501,1497,1588,1500,988,1494,988,1500,2050,6,0,0,0,57053,9241,14157,16,0,0,0,2
605788793,605788793,8,255,0,0,20005,1500,1498,1586,1500,987,1495,988,1500,2050,6,0,0,0,38133,9243,14157,16,0,0,0,2
605881178,605881178,8,255,0,0,20004,1501,1498,1585,1501,987,1495,987,1501,2050,6,0,0,0,64087,9244,14157,16,0,0,0,2
605985688,605985688,8,255,0,0,20018,1500,1498,1587,1501,987,1495,987,1501,2050,6,0,0,0,38476,9246,14157,16,0,0,0,2
606102399,606102399,8,255,0,0,20000,1500,1498,1587,1501,987,1495,987,1501,2050,6,0,0,0,22766,9248,14157,16,0,0,0,2
606185797,606185797,8,255,0,0,20001,1501,1497,1586,1501,987,1495,987,1501,2050,6,0,0,0,41916,9249,14157,16,0,0,0,2
606294052,606294052,8,255,0,0,20029,1500,1498,1586,1500,988,1494,988,1500,2050,6,0,0,0,19261,9251,14157,16,0,0,0,2
606406964,606406964,8,255,0,0,19999,1501,1498,1587,1500,988,1495,987,1500,2050,6,0,0,0,1007,9253,14157,16,0,0,0,2
606494597,606494597,8,255,0,0,20003,1500,1498,1587,1501,987,1495,987,1500,2050,6,0,0,0,23166,9254,14157,16,0,0,0,2
606606844,606606844,8,255,0,0,19997,1501,1497,1586,1500,988,1495,987,1500,2050,6,0,0,0,4443,9256,14157,16,0,0,0,2
606704129,606704129,8,255,0,0,19983,1500,1498,1586,1500,987,1495,987,1501,2050,6,0,0,0,36184,9257,14157,16,0,0,0,2
606810721,606810721,8,255,0,0,20002,1500,1498,1587,1501,987,1495,987,1501,2050,6,0,0,0,11533,9259,14157,16,0,0,0,2
606904515,606904515,8,255,0,0,20001,1501,1498,1587,1500,988,1495,987,1500,2050,6,0,0,0,39598,9260,14157,16,0,0,0,2
607015738,607015738,8,255,0,0,19998,1500,1498,1587,1500,987,1495,987,1500,2050,6,0,0,0,20009,9262,14157,16,0,0,0,2
607104810,607104810,8,255,0,0,20003,1500,1498,1586,1500,987,1495,988,1009,2050,6,0,0,0,43595,9263,14157,16,0,0,0,2
607213856,607213856,8,255,0,0,20004,1501,1497,1586,1500,988,1495,987,1006,2050,6,0,0,0,19898,9265,14157,16,0,0,0,2
607300543,607300543,8,255,0,0,20023,1501,1498,1587,1499,987,1495,988,1010,2050,6,0,0,0,42633,9266,14157,16,0,0,0,2
607408474,607408474,8,255,0,0,19992,1501,1497,1588,1500,987,1495,988,1012,2050,6,0,0,0,19460,9268,14157,16,0,0,0,2
607521204,607521204,8,255,0,0,19993,1501,1497,1586,1499,988,1495,987,1013,2050,6,0,0,0,1172,9270,14157,16,0,0,0,2
607609484,607609484,8,255,0,0,20001,1501,1498,1585,1500,987,1495,987,1014,2050,6,0,0,0,23943,9271,14157,16,0,0,0,2
607717445,607717445,8,255,0,0,20009,1501,1497,1588,1499,987,1495,988,1015,2050,6,0,0,0,839,9273,14157,16,0,0,0,2
607806279,607806279,8,255,0,0,20004,1501,1498,1587,1499,987,1495,988,1015,2050,6,0,0,0,24187,9274,14157,16,0,0,0,2
607918049,607918049,8,255,0,0,19993,1500,1498,1587,1500,987,1495,987,1015,2050,6,0,0,0,4883,9276,14157,16,0,0,0,2
608030199,608030199,8,255,0,0,20025,1500,1498,1587,1500,987,1495,987,1015,2050,6,0,0,0,51428,9277,14157,16,0,0,0,2
608118154,608118154,8,255,0,0,20001,1500,1498,1585,1501,987,1495,987,1016,2050,6,0,0,0,8344,9279,14157,16,0,0,0,2
608230633,608230633,8,255,0,0,19986,1501,1497,1586,1500,988,1495,987,1015,2050,6,0,0,0,55283,9280,14157,16,0,0,0,2
608317272,608317272,8,255,0,0,20003,1500,1498,1587,1501,987,1495,987,1016,2050,6,0,0,0,10360,9282,14157,16,0,0,0,2
608419524,608419524,8,255,0,0,19980,1500,1498,1586,1499,987,1495,988,1015,2050,6,0,0,0,47619,9283,14157,16,0,0,0,2
608531647,608531647,8,255,0,0,20039,1501,1498,1585,1500,987,1495,987,1015,2050,6,0,0,0,28370,9285,14157,16,0,0,0,2
608639910,608639910,8,255,0,0,20006,1501,1497,1588,1500,987,1495,988,1015,2050,6,0,0,0,5712,9287,14157,16,0,0,0,2
608737017,608737017,8,255,0,0,19988,1500,1498,1585,1501,987,1495,987,1016,2050,6,0,0,0,37474,9288,14157,16,0,0,0,2
608824456,608824456,8,255,0,0,19988,1500,1498,1587,1501,987,1495,987,1015,2050,6,0,0,0,59300,9289,14157,16,0,0,0,2
608938118,608938118,8,255,0,0,19988,1500,1498,1587,1499,988,1494,988,1015,2050,6,0,0,0,41849,9291,14157,16,0,0,0,2
609044117,609044117,8,255,0,0,19970,1500,1498,1587,1501,987,1495,987,1015,2050,6,0,0,0,16871,9293,14157,16,0,0,0,2
609129441,609129441,8,255,0,0,20005,1501,1498,1585,1501,987,1495,987,1016,2050,6,0,0,0,36579,9294,14157,16,0,0,0,2
609241259,609241259,8,255,0,0,20001,1501,1497,1586,1501,987,1495,987,1015,2050,6,0,0,0,17439,9296,14157,16,0,0,0,2
609333083,609333083,8,255,0,0,19996,1500,1498,1587,1501,987,1495,987,1016,2050,6,0,0,0,43677,9297,14157,16,0,0,0,2
609450413,609450413,8,255,0,0,20004,1501,1497,1588,1500,988,1494,988,1015,2050,6,0,0,0,29402,9299,14157,16,0,0,0,2
609539009,609539009,8,255,0,0,20004,1501,1497,1588,1500,988,1494,988,1015,2050,6,0,0,0,52974,9300,14157,16,0,0,0,2
609649711,609649711,8,255,0,0,20020,1501,1497,1586,1500,988,1495,987,1015,2050,6,0,0,0,32579,9302,14157,16,0,0,0,2
609759733,609759733,8,255,0,0,20007,1501,1498,1587,1500,988,1495,987,1015,2050,6,0,0,0,11542,9304,14157,16,0,0,0,2
609848230,609848230,8,255,0,0,19992,1500,1498,1587,1501,987,1495,987,1015,2050,6,0,0,0,33185,9305,14157,16,0,0,0,2
609955065,609955065,8,255,0,0,19999,1500,1498,1586,1500,987,1495,988,1015,2050,6,0,0,0,10169,9307,14157,16,0,0,0,2
610048814,610048814,8,255,0,0,19998,1501,1497,1586,1501,987,1495,987,1015,2050,6,0,0,0,37336,9308,14157,16,0,0,0,2
610152184,610152184,8,255,0,0,19999,1500,1498,1587,1501,987,1495,987,1016,2050,6,0,0,0,10720,9310,14157,16,0,0,0,2
610263529,610263529,8,255,0,0,19986,1501,1497,1586,1501,987,1495,987,1015,2050,6,0,0,0,56497,9311,14157,16,0,0,0,2
610352563,610352563,8,255,0,0,20003,1501,1498,1587,1500,988,1495,987,1015,2050,6,0,0,0,14587,9313,14157,16,0,0,0,2
610471301,610471301,8,255,0,0,20013,1500,1498,1586,1500,987,1495,987,1016,2050,6,0,0,0,1272,9315,14157,16,0,0,0,2
610556827,610556827,8,255,0,0,19994,1501,1497,1586,1500,988,1495,987,1015,2050,6,0,0,0,21687,9316,14157,16,0,0,0,2
610665065,610665065,8,255,0,0,20019,1501,1497,1586,1501,987,1495,987,1015,2050,6,0,0,0,64792,9317,14157,16,0,0,0,2
610753248,610753248,8,255,0,0,18999,1501,1498,1585,1501,987,1495,987,1015,2050,6,0,0,0,22077,9319,14157,16,0,0,0,2
610865489,610865489,8,255,0,0,20000,1500,1498,1586,1500,987,1495,988,1013,2050,6,0,0,0,2961,9321,14157,16,0,0,0,2
610974036,610974036,8,255,0,0,20003,1501,1497,1586,1501,987,1495,987,1009,2050,6,0,0,0,46201,9322,14157,16,0,0,0,2
611061819,611061819,8,255,0,0,20003,1500,1498,1586,1500,988,1495,987,1006,2050,6,0,0,0,2896,9324,14157,16,0,0,0,2
611173712,611173712,8,255,0,0,20000,1501,1498,1585,1501,987,1495,987,1007,2050,6,0,0,0,49320,9325,14157,16,0,0,0,2
611280246,611280246,8,255,0,0,19985,1500,1498,1584,1501,987,1495,987,1009,2050,6,0,0,0,23097,9327,14157,16,0,0,0,2
611367080,611367080,8,255,0,0,20003,1501,1497,1585,1500,987,1495,987,1010,2050,6,0,0,0,45793,9328,14157,16,0,0,0,2
611478614,611478614,8,255,0,0,19989,1501,1497,1564,1501,987,1495,987,1009,2050,6,0,0,0,26489,9330,14157,16,0,0,0,2
611587531,611587531,8,255,0,0,20003,1501,1497,1561,1501,987,1495,987,1011,2050,6,0,0,0,4313,9332,14157,16,0,0,0,2
611675705,611675705,8,255,0,0,19984,1501,1497,1561,1501,987,1495,987,1009,2050,6,0,0,0,26794,9333,14157,16,0,0,0,2
611783864,611783864,8,255,0,0,20002,1501,1497,1560,1500,987,1495,988,1009,2050,6,0,0,0,4067,9335,14157,16,0,0,0,2
611872852,611872852,8,255,0,0,20004,1500,1498,1559,1501,987,1495,987,1009,2050,6,0,0,0,27456,9336,14157,16,0,0,0,2
611984691,611984691,8,255,0,0,20030,1501,1498,1557,1501,987,1495,987,1010,2050,6,0,0,0,8131,9338,14157,16,0,0,0,2
612073275,612073275,8,255,0,0,20002,1500,1498,1557,1501,987,1495,987,1010,2050,6,0,0,0,31005,9339,14157,16,0,0,0,2
612184262,612184262,8,255,0,0,20004,1501,1497,1558,1500,988,1495,987,1011,2050,6,0,0,0,9899,9341,14157,16,0,0,0,2
612293725,612293725,8,255,0,0,19984,1500,1498,1557,1501,987,1495,987,1011,2050,6,0,0,0,55110,9342,14157,16,0,0,0,2
612377242,612377242,8,255,0,0,19991,1500,1498,1557,1501,987,1495,987,1011,2050,6,0,0,0,7628,9344,14157,16,0,0,0,2
612483769,612483769,8,255,0,0,19983,1501,1497,1558,1501,987,1495,987,1009,2050,6,0,0,0,48658,9345,14157,16,0,0,0,2
612594260,612594260,8,255,0,0,20036,1501,1498,1557,1501,987,1495,987,1011,2050,6,0,0,0,28113,9347,14157,16,0,0,0,2
612686298,612686298,8,255,0,0,20004,1501,1497,1558,1500,988,1495,987,1011,2050,6,0,0,0,54440,9348,14157,16,0,0,0,2
612794929,612794929,8,255,0,0,20004,1500,1498,1557,1501,987,1495,987,1011,2050,6,0,0,0,32061,9350,14157,16,0,0,0,2
612884434,612884434,8,255,0,0,20006,1501,1497,1558,1500,988,1495,987,1011,2050,6,0,0,0,55958,9351,14157,16,0,0,0,2
612990659,612990659,8,255,0,0,19992,1500,1498,1558,1500,988,1495,987,1009,2050,6,0,0,0,31245,9353,14157,16,0,0,0,2
613105236,613105236,8,255,0,0,19984,1501,1497,1558,1500,988,1495,987,1011,2050,6,0,0,0,14373,9355,14157,16,0,0,0,2
613194277,613194277,8,255,0,0,19986,1500,1498,1558,1500,987,1495,987,1010,2050,6,0,0,0,35784,9356,14157,16,0,0,0,2
613304907,613304907,8,255,0,0,19998,1500,1498,1557,1500,987,1495,987,1009,2050,6,0,0,0,17839,9358,14157,16,0,0,0,2
613388900,613388900,8,255,0,0,19993,1500,1498,1558,1499,987,1495,988,1009,2050,6,0,0,0,36115,9359,14157,16,0,0,0,2
613496204,613496204,8,255,0,0,19986,1501,1498,1557,1500,987,1495,987,1009,2050,6,0,0,0,12469,9361,14157,16,0,0,0,2
613608962,613608962,8,255,0,0,19993,1500,1498,1558,1499,987,1495,987,1011,2050,6,0,0,0,59608,9362,14157,16,0,0,0,2
613696663,613696663,8,255,0,0,19996,1501,1498,1557,1501,987,1495,987,1011,2050,6,0,0,0,16274,9364,14157,16,0,0,0,2
613809464,613809464,8,255,0,0,20004,1500,1498,1558,1499,987,1495,988,1010,2050,6,0,0,0,63546,9365,14157,16,0,0,0,2
613917496,613917496,8,255,0,0,19998,1501,1497,1560,1500,987,1495,988,1010,2050,6,0,0,0,40466,9367,14157,16,0,0,0,2
614009510,614009510,8,255,0,0,20006,1500,1498,1559,1501,987,1495,987,1009,2050,6,0,16384,17948,31052,15555,14157,16,0,0,0,2
614117731,614117731,8,255,0,0,20019,1500,1498,1559,1501,987,1495,987,1011,2050,6,0,0,0,44179,9370,14157,16,0,0,0,2
614207762,614207762,8,255,0,0,19999,1501,1497,1558,1500,988,1495,987,1009,2050,6,0,0,0,3118,9372,14157,16,0,0,0,2
614318615,614318615,8,255,0,0,19974,1501,1497,1558,1501,987,1495,987,1011,2050,6,0,0,0,48403,9373,14157,16,0,0,0,2
614408331,614408331,8,255,0,0,20004,1501,1498,1559,1500,988,1495,987,1009,2050,6,0,0,0,6800,9375,14157,16,0,0,0,2
614518948,614518948,8,255,0,0,20005,1501,1497,1558,1501,987,1495,987,1011,2050,6,0,0,0,52184,9376,14157,16,0,0,0,2
614628014,614628014,8,255,0,0,19998,1501,1498,1559,1500,988,1494,988,1009,2050,6,0,0,0,30177,9378,14157,16,0,0,0,2
614717237,614717237,8,255,0,0,19998,1501,1497,1560,1500,987,1495,987,1011,2050,6,0,0,0,52246,9379,14157,16,0,0,0,2
614823912,614823912,8,255,0,0,20003,1500,1498,1559,1501,987,1495,987,1009,2050,6,0,0,0,29255,9381,14157,16,0,0,0,2
614932015,614932015,8,255,0,0,20031,1500,1498,1558,1500,987,1495,987,1010,2050,6,0,0,0,6361,9383,14157,16,0,0,0,2
615020106,615020106,8,255,0,0,19980,1501,1497,1558,1499,988,1495,987,1009,2050,6,0,0,0,29080,9384,14157,16,0,0,0,2
615132551,615132551,8,255,0,0,20008,1501,1498,1557,1500,987,1495,987,1009,2050,6,0,0,0,10372,9386,14157,16,0,0,0,2
615220099,615220099,8,255,0,0,19997,1501,1498,1557,1501,987,1495,987,1011,2050,6,0,0,0,32470,9387,14157,16,0,0,0,2
615333345,615333345,8,255,0,0,20004,1501,1497,1558,1501,987,1495,987,1009,2050,6,0,0,0,14259,9389,14157,16,0,0,0,2
615425480,615425480,8,255,0,0,19995,1500,1498,1558,1499,987,1495,987,1011,2050,6,0,0,0,41079,9390,14157,16,0,0,0,2
615538754,615538754,8,255,0,0,20017,1501,1497,1558,1501,987,1495,987,1011,2050,6,0,0,0,23385,9392,14157,16,0,0,0,2
615622020,615622020,8,255,0,0,20031,1500,1498,1558,1500,987,1495,987,1011,2050,6,0,0,0,41174,9393,14157,16,0,0,0,2
615734112,615734112,8,255,0,0,19984,1500,1498,1559,1501,987,1495,987,1011,2050,6,0,0,0,22069,9395,14157,16,0,0,0,2
615842053,615842053,8,255,0,0,19989,1500,1498,1559,1501,987,1495,987,1011,2050,6,0,0,0,64606,9396,14157,16,0,0,0,2
615934856,615934856,8,255,0,0,20002,1500,1498,1559,1501,987,1495,987,1011,2050,6,0,0,0,26317,9398,14157,16,0,0,0,2
616042530,616042530,8,255,0,0,20004,1500,1498,1559,1501,987,1495,987,1010,2050,6,0,0,0,2884,9400,14157,16,0,0,0,2
616134674,616134674,8,255,0,0,19982,1500,1498,1559,1501,987,1495,987,1009,2050,6,0,0,0,29401,9401,14157,16,0,0,0,2
616248355,616248355,8,255,0,0,19986,1501,1497,1560,1500,987,1495,987,1010,2050,6,0,0,0,11225,9403,14157,16,0,0,0,2
616343329,616343329,8,255,0,0,19988,1500,1498,1559,1501,987,1495,987,1010,2050,6,0,0,0,41500,9404,14157,16,0,0,0,2
616455506,616455506,8,255,0,0,20017,1501,1498,1559,1500,988,1495,987,1009,2050,6,0,0,0,22553,9406,14157,16,0,0,0,2
616541191,616541191,8,255,0,0,19984,1501,1497,1560,1500,987,1495,988,1010,2050,6,0,0,0,42551,9407,14157,16,0,0,0,2
616652496,616652496,8,255,0,0,20003,1501,1497,1558,1500,988,1495,987,1011,2050,6,0,0,0,23058,9409,14157,16,0,0,0,2
616761733,616761733,8,255,0,0,20001,1500,1498,1559,1501,987,1495,987,1009,2050,6,0,0,0,1154,9411,14157,16,0,0,0,2
616865209,616865209,8,255,0,0,19986,1501,1497,1560,1500,987,1495,988,1009,2050,6,0,0,0,39082,9412,14157,16,0,0,0,2
616957064,616957064,8,255,0,0,20006,1500,1498,1559,1501,987,1495,987,1010,2050,6,0,0,0,65473,9413,14157,16,0,0,0,2
617050436,617050436,8,255,0,0,20007,1500,1498,1559,1501,987,1495,987,1011,2050,6,0,0,0,26232,9415,14157,16,0,0,0,2
617154264,617154264,8,255,0,0,20019,1501,1498,1559,1500,988,1495,987,1009,2050,6,0,0,0,509,9417,14157,16,0,0,0,2
617262269,617262269,8,255,0,0,19998,1500,1498,1559,1501,987,1495,987,1011,2050,6,0,0,0,42984,9418,14157,16,0,0,0,2
617353074,617353074,8,255,0,0,19984,1500,1498,1559,1501,987,1495,987,1011,2050,6,0,0,0,1504,9420,14157,16,0,0,0,2
617463043,617463043,8,255,0,0,20005,1501,1497,1560,1500,987,1495,988,1011,2050,6,0,0,0,47160,9421,14157,16,0,0,0,2
617558750,617558750,8,255,0,0,20004,1500,1498,1559,1501,987,1495,987,1011,2050,6,0,0,0,11755,9423,14157,16,0,0,0,2
617667198,617667198,8,255,0,0,19983,1501,1498,1559,1500,988,1495,987,1009,2050,6,0,0,0,54358,9424,14157,16,0,0,0,2
617755759,617755759,8,255,0,0,19983,1501,1498,1559,1500,988,1495,987,1009,2050,6,0,0,0,11954,9426,14157,16,0,0,0,2
617863556,617863556,8,255,0,0,19974,1501,1497,1560,1500,987,1495,988,1009,2050,6,0,0,0,54379,9427,14157,16,0,0,0,2
617973114,617973114,8,255,0,0,20003,1501,1498,1559,1500,988,1495,987,1011,2050,6,0,0,0,32683,9429,14157,16,0,0,0,2
618060213,618060213,8,255,0,0,19999,1500,1498,1558,1500,987,1495,988,1010,2050,6,0,0,0,54490,9430,14157,16,0,0,0,2
618173840,618173840,8,255,0,0,20003,1500,1498,1558,1500,988,1494,988,1011,2050,6,0,0,0,37116,9432,14157,16,0,0,0,2
618284208,618284208,8,255,0,0,20004,1501,1497,1558,1501,987,1495,987,1011,2050,6,0,0,0,16251,9434,14157,16,0,0,0,2
618369477,618369477,8,255,0,0,19999,1500,1498,1558,1500,987,1495,988,1009,2050,6,0,0,0,35737,9435,14157,16,0,0,0,2
618482053,618482053,8,255,0,0,19999,1501,1497,1558,1500,988,1495,987,1011,2050,6,0,0,0,16820,9437,14157,16,0,0,0,2
618589838,618589838,8,255,0,0,19994,1501,1498,1557,1500,987,1495,987,1011,2050,6,0,0,0,59881,9438,14157,16,0,0,0,2
618682739,618682739,8,255,0,0,19974,1500,1498,1557,1501,987,1495,987,1010,2050,6,0,0,0,20739,9440,14157,16,0,0,0,2
618775415,618775415,8,255,0,0,20001,1500,1498,1558,1500,987,1495,988,1009,2050,6,0,0,0,48688,9441,14157,16,0,0,0,2
618890509,618890509,8,255,0,0,21004,1500,1498,1557,1501,987,1495,987,1011,2050,6,0,0,0,32777,9443,14157,16,0,0,0,2
618978629,618978629,8,255,0,0,20000,1500,1498,1557,1500,987,1495,987,1011,2050,6,0,0,0,55376,9444,14157,16,0,0,0,2
619096433,619096433,8,255,0,0,20015,1501,1497,1558,1501,987,1495,987,1011,2050,6,0,0,0,42153,9446,14157,16,0,0,0,2
619184453,619184453,8,255,0,0,19994,1501,1497,1558,1499,988,1495,987,1011,2050,6,0,0,0,62695,9447,14157,16,0,0,0,2
619296922,619296922,8,255,0,0,20003,1500,1498,1556,1501,987,1495,987,1011,2050,6,0,0,0,46006,9449,14157,16,0,0,0,2
619387885,619387885,8,255,0,0,19988,1501,1497,1546,1501,987,1495,987,1011,2050,6,0,0,0,5790,9451,14157,16,0,0,0,2
619497162,619497162,8,255,0,0,19999,1500,1498,1546,1501,987,1495,987,1011,2050,6,0,0,0,49416,9452,14157,16,0,0,0,2
619605865,619605865,8,255,0,0,20002,1501,1498,1541,1501,987,1495,987,1011,2050,6,0,0,0,27078,9454,14157,16,0,0,0,2
619692678,619692678,8,255,0,0,20020,1501,1497,1542,1501,987,1495,987,1011,2050,6,0,0,0,48576,9455,14157,16,0,0,0,2
619807292,619807292,8,255,0,0,19995,1501,1498,1540,1500,987,1495,988,1010,2050,6,0,0,0,31226,9457,14157,16,0,0,0,2
619897447,619897447,8,255,0,0,19976,1500,1498,1540,1499,988,1495,987,1011,2050,6,0,0,0,56635,9458,14157,16,0,0,0,2
620001339,620001339,8,255,0,0,19985,1500,1498,1540,1500,988,1495,987,1009,2050,6,0,0,0,29344,9460,14157,16,0,0,0,2
620109465,620109465,8,255,0,0,19996,1500,1498,1540,1499,988,1494,988,1009,2050,6,0,0,0,6548,9462,14157,16,0,0,0,2
620201714,620201714,8,255,0,0,20020,1501,1497,1541,1500,987,1495,987,1011,2050,6,0,0,0,33355,9463,14157,16,0,0,0,2
620317716,620317716,8,255,0,0,19988,1501,1497,1540,1501,987,1495,987,1010,2050,6,0,0,0,18249,9465,14157,16,0,0,0,2
620408917,620408917,8,255,0,0,19992,1501,1497,1540,1501,987,1495,987,1010,2050,6,0,0,0,42946,9466,14157,16,0,0,0,2
620522516,620522516,8,255,0,0,19992,1501,1497,1540,1501,987,1495,987,1011,2050,6,0,0,0,26436,9468,14157,16,0,0,0,2
620610545,620610545,8,255,0,0,20018,1501,1497,1541,1500,987,1495,987,1011,2050,6,0,0,0,48890,9469,14157,16,0,0,0,2
620723176,620723176,8,255,0,0,19987,1501,1497,1540,1501,1499,1495,987,1011,2050,6,0,0,0,30007,9471,14157,16,0,0,0,2
620811293,620811293,8,255,0,0,20004,1500,1498,1540,1501,1499,1495,987,1011,2050,6,0,0,0,52885,9472,14157,16,0,0,0,2
620919845,620919845,8,255,0,0,20004,1500,1498,1540,1500,1500,1495,987,1011,2050,6,0,0,0,30097,9474,14157,16,0,0,0,2
621032048,621032048,8,255,0,0,19985,1500,1498,1540,1500,1500,1495,987,1011,2050,6,0,0,0,11515,9476,14157,16,0,0,0,2
621119485,621119485,8,255,0,0,20002,1500,1498,1540,1501,1499,1495,987,1009,2050,6,0,0,0,33589,9477,14157,16,0,0,0,2
621229337,621229337,8,255,0,0,19977,1501,1497,1541,1499,1499,1495,987,1010,2050,6,0,0,0,12262,9479,14157,16,0,0,0,2
621320109,621320109,8,255,0,0,20004,1501,1498,1539,1500,1499,1495,987,1011,2050,6,0,0,0,37636,9480,14157,16,0,0,0,2
621424535,621424535,8,255,0,0,19981,1501,1498,1515,1500,1500,1494,988,1009,2050,6,0,0,0,10892,9482,14157,16,0,0,0,2
621539683,621539683,8,255,0,0,20012,1500,1498,1500,1501,1499,1495,987,1011,2050,6,0,0,0,57973,9483,14157,16,0,0,0,2
621625017,621625017,8,255,0,0,20010,1501,1497,1489,1501,1499,1495,987,1011,2050,6,0,0,0,14862,9485,14157,16,0,0,0,2
621738063,621738063,8,255,0,0,19994,1500,1498,1487,1501,1499,1495,987,1011,2050,6,0,0,0,61292,9486,14157,16,0,0,0,2
621829742,621829742,8,255,0,0,19993,1501,1497,1488,1500,1499,1495,988,1011,2050,6,0,0,0,22944,9488,14157,16,0,0,0,2
621939311,621939311,8,255,0,0,19984,1478,1497,1487,1500,1499,1495,987,1011,2050,6,0,0,0,65396,9489,14157,16,0,0,0,2
622026156,622026156,8,255,0,0,19995,1362,1497,1487,1500,1499,1495,987,1011,2050,6,0,0,0,22327,9491,14157,16,0,0,0,2
622142516,622142516,8,255,0,0,19991,1335,1498,1486,1499,1499,1495,987,1011,2050,6,0,0,0,8008,9493,14157,16,0,0,0,2
622234695,622234695,8,255,0,0,19990,1318,1497,1487,1499,1499,1495,987,1011,2050,6,0,0,0,34706,9494,14157,16,0,0,0,2
622342504,622342504,8,255,0,0,19995,1342,1498,1486,1501,1499,1495,987,1013,2050,6,0,0,0,11435,9496,14157,16,0,0,0,2
622451672,622451672,8,255,0,0,19996,1426,1498,1486,1499,1499,1495,988,1012,2050,6,0,0,0,55063,9497,14157,16,0,0,0,2
622541467,622541467,8,255,0,0,19999,1468,1498,1486,1499,1499,1495,988,1012,0,0,0,0,0,0,0,0,0,0,0,0,2
622656067,622656067,8,255,0,0,19997,1473,1497,1485,1499,1499,1495,988,1012,2050,6,0,0,0,62290,9500,14157,16,0,0,0,2
622742047,622742047,8,255,0,0,19994,1483,1498,1484,1499,1500,1495,987,1011,2050,6,0,0,0,17442,9502,14157,16,0,0,0,2
622852805,622852805,8,255,0,0,20005,1498,1497,1485,1500,1500,1494,988,1012,2050,6,0,0,0,62998,9503,14157,16,0,0,0,2
622944179,622944179,8,255,0,0,20008,1498,1497,1485,1500,1500,1495,987,1012,2050,6,0,0,0,23206,9505,14157,16,0,0,0,2
623052943,623052943,8,255,0,0,19998,1499,1498,1486,1501,1499,1495,987,1011,2050,6,0,0,0,908,9507,14157,16,0,0,0,2
623145257,623145257,8,255,0,0,20009,1499,1520,1486,1500,1500,1494,988,1012,2050,6,0,0,0,27543,9508,14157,16,0,0,0,2
623257006,623257006,8,255,0,0,19994,1500,1546,1486,1500,1500,1495,987,1011,2050,6,0,0,0,8379,9510,14157,16,0,0,0,2
623365644,623365644,8,255,0,0,20005,1501,1590,1486,1501,1499,1495,987,1011,2050,6,0,0,0,51545,9511,14157,16,0,0,0,2
623453102,623453102,8,255,0,0,19999,1501,1590,1486,1500,1500,1495,987,1011,2050,6,0,0,0,5114,9513,14157,16,0,0,0,2
623563710,623563710,8,255,0,0,20006,1501,1600,1486,1501,1499,1495,987,1011,2050,6,0,0,0,52932,9514,14157,16,0,0,0,2
623652307,623652307,8,255,0,0,20026,1501,1588,1486,1501,1499,1495,987,1013,2050,6,0,0,0,9015,9516,14157,16,0,0,0,2
623763777,623763777,8,255,0,0,20004,1500,1562,1486,1501,1499,1495,987,1013,2050,6,0,0,0,0,0,14157,16,0,0,0,2
623872194,623872194,8,255,0,0,20035,1501,1549,1484,1501,1499,1495,987,1011,2050,6,0,0,0,32814,9519,14157,16,0,0,0,2
623959429,623959429,8,255,0,0,20003,1501,1547,1485,1500,1500,1495,987,1011,2050,6,0,0,0,55543,9520,14157,16,0,0,0,2
624064471,624064471,8,255,0,0,19989,1509,1518,1485,1499,1499,1495,987,1011,2050,6,0,0,0,28961,9522,14157,16,0,0,0,2
624175649,624175649,8,255,0,0,19985,1509,1500,1484,1499,1500,1495,987,1012,2050,6,0,0,0,9564,9524,14157,16,0,0,0,2
624280800,624280800,8,255,0,0,20012,1509,1500,1484,1499,1500,1495,987,1011,2050,6,0,0,0,48923,9525,14157,16,0,0,0,2
624368644,624368644,8,255,0,0,19987,1508,1500,1484,1499,1500,1495,987,1011,2050,6,0,0,0,5785,9527,14157,16,0,0,0,2
624476546,624476546,8,255,0,0,20003,1506,1500,1484,1501,1499,1495,987,1011,2050,6,0,0,0,48267,9528,14157,16,0,0,0,2
624581051,624581051,8,255,0,0,19994,1514,1499,1485,1499,1499,1495,987,1011,2050,6,0,0,0,21750,9530,14157,16,0,0,0,2
624669826,624669826,8,255,0,0,19983,1521,1499,1485,1500,1500,1494,988,1011,2050,6,0,0,0,44863,9531,14157,16,0,0,0,2
624777113,624777113,8,255,0,0,20009,1533,1499,1485,1500,1499,1495,988,1010,2050,6,0,0,0,21011,9533,14157,16,0,0,0,2
624881703,624881703,8,255,0,0,19993,1511,1499,1484,1501,1499,1495,987,1011,2050,6,0,0,0,60310,9534,14157,16,0,0,0,2
624970485,624970485,8,255,0,0,20002,1512,1507,1484,1501,1499,1495,987,1011,2050,6,0,0,0,18004,9536,14157,16,0,0,0,2
625082043,625082043,8,255,0,0,20004,1530,1517,1484,1501,1499,1495,987,1011,2050,6,0,0,0,64032,9537,14157,16,0,0,0,2
625187333,625187333,8,255,0,0,19984,1512,1527,1485,1500,1500,1495,987,1011,2050,6,0,0,0,38213,9539,14157,16,0,0,0,2
625278687,625278687,8,255,0,0,20000,1502,1542,1483,1500,1500,1495,987,1011,2050,6,0,0,0,63926,9540,14157,16,0,0,0,2
625387191,625387191,8,255,0,0,20006,1500,1553,1447,1500,1500,1495,987,1011,2050,6,0,0,0,41376,9542,14157,16,0,0,0,2
625499733,625499733,8,255,0,0,19984,1501,1552,1448,1500,1500,1494,988,1011,2050,6,0,0,0,22700,9544,14157,16,0,0,0,2
625587521,625587521,8,255,0,0,20005,1500,1553,1448,1501,1499,1495,987,1011,2050,6,0,0,0,45155,9545,14157,16,0,0,0,2
625699678,625699678,8,255,0,0,20003,1500,1553,1448,1501,1499,1495,987,1011,2050,6,0,0,0,26255,9547,14157,16,0,0,0,2
625783662,625783662,8,255,0,0,19994,1501,1553,1448,1514,1500,1495,987,1011,2050,6,0,0,0,44646,9548,14157,16,0,0,0,2
625898252,625898252,8,255,0,0,20004,1501,1552,1448,1513,1500,1495,987,1011,2050,6,0,0,0,28145,9550,14157,16,0,0,0,2
625988827,625988827,8,255,0,0,19999,1500,1554,1447,1501,1499,1495,987,1011,2050,6,0,0,0,53080,9551,14157,16,0,0,0,2
626108019,626108019,8,255,0,0,20005,1501,1565,1448,1502,1499,1495,987,1011,2050,6,0,0,0,38452,9553,14157,16,0,0,0,2
626193041,626193041,8,255,0,0,19992,1499,1567,1446,1500,1500,1495,987,1011,2050,6,0,0,0,60900,9554,14157,16,0,0,0,2
626300925,626300925,8,255,0,0,20004,1499,1569,1444,1503,1499,1495,987,1011,2050,6,0,0,0,37732,9556,14157,16,0,0,0,2
626407259,626407259,8,255,0,0,19994,1479,1566,1430,1504,1499,1495,987,1011,2050,6,0,0,0,11776,9558,14157,16,0,0,0,2
626494278,626494278,8,255,0,0,19995,1478,1566,1430,1504,1499,1495,987,1011,2050,6,0,0,0,34258,9559,14157,16,0,0,0,2
626609729,626609729,8,255,0,0,19994,1487,1566,1429,1502,1499,1495,987,1011,2050,6,0,0,0,18829,9561,14157,16,0,0,0,2
626714053,626714053,8,255,0,0,19995,1499,1545,1427,1502,1500,1495,987,1011,2050,6,0,0,0,57599,9562,14157,16,0,0,0,2
626802647,626802647,8,255,0,0,19995,1499,1535,1427,1502,1499,1495,988,1012,2050,6,0,0,0,15055,9564,14157,16,0,0,0,2
626919436,626919436,8,255,0,0,19995,1498,1508,1427,1501,1499,1495,987,1011,2050,6,0,0,0,891,9566,14157,16,0,0,0,2
627009715,627009715,8,255,0,0,20012,1498,1499,1429,1500,1500,1494,988,1011,2050,6,0,0,0,22853,9567,14157,16,0,0,0,2
627112228,627112228,8,255,0,0,20009,1499,1499,1429,1501,1499,1495,987,1011,2050,6,0,0,0,62406,9568,14157,16,0,0,0,2
627203674,627203674,8,255,0,0,19995,1500,1499,1429,1500,1500,1494,988,1011,2050,6,0,0,0,22853,9570,14157,16,0,0,0,2
627315421,627315421,8,255,0,0,20013,1476,1499,1429,1501,1499,1495,987,1011,2050,6,0,0,0,3666,9572,14157,16,0,0,0,2
627424313,627424313,8,255,0,0,20009,1493,1499,1429,1501,1499,1495,987,1011,2050,6,0,0,0,46839,9573,14157,16,0,0,0,2
627512442,627512442,8,255,0,0,19993,1496,1499,1429,1499,1500,1495,987,1011,2050,6,0,0,0,4064,9575,14157,16,0,0,0,2
627624264,627624264,8,255,0,0,19998,1498,1499,1427,1500,1499,1495,987,1011,2050,6,0,0,0,50223,9576,14157,16,0,0,0,2
627733239,627733239,8,255,0,0,20003,1496,1500,1427,1499,1501,1495,987,1011,2050,6,0,0,0,28224,9578,14157,16,0,0,0,2
627821246,627821246,8,255,0,0,19998,1487,1499,1419,1500,1500,1494,988,1011,2050,6,0,0,0,50546,9579,14157,16,0,0,0,2
627933673,627933673,8,255,0,0,20007,1483,1499,1406,1500,1501,1495,987,1011,2050,6,0,0,0,31671,9581,14157,16,0,0,0,2
628037840,628037840,8,255,0,0,19994,1464,1499,1405,1501,1499,1495,987,1013,2050,6,0,0,0,5102,9583,14157,16,0,0,0,2
628121995,628121995,8,255,0,0,19998,1462,1499,1406,1499,1500,1495,988,1010,2050,6,0,0,0,23628,9584,14157,16,0,0,0,2
628234140,628234140,8,255,0,0,19995,1462,1498,1405,1500,1499,1495,987,1011,2050,6,0,0,0,4791,9586,14157,16,0,0,0,2
628323222,628323222,8,255,0,0,19998,1463,1498,1405,1499,1500,1494,988,1011,2050,6,0,0,0,28071,9587,14157,16,0,0,0,2
628434865,628434865,8,255,0,0,20011,1442,1489,1406,1500,1499,1495,987,1011,2050,6,0,0,0,8628,9589,14157,16,0,0,0,2
628522827,628522827,8,255,0,0,19999,1454,1496,1407,1499,1499,1495,987,1011,2050,6,0,0,0,31249,9590,14157,16,0,0,0,2
628635523,628635523,8,255,0,0,19992,1484,1496,1407,1499,1500,1495,987,1012,2050,6,0,0,0,12945,9592,14157,16,0,0,0,2
628740809,628740809,8,255,0,0,20009,1483,1495,1407,1499,1499,1495,988,1010,2050,6,0,0,0,51524,9593,14157,16,0,0,0,2
628827866,628827866,8,255,0,0,20010,1501,1493,1407,1499,1499,1495,988,1012,2050,6,0,0,0,8558,9595,14157,16,0,0,0,2
628944105,628944105,8,255,0,0,20026,1500,1454,1407,1499,1499,1495,987,1011,2050,6,0,0,0,59419,9596,14157,16,0,0,0,2
629032981,629032981,8,255,0,0,20003,1501,1456,1407,1501,1499,1495,987,1013,2050,6,0,0,0,17187,9598,14157,16,0,0,0,2
629141793,629141793,8,255,0,0,20008,1501,1468,1407,1500,1500,1495,987,1011,2050,6,0,0,0,59026,9599,14157,16,0,0,0,2
629249267,629249267,8,255,0,0,19980,1501,1477,1406,1500,1499,1495,987,1011,2050,6,0,0,0,36887,9601,14157,16,0,0,0,2
629337240,629337240,8,255,0,0,20009,1500,1479,1407,1500,1499,1495,988,1011,2050,6,0,0,0,59094,9602,14157,16,0,0,0,2
629449486,629449486,8,255,0,0,19997,1499,1495,1405,1501,1499,1495,987,1013,2050,6,0,0,0,40157,9604,14157,16,0,0,0,2
629558033,629558033,8,255,0,0,20010,1499,1495,1405,1501,1499,1495,987,1013,2050,6,0,0,0,17956,9606,14157,16,0,0,0,2
629646022,629646022,8,255,0,0,19989,1492,1496,1406,1500,1499,1495,987,1011,2050,6,0,0,0,40441,9607,14157,16,0,0,0,2
629758166,629758166,8,255,0,0,19989,1474,1486,1405,1501,1499,1495,987,1011,2050,6,0,0,0,21383,9609,14157,16,0,0,0,2
629866850,629866850,8,255,0,0,19993,1461,1495,1405,1501,1499,1495,987,1011,2050,6,0,0,0,64714,9610,14157,16,0,0,0,2
629954930,629954930,8,255,0,0,20040,1433,1496,1407,1501,1499,1495,987,1011,2050,6,0,0,0,21313,9612,14157,16,0,0,0,2
630066959,630066959,8,255,0,0,20014,1406,1496,1405,1501,1500,1495,987,1013,2050,6,0,0,0,2515,9614,14157,16,0,0,0,2
630173492,630173492,8,255,0,0,19995,1427,1496,1405,1501,1499,1495,987,1013,2050,6,0,0,0,41867,9615,14157,16,0,0,0,2
630255833,630255833,8,255,0,0,20003,1427,1496,1405,1501,1500,1495,988,1010,2050,6,0,0,0,60411,9616,14157,16,0,0,0,2
630367458,630367458,8,255,0,0,19990,1438,1496,1405,1501,1499,1495,987,1011,2050,6,0,0,0,41029,9618,14157,16,0,0,0,2
630460232,630460232,8,255,0,0,18993,1438,1496,1405,1501,1499,1495,987,1011,2050,6,0,0,0,2717,9620,14157,16,0,0,0,2
630576532,630576532,8,255,0,0,20023,1453,1497,1407,1501,1499,1495,987,1011,2050,6,0,0,0,53362,9621,14157,16,0,0,0,2
630666153,630666153,8,255,0,0,19997,1452,1498,1406,1501,1499,1495,987,1011,2050,6,0,0,0,11996,9623,14157,16,0,0,0,2
630780948,630780948,8,255,0,0,20010,1443,1500,1407,1500,1499,1495,988,1010,2050,6,0,0,0,61258,9624,14157,16,0,0,0,2
630869649,630869649,8,255,0,0,19986,1464,1511,1405,1501,1499,1495,987,1011,2050,6,0,0,0,18699,9626,14157,16,0,0,0,2
630989465,630989465,8,255,0,0,20010,1483,1520,1407,1500,1500,1494,988,1012,2050,6,0,0,0,7531,9628,14157,16,0,0,0,2
631078276,631078276,8,255,0,0,20009,1483,1522,1405,1501,1499,1495,987,1013,2050,6,0,0,0,30654,9629,14157,16,0,0,0,2
631175376,631175376,8,255,0,0,19960,1483,1522,1405,1500,1500,1494,988,1012,2050,6,0,0,0,60807,9630,14157,16,0,0,0,2
631281769,631281769,8,255,0,0,19989,1493,1511,1407,1501,1499,1495,987,1013,2050,6,0,0,0,37722,9632,14157,16,0,0,0,2
631391326,631391326,8,255,0,0,20009,1472,1499,1407,1500,1500,1495,987,1011,2050,6,0,0,0,15792,9634,14157,16,0,0,0,2
631482678,631482678,8,255,0,0,20010,1470,1499,1406,1500,1499,1495,988,1010,2050,6,0,0,0,41969,9635,14157,16,0,0,0,2
631597300,631597300,8,255,0,0,19989,1442,1487,1406,1500,1499,1495,987,1011,2050,6,0,0,0,25615,9637,14157,16,0,0,0,2
631683861,631683861,8,255,0,0,19989,1442,1469,1405,1500,1500,1495,987,1011,2050,6,0,0,0,46448,9638,14157,16,0,0,0,2
631798051,631798051,8,255,0,0,20039,1433,1458,1405,1501,1499,1495,987,1011,2050,6,0,0,0,29402,9640,14157,16,0,0,0,2
631889042,631889042,8,255,0,0,19990,1434,1460,1405,1501,1499,1495,987,1011,2050,6,0,0,0,55170,9641,14157,16,0,0,0,2
631997899,631997899,8,255,0,0,20014,1453,1472,1406,1501,1499,1495,987,1011,2050,6,0,0,0,33027,9643,14157,16,0,0,0,2
632088220,632088220,8,255,0,0,19994,1462,1482,1407,1500,1500,1495,987,1011,2050,6,0,0,0,57787,9644,14157,16,0,0,0,2
632204449,632204449,8,255,0,0,19997,1472,1493,1405,1501,1499,1495,987,1011,2050,6,0,0,0,42939,9646,14157,16,0,0,0,2
632292838,632292838,8,255,0,0,20037,1486,1494,1406,1501,1499,1495,987,1011,2050,6,0,0,0,307,9648,14157,16,0,0,0,2
632400999,632400999,8,255,0,0,19986,1483,1491,1407,1501,1499,1495,987,1011,2050,6,0,0,0,42959,9649,14157,16,0,0,0,2
632513240,632513240,8,255,0,0,19982,1482,1489,1407,1500,1499,1495,988,1010,2050,6,0,0,0,24039,9651,14157,16,0,0,0,2
632601357,632601357,8,255,0,0,19995,1481,1486,1407,1501,1499,1495,987,1011,2050,6,0,0,0,46513,9652,14157,16,0,0,0,2
632709785,632709785,8,255,0,0,20017,1468,1474,1407,1501,1499,1495,987,1011,2050,6,0,0,0,23928,9654,14157,16,0,0,0,2
632799361,632799361,8,255,0,0,20010,1460,1474,1407,1501,1499,1495,987,1011,2050,6,0,0,0,48096,9655,14157,16,0,0,0,2
632910087,632910087,8,255,0,0,19995,1461,1474,1407,1500,1500,1495,987,1011,2050,6,0,0,0,27619,9657,14157,16,0,0,0,2
633002845,633002845,8,255,0,0,19996,1458,1475,1405,1500,1500,1495,987,1011,2050,6,0,0,0,54812,9658,14157,16,0,0,0,2
633120117,633120117,8,255,0,0,20012,1456,1475,1407,1501,1499,1495,987,1011,2050,6,0,0,0,40977,9660,14157,16,0,0,0,2
633209802,633209802,8,255,0,0,20015,1458,1486,1405,1501,1499,1495,987,1011,2050,6,0,0,0,62375,9661,14157,16,0,0,0,2
633320140,633320140,8,255,0,0,19994,1459,1486,1406,1500,1500,1494,988,1011,2050,6,0,0,0,44568,9663,14157,16,0,0,0,2
633420697,633420697,8,255,0,0,19997,1458,1486,1405,1501,1499,1495,987,1011,2050,6,0,0,0,13972,9665,14157,16,0,0,0,2
633512376,633512376,8,255,0,0,20010,1458,1487,1407,1501,1499,1495,987,1011,2050,6,0,0,0,39586,9666,14157,16,0,0,0,2
633624913,633624913,8,255,0,0,20010,1466,1489,1407,1501,1499,1495,987,1011,2050,6,0,0,0,20843,9668,14157,16,0,0,0,2
633716672,633716672,8,255,0,0,20010,1455,1487,1406,1500,1499,1495,988,1011,2050,6,0,0,0,47728,9669,14157,16,0,0,0,2
633829800,633829800,8,255,0,0,20004,1457,1487,1405,1501,1499,1495,987,1011,2050,6,0,0,0,28632,9671,14157,16,0,0,0,2
633933060,633933060,8,255,0,0,20007,1456,1486,1407,1501,1499,1495,987,1011,2050,6,0,0,0,2028,9673,14157,16,0,0,0,2
634017382,634017382,8,255,0,0,19991,1458,1489,1407,1501,1499,1495,987,1011,2050,6,0,0,0,20504,9674,14157,16,0,0,0,2
634130601,634130601,8,255,0,0,20022,1458,1491,1407,1500,1500,1495,987,1012,2050,6,0,0,0,1370,9676,14157,16,0,0,0,2
634234051,634234051,8,255,0,0,19966,1467,1490,1407,1500,1500,1495,987,1011,2050,6,0,0,0,40954,9677,14157,16,0,0,0,2
634322017,634322017,8,255,0,0,19998,1469,1492,1406,1501,1499,1495,987,1011,2050,6,0,0,0,63410,9678,14157,16,0,0,0,2
634434285,634434285,8,255,0,0,19998,1482,1493,1407,1501,1499,1495,987,1011,2050,6,0,0,0,44482,9680,14157,16,0,0,0,2
634543263,634543263,8,255,0,0,20016,1483,1492,1407,1500,1499,1495,988,1010,2050,6,0,0,0,22111,9682,14157,16,0,0,0,2
634638534,634638534,8,255,0,0,19990,1483,1488,1406,1501,1499,1495,987,1011,2050,6,0,0,0,52182,9683,14157,16,0,0,0,2
634732513,634732513,8,255,0,0,20013,1483,1485,1407,1499,1499,1495,987,1011,2050,6,0,0,0,15086,9685,14157,16,0,0,0,2
634840477,634840477,8,255,0,0,20011,1470,1483,1407,1500,1500,1495,987,1011,2050,6,0,0,0,56477,9686,14157,16,0,0,0,2
634928018,634928018,8,255,0,0,19988,1470,1482,1407,1499,1499,1495,987,1011,2050,6,0,0,0,13703,9688,14157,16,0,0,0,2
635040680,635040680,8,255,0,0,19994,1477,1483,1407,1499,1499,1495,987,1013,2050,6,0,0,0,60182,9689,14157,16,0,0,0,2
635148571,635148571,8,255,0,0,19991,1478,1483,1406,1501,1500,1495,988,1010,2050,6,0,0,0,37911,9691,14157,16,0,0,0,2
635241710,635241710,8,255,0,0,20002,1479,1484,1407,1501,1499,1495,987,1011,2050,6,0,0,0,64054,9692,14157,16,0,0,0,2
635333030,635333030,8,255,0,0,19992,1480,1487,1407,1500,1500,1495,987,1011,2050,6,0,0,0,25761,9694,14157,16,0,0,0,2
635443092,635443092,8,255,0,0,20005,1480,1489,1406,1501,1499,1495,987,1011,2050,6,0,0,0,2835,9696,14157,16,0,0,0,2
635537057,635537057,8,255,0,0,20012,1480,1490,1407,1500,1499,1495,987,1011,2050,6,0,0,0,33271,9697,14157,16,0,0,0,2
635657066,635657066,8,255,0,0,19993,1470,1491,1406,1501,1499,1495,987,1011,2050,6,0,0,0,22098,9699,14157,16,0,0,0,2
635743863,635743863,8,255,0,0,19996,1469,1488,1409,1500,1499,1495,988,1010,2050,6,0,0,0,43176,9700,14157,16,0,0,0,2
635854444,635854444,8,255,0,0,20007,1458,1488,1408,1500,1499,1495,988,1011,2050,6,0,0,0,22731,9702,14157,16,0,0,0,2
635943441,635943441,8,255,0,0,19992,1442,1475,1420,1501,1499,1495,987,1011,2050,6,0,0,0,44751,9703,14157,16,0,0,0,2
636050962,636050962,8,255,0,0,19986,1444,1474,1421,1501,1499,1495,987,1011,2050,6,0,0,0,22789,9705,14157,16,0,0,0,2
636165723,636165723,8,255,0,0,20021,1445,1474,1421,1500,1500,1495,987,1011,2050,6,0,0,0,5452,9707,14157,16,0,0,0,2
636255337,636255337,8,255,0,0,20003,1458,1475,1421,1500,1500,1495,987,1011,2050,6,0,0,0,30664,9708,14157,16,0,0,0,2
636367301,636367301,8,255,0,0,20009,1471,1477,1422,1500,1499,1495,988,1010,2050,6,0,0,0,11504,9710,14157,16,0,0,0,2
636456925,636456925,8,255,0,0,19986,1480,1480,1421,1501,1499,1495,987,1011,2050,6,0,0,0,35460,9711,14157,16,0,0,0,2
636551886,636551886,8,255,0,0,19994,1483,1482,1421,1501,1499,1495,987,1011,2050,6,0,0,0,64796,9712,14157,16,0,0,0,2
636660819,636660819,8,255,0,0,20026,1482,1478,1422,1500,1500,1494,988,1011,2050,6,0,0,0,42511,9714,14157,16,0,0,0,2
636756787,636756787,8,255,0,0,19987,1483,1477,1423,1500,1499,1495,987,1011,2050,6,0,0,0,7715,9716,14157,16,0,0,0,2
636868119,636868119,8,255,0,0,19991,1495,1478,1423,1500,1499,1495,987,1013,2050,6,0,0,0,53612,9717,14157,16,0,0,0,2
636957478,636957478,8,255,0,0,19996,1495,1477,1423,1499,1499,1495,988,1012,2050,6,0,0,0,11819,9719,14157,16,0,0,0,2
637066541,637066541,8,255,0,0,20006,1496,1480,1423,1500,1499,1495,988,1010,2050,6,0,0,0,55452,9720,14157,16,0,0,0,2
637181070,637181070,8,255,0,0,20003,1497,1489,1422,1500,1499,1495,988,1010,2050,6,0,0,0,38782,9722,14157,16,0,0,0,2
637269899,637269899,8,255,0,0,20005,1498,1490,1422,1500,1499,1495,987,1013,2050,6,0,0,0,62146,9723,14157,16,0,0,0,2
637361875,637361875,8,255,0,0,19983,1499,1492,1421,1501,1499,1495,987,1012,2050,6,0,0,0,23074,9725,14157,16,0,0,0,2
637476444,637476444,8,255,0,0,20003,1500,1488,1423,1501,1499,1495,987,1011,2050,6,0,0,0,4281,9727,14157,16,0,0,0,2
637579173,637579173,8,255,0,0,20008,1500,1486,1423,1500,1499,1495,988,1010,2050,6,0,0,0,43256,9728,14157,16,0,0,0,2
637670719,637670719,8,255,0,0,20007,1499,1485,1423,1500,1499,1495,988,1010,2050,6,0,0,0,4170,9730,14157,16,0,0,0,2
637779101,637779101,8,255,0,0,20013,1498,1483,1423,1500,1500,1495,987,1011,2050,6,0,0,0,46999,9731,14157,16,0,0,0,2
637883362,637883362,8,255,0,0,19999,1483,1474,1423,1501,1499,1495,987,1011,2050,6,0,0,0,20223,9733,14157,16,0,0,0,2
637998271,637998271,8,255,0,0,20028,1494,1475,1423,1501,1499,1495,987,1011,2050,6,0,0,0,3387,9735,14157,16,0,0,0,2
638088660,638088660,8,255,0,0,19992,1493,1477,1423,1501,1499,1495,987,1011,2050,6,0,0,0,28984,9736,14157,16,0,0,0,2
638198270,638198270,8,255,0,0,20000,1476,1475,1423,1501,1499,1495,987,1011,2050,6,0,0,0,7489,9738,14157,16,0,0,0,2
638284460,638284460,8,255,0,0,19978,1451,1476,1423,1500,1500,1495,987,1011,2050,6,0,0,0,27979,9739,14157,16,0,0,0,2
638398160,638398160,8,255,0,0,20010,1440,1488,1422,1501,1499,1495,987,1011,2050,6,0,0,0,10728,9741,14157,16,0,0,0,2
638489355,638489355,8,255,0,0,20001,1449,1489,1423,1501,1499,1495,987,1011,2050,6,0,0,0,36328,9742,14157,16,0,0,0,2
638601232,638601232,8,255,0,0,20011,1458,1491,1423,1500,1500,1494,988,1012,2050,6,0,0,0,17243,9744,14157,16,0,0,0,2
638693035,638693035,8,255,0,0,20020,1461,1491,1421,1500,1500,1495,987,1011,2050,6,0,0,0,43380,9745,14157,16,0,0,0,2
638800886,638800886,8,255,0,0,20009,1481,1491,1423,1500,1499,1495,988,1010,2050,6,0,0,0,19387,9747,14157,16,0,0,0,2
638910061,638910061,8,255,0,0,20025,1482,1487,1423,1501,1499,1495,987,1011,2050,6,0,0,0,63580,9748,14157,16,0,0,0,2
638999687,638999687,8,255,0,0,20010,1462,1477,1423,1501,1499,1495,987,1011,2050,6,0,0,0,22497,9750,14157,16,0,0,0,2
639109284,639109284,8,255,0,0,20010,1462,1477,1423,1501,1499,1495,987,1011,2050,6,0,0,0,64240,9751,14157,16,0,0,0,2
639202726,639202726,8,255,0,0,20011,1452,1479,1422,1501,1499,1495,987,1011,2050,6,0,0,0,28884,9753,14157,16,0,0,0,2
639320356,639320356,8,255,0,0,20000,1462,1483,1423,1501,1499,1495,987,1011,2050,6,0,0,0,15435,9755,14157,16,0,0,0,2
639403199,639403199,8,255,0,0,19997,1454,1482,1423,1501,1499,1495,987,1011,2050,6,0,0,0,32463,9756,14157,16,0,0,0,2
639511308,639511308,8,255,0,0,20010,1460,1488,1423,1500,1499,1495,988,1010,2050,6,0,0,0,9817,9758,14157,16,0,0,0,2
639620917,639620917,8,255,0,0,19995,1449,1489,1423,1500,1500,1495,987,1011,2050,6,0,0,0,53926,9759,14157,16,0,0,0,2
639712048,639712048,8,255,0,0,20015,1452,1489,1423,1500,1499,1495,988,1012,2050,6,0,0,0,13848,9761,14157,16,0,0,0,2
639822293,639822293,8,255,0,0,19987,1451,1487,1423,1501,1499,1495,987,1011,2050,6,0,0,0,58261,9762,14157,16,0,0,0,2
639910146,639910146,8,255,0,0,19995,1411,1465,1423,1501,1499,1495,987,1013,2050,6,0,0,0,13798,9764,14157,16,0,0,0,2
640016536,640016536,8,255,0,0,20011,1444,1475,1423,1501,1499,1495,987,1011,2050,6,0,0,0,56206,9765,14157,16,0,0,0,2
640125447,640125447,8,255,0,0,19993,1430,1474,1423,1501,1499,1495,987,1011,2050,6,0,0,0,34025,9767,14157,16,0,0,0,2
640213840,640213840,8,255,0,0,20029,1430,1475,1422,1500,1499,1495,988,1010,2050,6,0,0,0,56685,9768,14157,16,0,0,0,2
640325688,640325688,8,255,0,0,20007,1433,1478,1328,1501,1499,1495,987,1011,2050,6,0,0,0,37792,9770,14157,16,0,0,0,2
640438285,640438285,8,255,0,0,20009,1445,1480,1205,1500,1500,1495,987,1012,2050,6,0,0,0,19267,9772,14157,16,0,0,0,2
640531179,640531179,8,255,0,0,19977,1445,1483,1203,1500,1499,1495,987,1011,2050,6,0,0,0,45178,9773,14157,16,0,0,0,2
640618019,640618019,8,255,0,0,19992,1445,1484,1150,1501,1499,1495,987,1013,2050,6,0,0,0,2290,9775,14157,16,0,0,0,2
640723648,640723648,8,255,0,0,20035,1446,1488,1148,1501,1499,1495,987,1011,2050,6,0,0,0,42532,9776,14157,16,0,0,0,2
640839066,640839066,8,255,0,0,20007,1448,1490,1112,1501,1499,1495,987,1011,2050,6,0,0,0,26740,9778,14157,16,0,0,0,2
641035687,641035687,8,255,0,0,19990,1482,1495,987,1500,1500,1495,987,1011,2050,6,0,0,0,26807,9781,14157,16,0,0,0,2
641749265,641749265,8,255,0,0,19994,1500,1498,987,1066,2011,1494,988,1011,2050,6,0,0,0,19474,9792,14157,16,0,0,0,2
641841275,641841275,8,255,0,0,19984,1501,1497,988,987,2011,1495,987,1011,2050,6,0,0,0,0,0,14157,16,0,0,0,2
641949809,641949809,8,255,0,0,19996,1500,1498,987,988,2011,1494,988,1011,2050,6,0,0,0,23425,9795,14157,16,0,0,0,2
642038112,642038112,8,255,0,0,19995,1500,1498,987,988,2011,1494,988,1011,2050,6,0,0,0,46015,9796,14157,16,0,0,0,2
642149757,642149757,8,255,0,0,20000,1500,1498,987,987,2011,1495,988,1010,2050,6,0,0,0,26854,9798,14157,16,0,0,0,2
642243796,642243796,8,255,0,0,20005,1501,1498,987,987,2011,1495,987,1013,2050,6,0,0,0,54346,9799,14157,16,0,0,0,2
642355881,642355881,8,255,0,0,20026,1500,1498,987,987,2011,1495,987,1011,2050,6,0,0,0,36181,9801,14157,16,0,0,0,2
642463856,642463856,8,255,0,0,19970,1500,1498,987,988,2010,1495,988,1010,2050,6,0,0,0,12275,9803,14157,16,0,0,0,2
642551361,642551361,8,255,0,0,19997,1500,1498,987,988,2010,1495,988,1010,2050,6,0,0,0,35186,9804,14157,16,0,0,0,2
642659862,642659862,8,255,0,0,19995,1501,1497,988,987,2011,1495,987,1011,2050,6,0,0,0,12563,9806,14157,16,0,0,0,2
642771997,642771997,8,255,0,0,19988,1500,1498,987,988,2011,1494,988,1012,2050,6,0,0,0,58999,9807,14157,16,0,0,0,2
642856664,642856664,8,255,0,0,20002,1501,1497,988,987,2011,1495,987,1012,2050,6,0,0,0,12676,9809,14157,16,0,0,0,2
642960574,642960574,8,255,0,0,19992,1500,1498,987,987,2011,1495,987,1013,2050,6,0,0,0,51090,9810,14157,16,0,0,0,2
643073068,643073068,8,255,0,0,20010,1501,1498,987,987,2011,1495,987,1013,2050,6,0,0,0,32277,9812,14157,16,0,0,0,2
643161041,643161041,8,255,0,0,20007,1501,1497,988,987,2011,1495,987,1012,2050,6,0,0,0,55073,9813,14157,16,0,0,0,2
643268980,643268980,8,255,0,0,20023,1500,1498,987,988,2010,1495,988,1012,2050,6,0,0,0,31917,9815,14157,16,0,0,0,2
643381036,643381036,8,255,0,0,19992,1501,1498,987,987,2011,1495,987,1013,2050,6,0,0,0,12856,9817,14157,16,0,0,0,2
643471126,643471126,8,255,0,0,19988,1500,1498,987,1268,2011,1494,988,1011,2050,6,0,0,0,37297,9818,14157,16,0,0,0,2
643578033,643578033,8,255,0,0,19989,1501,1498,987,1476,2011,1494,988,1011,2050,6,0,0,0,13356,9820,14157,16,0,0,0,2
643669906,643669906,8,255,0,0,19989,1500,1498,987,1489,2011,1495,987,1011,2050,6,0,0,0,39639,9821,14157,16,0,0,0,2
643779106,643779106,8,255,0,0,20009,1500,1498,987,1492,2011,1495,987,1013,2050,6,0,0,0,17500,9823,14157,16,0,0,0,2
643888568,643888568,8,255,0,0,20009,1500,1498,987,1494,2011,1494,988,1011,2050,6,0,0,0,61677,9824,14157,16,0,0,0,2
