timestamp,min_distance,max_distance,current_distance,covariance,type,id,orientation
1043288191,0.01,120.0,0.0,0.0,0,0,8
1043338465,0.01,120.0,0.12,0.0,0,0,8
1043388748,0.01,120.0,0.0,0.0,0,0,8
1043438777,0.01,120.0,0.0,0.0,0,0,8
1043489892,0.01,120.0,0.0,0.0,0,0,8
1043540634,0.01,120.0,0.0,0.0,0,0,8
1043591641,0.01,120.0,0.0,0.0,0,0,8
1043642784,0.01,120.0,0.17,0.0,0,0,8
1043693453,0.01,120.0,0.0,0.0,0,0,8
1043746855,0.01,120.0,0.0,0.0,0,0,8
1043798194,0.01,120.0,0.06,0.0,0,0,8
1043847715,0.01,120.0,0.0,0.0,0,0,8
1043898652,0.01,120.0,0.0,0.0,0,0,8
1043949932,0.01,120.0,0.0,0.0,0,0,8
1043999637,0.01,120.0,0.0,0.0,0,0,8
1044050843,0.01,120.0,0.0,0.0,0,0,8
1044100667,0.01,120.0,0.0,0.0,0,0,8
1044151637,0.01,120.0,0.06,0.0,0,0,8
1044202840,0.01,120.0,0.03,0.0,0,0,8
1044252797,0.01,120.0,0.08,0.0,0,0,8
1044303650,0.01,120.0,0.08,0.0,0,0,8
1044353819,0.01,120.0,0.03,0.0,0,0,8
1044403845,0.01,120.0,0.03,0.0,0,0,8
1044453828,0.01,120.0,0.0,0.0,0,0,8
1044503645,0.01,120.0,0.13,0.0,0,0,8
1044555276,0.01,120.0,0.0,0.0,0,0,8
1044605674,0.01,120.0,0.05,0.0,0,0,8
1044658070,0.01,120.0,0.0,0.0,0,0,8
1044709276,0.01,120.0,0.0,0.0,0,0,8
1044759812,0.01,120.0,0.0,0.0,0,0,8
1044811336,0.01,120.0,0.0,0.0,0,0,8
1044861995,0.01,120.0,0.0,0.0,0,0,8
1044911665,0.01,120.0,0.0,0.0,0,0,8
1044961663,0.01,120.0,0.0,0.0,0,0,8
1045012530,0.01,120.0,0.0,0.0,0,0,8
1045063711,0.01,120.0,0.09,0.0,0,0,8
1045115278,0.01,120.0,0.02,0.0,0,0,8
1045165682,0.01,120.0,0.02,0.0,0,0,8
1045216664,0.01,120.0,0.02,0.0,0,0,8
1045268565,0.01,120.0,0.02,0.0,0,0,8
1045320301,0.01,120.0,0.02,0.0,0,0,8
1045369803,0.01,120.0,0.05,0.0,0,0,8
1045419791,0.01,120.0,0.21,0.0,0,0,8
1045470516,0.01,120.0,0.03,0.0,0,0,8
1045521676,0.01,120.0,0.11,0.0,0,0,8
1045573434,0.01,120.0,0.04,0.0,0,0,8
1045625235,0.01,120.0,0.25,0.0,0,0,8
1045674798,0.01,120.0,0.22,0.0,0,0,8
1045724981,0.01,120.0,0.22,0.0,0,0,8
1045775724,0.01,120.0,0.27,0.0,0,0,8
1045825684,0.01,120.0,0.31,0.0,0,0,8
1045875642,0.01,120.0,0.31,0.0,0,0,8
1045926187,0.01,120.0,0.37,0.0,0,0,8
1045977671,0.01,120.0,0.33,0.0,0,0,8
1046030615,0.01,120.0,0.33,0.0,0,0,8
1046081872,0.01,120.0,0.36,0.0,0,0,8
1046133279,0.01,120.0,0.4,0.0,0,0,8
1046183629,0.01,120.0,0.4,0.0,0,0,8
1046233857,0.01,120.0,0.4,0.0,0,0,8
1046283631,0.01,120.0,0.4,0.0,0,0,8
1046334651,0.01,120.0,0.44,0.0,0,0,8
1046384629,0.01,120.0,0.44,0.0,0,0,8
1046434679,0.01,120.0,0.48,0.0,0,0,8
1046484632,0.01,120.0,0.48,0.0,0,0,8
1046535674,0.01,120.0,0.48,0.0,0,0,8
1046586690,0.01,120.0,0.52,0.0,0,0,8
1046636762,0.01,120.0,0.55,0.0,0,0,8
1046687059,0.01,120.0,0.55,0.0,0,0,8
1046736658,0.01,120.0,0.6,0.0,0,0,8
1046787649,0.01,120.0,0.6,0.0,0,0,8
1046838718,0.01,120.0,0.63,0.0,0,0,8
1046888629,0.01,120.0,0.63,0.0,0,0,8
1046940944,0.01,120.0,0.63,0.0,0,0,8
1046992441,0.01,120.0,0.63,0.0,0,0,8
1047043002,0.01,120.0,0.63,0.0,0,0,8
1047094360,0.01,120.0,0.63,0.0,0,0,8
1047144652,0.01,120.0,0.63,0.0,0,0,8
1047195650,0.01,120.0,0.64,0.0,0,0,8
1047246855,0.01,120.0,0.64,0.0,0,0,8
1047298142,0.01,120.0,0.64,0.0,0,0,8
1047348364,0.01,120.0,0.64,0.0,0,0,8
1047401423,0.01,120.0,0.64,0.0,0,0,8
1047453003,0.01,120.0,0.64,0.0,0,0,8
1047504362,0.01,120.0,0.64,0.0,0,0,8
1047554701,0.01,120.0,0.64,0.0,0,0,8
1047605873,0.01,120.0,0.64,0.0,0,0,8
1047656858,0.01,120.0,0.64,0.0,0,0,8
1047708446,0.01,120.0,0.64,0.0,0,0,8
1047760518,0.01,120.0,0.64,0.0,0,0,8
1047813770,0.01,120.0,0.63,0.0,0,0,8
1047865019,0.01,120.0,0.64,0.0,0,0,8
1047916548,0.01,120.0,0.64,0.0,0,0,8
1047968184,0.01,120.0,0.64,0.0,0,0,8
1048018727,0.01,120.0,0.64,0.0,0,0,8
1048068909,0.01,120.0,0.64,0.0,0,0,8
1048118667,0.01,120.0,0.67,0.0,0,0,8
1048169771,0.01,120.0,0.64,0.0,0,0,8
1048220258,0.01,120.0,0.64,0.0,0,0,8
1048270182,0.01,120.0,0.64,0.0,0,0,8
1048320629,0.01,120.0,0.64,0.0,0,0,8
1048371659,0.01,120.0,0.64,0.0,0,0,8
1048423757,0.01,120.0,0.64,0.0,0,0,8
1048474748,0.01,120.0,0.64,0.0,0,0,8
1048524652,0.01,120.0,0.64,0.0,0,0,8
1048574667,0.01,120.0,0.64,0.0,0,0,8
1048625788,0.01,120.0,0.64,0.0,0,0,8
1048677851,0.01,120.0,0.65,0.0,0,0,8
1048728629,0.01,120.0,0.65,0.0,0,0,8
1048779643,0.01,120.0,0.65,0.0,0,0,8
1048830224,0.01,120.0,0.68,0.0,0,0,8
1048879807,0.01,120.0,0.68,0.0,0,0,8
1048929845,0.01,120.0,0.68,0.0,0,0,8
1048980646,0.01,120.0,0.68,0.0,0,0,8
1049031629,0.01,120.0,0.69,0.0,0,0,8
1049082193,0.01,120.0,0.69,0.0,0,0,8
1049131805,0.01,120.0,0.69,0.0,0,0,8
1049182778,0.01,120.0,0.69,0.0,0,0,8
1049235781,0.01,120.0,0.69,0.0,0,0,8
1049287353,0.01,120.0,0.69,0.0,0,0,8
1049337662,0.01,120.0,0.69,0.0,0,0,8
1049387675,0.01,120.0,0.69,0.0,0,0,8
1049437686,0.01,120.0,0.69,0.0,0,0,8
1049487652,0.01,120.0,0.69,0.0,0,0,8
1049539374,0.01,120.0,0.63,0.0,0,0,8
1049591087,0.01,120.0,1.35,0.0,0,0,8
1049640864,0.01,120.0,0.91,0.0,0,0,8
1049691307,0.01,120.0,1.23,0.0,0,0,8
1049741724,0.01,120.0,1.23,0.0,0,0,8
1049791663,0.01,120.0,1.16,0.0,0,0,8
1049841670,0.01,120.0,1.16,0.0,0,0,8
1049891731,0.01,120.0,1.21,0.0,0,0,8
1049943435,0.01,120.0,1.15,0.0,0,0,8
1049996888,0.01,120.0,1.41,0.0,0,0,8
1050047737,0.01,120.0,1.07,0.0,0,0,8
1050099469,0.01,120.0,0.8,0.0,0,0,8
1050149690,0.01,120.0,1.17,0.0,0,0,8
1050201250,0.01,120.0,1.22,0.0,0,0,8
1050251724,0.01,120.0,1.47,0.0,0,0,8
1050301837,0.01,120.0,0.95,0.0,0,0,8
1050353173,0.01,120.0,1.31,0.0,0,0,8
1050402817,0.01,120.0,1.6,0.0,0,0,8
1050453675,0.01,120.0,1.09,0.0,0,0,8
1050506842,0.01,120.0,1.19,0.0,0,0,8
1050558236,0.01,120.0,1.19,0.0,0,0,8
1050608943,0.01,120.0,1.16,0.0,0,0,8
1050659661,0.01,120.0,1.23,0.0,0,0,8
1050709663,0.01,120.0,1.19,0.0,0,0,8
1050761128,0.01,120.0,1.19,0.0,0,0,8
1050810667,0.01,120.0,0.94,0.0,0,0,8
1050861348,0.01,120.0,0.94,0.0,0,0,8
1050911651,0.01,120.0,1.28,0.0,0,0,8
1050961748,0.01,120.0,1.37,0.0,0,0,8
1051013099,0.01,120.0,1.27,0.0,0,0,8
1051063854,0.01,120.0,1.19,0.0,0,0,8
1051114237,0.01,120.0,1.23,0.0,0,0,8
1051163660,0.01,120.0,1.11,0.0,0,0,8
1051214680,0.01,120.0,1.34,0.0,0,0,8
1051264663,0.01,120.0,1.14,0.0,0,0,8
1051318568,0.01,120.0,1.23,0.0,0,0,8
1051370718,0.01,120.0,1.23,0.0,0,0,8
1051422597,0.01,120.0,1.28,0.0,0,0,8
1051474206,0.01,120.0,1.51,0.0,0,0,8
1051524629,0.01,120.0,1.09,0.0,0,0,8
1051574968,0.01,120.0,0.94,0.0,0,0,8
1051624664,0.01,120.0,1.37,0.0,0,0,8
1051675659,0.01,120.0,1.23,0.0,0,0,8
1051726744,0.01,120.0,1.13,0.0,0,0,8
1051779829,0.01,120.0,1.18,0.0,0,0,8
1051830936,0.01,120.0,0.95,0.0,0,0,8
1051882396,0.01,120.0,1.09,0.0,0,0,8
1051933213,0.01,120.0,1.28,0.0,0,0,8
1051982714,0.01,120.0,0.97,0.0,0,0,8
1052034351,0.01,120.0,1.36,0.0,0,0,8
1052085788,0.01,120.0,1.2,0.0,0,0,8
1052135699,0.01,120.0,1.11,0.0,0,0,8
1052185648,0.01,120.0,1.38,0.0,0,0,8
1052235705,0.01,120.0,0.99,0.0,0,0,8
1052287347,0.01,120.0,1.21,0.0,0,0,8
1052340613,0.01,120.0,1.27,0.0,0,0,8
1052391645,0.01,120.0,1.43,0.0,0,0,8
1052443745,0.01,120.0,1.16,0.0,0,0,8
1052495638,0.01,120.0,1.24,0.0,0,0,8
1052547074,0.01,120.0,1.29,0.0,0,0,8
1052597706,0.01,120.0,1.06,0.0,0,0,8
1052647711,0.01,120.0,1.65,0.0,0,0,8
1052697738,0.01,120.0,1.08,0.0,0,0,8
1052747710,0.01,120.0,1.21,0.0,0,0,8
1052797725,0.01,120.0,1.93,0.0,0,0,8
1052850131,0.01,120.0,0.84,0.0,0,0,8
1052900870,0.01,120.0,0.72,0.0,0,0,8
1052952125,0.01,120.0,0.97,0.0,0,0,8
1053003985,0.01,120.0,0.97,0.0,0,0,8
1053055518,0.01,120.0,1.05,0.0,0,0,8
1053105661,0.01,120.0,1.19,0.0,0,0,8
1053157176,0.01,120.0,1.19,0.0,0,0,8
1053207678,0.01,120.0,0.7,0.0,0,0,8
1053257742,0.01,120.0,1.65,0.0,0,0,8
1053308990,0.01,120.0,0.88,0.0,0,0,8
1053362564,0.01,120.0,1.23,0.0,0,0,8
1053413539,0.01,120.0,0.93,0.0,0,0,8
1053465369,0.01,120.0,1.13,0.0,0,0,8
1053517235,0.01,120.0,1.35,0.0,0,0,8
1053566787,0.01,120.0,1.65,0.0,0,0,8
1053617766,0.01,120.0,0.93,0.0,0,0,8
1053669091,0.01,120.0,1.31,0.0,0,0,8
1053718676,0.01,120.0,1.07,0.0,0,0,8
1053769693,0.01,120.0,2.2,0.0,0,0,8
1053819677,0.01,120.0,1.19,0.0,0,0,8
1053873321,0.01,120.0,0.89,0.0,0,0,8
1053924972,0.01,120.0,1.08,0.0,0,0,8
1053974850,0.01,120.0,1.07,0.0,0,0,8
1054025286,0.01,120.0,1.0,0.0,0,0,8
1054075683,0.01,120.0,0.88,0.0,0,0,8
1054126665,0.01,120.0,0.81,0.0,0,0,8
1054177274,0.01,120.0,1.23,0.0,0,0,8
1054226671,0.01,120.0,1.3,0.0,0,0,8
1054277602,0.01,120.0,0.73,0.0,0,0,8
1054328643,0.01,120.0,1.13,0.0,0,0,8
1054379704,0.01,120.0,1.24,0.0,0,0,8
1054430759,0.01,120.0,0.83,0.0,0,0,8
1054483980,0.01,120.0,1.37,0.0,0,0,8
1054534224,0.01,120.0,1.29,0.0,0,0,8
1054584217,0.01,120.0,0.38,0.0,0,0,8
1054635073,0.01,120.0,1.75,0.0,0,0,8
1054684788,0.01,120.0,1.33,0.0,0,0,8
1054734673,0.01,120.0,0.85,0.0,0,0,8
1054785375,0.01,120.0,0.97,0.0,0,0,8
1054837015,0.01,120.0,1.15,0.0,0,0,8
1054886913,0.01,120.0,0.99,0.0,0,0,8
1054938854,0.01,120.0,0.46,0.0,0,0,8
1054990881,0.01,120.0,1.17,0.0,0,0,8
1055042459,0.01,120.0,1.02,0.0,0,0,8
1055094742,0.01,120.0,0.77,0.0,0,0,8
1055144871,0.01,120.0,1.0,0.0,0,0,8
1055195662,0.01,120.0,0.84,0.0,0,0,8
1055246701,0.01,120.0,0.7,0.0,0,0,8
1055297739,0.01,120.0,0.79,0.0,0,0,8
1055348667,0.01,120.0,0.98,0.0,0,0,8
1055398943,0.01,120.0,1.22,0.0,0,0,8
1055448637,0.01,120.0,1.33,0.0,0,0,8
1055498840,0.01,120.0,0.56,0.0,0,0,8
1055549696,0.01,120.0,1.53,0.0,0,0,8
1055600923,0.01,120.0,0.36,0.0,0,0,8
1055652642,0.01,120.0,1.25,0.0,0,0,8
1055705836,0.01,120.0,1.25,0.0,0,0,8
1055756594,0.01,120.0,1.55,0.0,0,0,8
1055808522,0.01,120.0,0.54,0.0,0,0,8
1055858944,0.01,120.0,1.46,0.0,0,0,8
1055908965,0.01,120.0,0.93,0.0,0,0,8
1055961209,0.01,120.0,0.93,0.0,0,0,8
1056010669,0.01,120.0,1.02,0.0,0,0,8
1056061995,0.01,120.0,0.98,0.0,0,0,8
1056112256,0.01,120.0,0.5,0.0,0,0,8
1056162697,0.01,120.0,0.8,0.0,0,0,8
1056213926,0.01,120.0,0.8,0.0,0,0,8
1056267646,0.01,120.0,1.14,0.0,0,0,8
1056318164,0.01,120.0,0.98,0.0,0,0,8
1056367766,0.01,120.0,1.15,0.0,0,0,8
1056417796,0.01,120.0,1.32,0.0,0,0,8
1056468161,0.01,120.0,1.2,0.0,0,0,8
1056517792,0.01,120.0,1.09,0.0,0,0,8
1056568055,0.01,120.0,1.34,0.0,0,0,8
1056618303,0.01,120.0,1.34,0.0,0,0,8
1056668145,0.01,120.0,0.9,0.0,0,0,8
1056717987,0.01,120.0,1.41,0.0,0,0,8
1056767748,0.01,120.0,1.7,0.0,0,0,8
1056818675,0.01,120.0,0.96,0.0,0,0,8
1056869830,0.01,120.0,1.25,0.0,0,0,8
1056920754,0.01,120.0,1.08,0.0,0,0,8
1056971713,0.01,120.0,0.32,0.0,0,0,8
1057021706,0.01,120.0,1.08,0.0,0,0,8
1057072643,0.01,120.0,1.25,0.0,0,0,8
1057123695,0.01,120.0,1.3,0.0,0,0,8
1057174489,0.01,120.0,1.15,0.0,0,0,8
1057228081,0.01,120.0,1.33,0.0,0,0,8
1057279022,0.01,120.0,1.33,0.0,0,0,8
1057330455,0.01,120.0,1.14,0.0,0,0,8
1057382479,0.01,120.0,1.3,0.0,0,0,8
1057434598,0.01,120.0,1.3,0.0,0,0,8
1057484637,0.01,120.0,1.58,0.0,0,0,8
1057535724,0.01,120.0,0.73,0.0,0,0,8
1057588369,0.01,120.0,1.08,0.0,0,0,8
1057639327,0.01,120.0,1.33,0.0,0,0,8
1057690870,0.01,120.0,0.95,0.0,0,0,8
1057742669,0.01,120.0,0.87,0.0,0,0,8
1057792628,0.01,120.0,1.15,0.0,0,0,8
1057842671,0.01,120.0,1.22,0.0,0,0,8
1057892642,0.01,120.0,1.05,0.0,0,0,8
1057942830,0.01,120.0,1.18,0.0,0,0,8
1057992653,0.01,120.0,1.12,0.0,0,0,8
1058043640,0.01,120.0,1.38,0.0,0,0,8
1058094196,0.01,120.0,1.27,0.0,0,0,8
1058144746,0.01,120.0,1.51,0.0,0,0,8
1058194871,0.01,120.0,0.98,0.0,0,0,8
1058246888,0.01,120.0,1.2,0.0,0,0,8
1058296676,0.01,120.0,0.97,0.0,0,0,8
1058346720,0.01,120.0,0.97,0.0,0,0,8
1058400289,0.01,120.0,0.9,0.0,0,0,8
1058450183,0.01,120.0,1.07,0.0,0,0,8
1058501758,0.01,120.0,1.0,0.0,0,0,8
1058552876,0.01,120.0,0.96,0.0,0,0,8
1058602835,0.01,120.0,1.45,0.0,0,0,8
1058652638,0.01,120.0,1.08,0.0,0,0,8
1058702681,0.01,120.0,1.27,0.0,0,0,8
1058754461,0.01,120.0,1.15,0.0,0,0,8
1058805919,0.01,120.0,0.35,0.0,0,0,8
1058856632,0.01,120.0,1.25,0.0,0,0,8
1058906646,0.01,120.0,0.95,0.0,0,0,8
1058957740,0.01,120.0,1.2,0.0,0,0,8
1059010748,0.01,120.0,1.08,0.0,0,0,8
1059061741,0.01,120.0,1.05,0.0,0,0,8
1059112503,0.01,120.0,1.18,0.0,0,0,8
1059164514,0.01,120.0,0.94,0.0,0,0,8
1059216223,0.01,120.0,0.9,0.0,0,0,8
1059266794,0.01,120.0,1.06,0.0,0,0,8
1059317000,0.01,120.0,1.28,0.0,0,0,8
1059366892,0.01,120.0,1.14,0.0,0,0,8
1059418630,0.01,120.0,1.06,0.0,0,0,8
1059471596,0.01,120.0,1.19,0.0,0,0,8
1059521882,0.01,120.0,1.05,0.0,0,0,8
1059572645,0.01,120.0,1.12,0.0,0,0,8
1059622858,0.01,120.0,1.12,0.0,0,0,8
1059674194,0.01,120.0,1.16,0.0,0,0,8
1059724635,0.01,120.0,1.16,0.0,0,0,8
1059775748,0.01,120.0,1.02,0.0,0,0,8
1059826794,0.01,120.0,1.17,0.0,0,0,8
1059878481,0.01,120.0,1.13,0.0,0,0,8
1059928642,0.01,120.0,1.13,0.0,0,0,8
1059978871,0.01,120.0,1.13,0.0,0,0,8
1060029832,0.01,120.0,0.9,0.0,0,0,8
1060079722,0.01,120.0,1.59,0.0,0,0,8
1060129858,0.01,120.0,1.41,0.0,0,0,8
1060180648,0.01,120.0,1.04,0.0,0,0,8
1060232755,0.01,120.0,0.96,0.0,0,0,8
1060283737,0.01,120.0,0.9,0.0,0,0,8
1060333686,0.01,120.0,0.75,0.0,0,0,8
1060384296,0.01,120.0,1.19,0.0,0,0,8
1060435327,0.01,120.0,0.97,0.0,0,0,8
1060688286,0.01,120.0,1.67,0.0,0,0,8
1060739478,0.01,120.0,0.94,0.0,0,0,8
1060791310,0.01,120.0,0.99,0.0,0,0,8
1060844863,0.01,120.0,1.13,0.0,0,0,8
1060895750,0.01,120.0,1.22,0.0,0,0,8
1060947443,0.01,120.0,1.09,0.0,0,0,8
1060999303,0.01,120.0,1.73,0.0,0,0,8
1061049653,0.01,120.0,1.02,0.0,0,0,8
1061100859,0.01,120.0,1.27,0.0,0,0,8
1061151699,0.01,120.0,1.31,0.0,0,0,8
1061204933,0.01,120.0,0.35,0.0,0,0,8
1061256187,0.01,120.0,1.06,0.0,0,0,8
1061307173,0.01,120.0,1.01,0.0,0,0,8
1061357759,0.01,120.0,0.88,0.0,0,0,8
1061407671,0.01,120.0,1.13,0.0,0,0,8
1061458818,0.01,120.0,1.04,0.0,0,0,8
1061508970,0.01,120.0,1.04,0.0,0,0,8
1061559323,0.01,120.0,0.57,0.0,0,0,8
1061609681,0.01,120.0,0.95,0.0,0,0,8
1061662050,0.01,120.0,0.89,0.0,0,0,8
1061711631,0.01,120.0,0.89,0.0,0,0,8
1061762787,0.01,120.0,1.2,0.0,0,0,8
1061813276,0.01,120.0,1.32,0.0,0,0,8
1061866621,0.01,120.0,1.09,0.0,0,0,8
1061917750,0.01,120.0,0.85,0.0,0,0,8
1061969145,0.01,120.0,1.16,0.0,0,0,8
1062019723,0.01,120.0,1.11,0.0,0,0,8
1062069728,0.01,120.0,0.81,0.0,0,0,8
1062121256,0.01,120.0,1.03,0.0,0,0,8
1062170689,0.01,120.0,0.56,0.0,0,0,8
1062221216,0.01,120.0,0.6,0.0,0,0,8
1062271194,0.01,120.0,0.73,0.0,0,0,8
1062322626,0.01,120.0,1.06,0.0,0,0,8
1062372645,0.01,120.0,0.95,0.0,0,0,8
1062423677,0.01,120.0,0.85,0.0,0,0,8
1062475898,0.01,120.0,0.85,0.0,0,0,8
1062527078,0.01,120.0,0.8,0.0,0,0,8
1062576746,0.01,120.0,0.81,0.0,0,0,8
1062626925,0.01,120.0,0.53,0.0,0,0,8
1062677001,0.01,120.0,0.91,0.0,0,0,8
1062727735,0.01,120.0,0.96,0.0,0,0,8
1062778909,0.01,120.0,1.0,0.0,0,0,8
1062830771,0.01,120.0,0.95,0.0,0,0,8
1062882368,0.01,120.0,1.17,0.0,0,0,8
1062934266,0.01,120.0,1.03,0.0,0,0,8
1062988240,0.01,120.0,1.16,0.0,0,0,8
1063038943,0.01,120.0,1.06,0.0,0,0,8
1063090525,0.01,120.0,0.84,0.0,0,0,8
1063140773,0.01,120.0,1.04,0.0,0,0,8
1063192284,0.01,120.0,0.64,0.0,0,0,8
1063241732,0.01,120.0,0.9,0.0,0,0,8
1063292437,0.01,120.0,1.05,0.0,0,0,8
1063344275,0.01,120.0,0.88,0.0,0,0,8
1063394660,0.01,120.0,0.88,0.0,0,0,8
1063445832,0.01,120.0,1.18,0.0,0,0,8
1063497987,0.01,120.0,0.58,0.0,0,0,8
1063548972,0.01,120.0,0.85,0.0,0,0,8
1063600913,0.01,120.0,1.1,0.0,0,0,8
1063652475,0.01,120.0,1.03,0.0,0,0,8
1063704268,0.01,120.0,0.8,0.0,0,0,8
1063754743,0.01,120.0,1.88,0.0,0,0,8
1063805687,0.01,120.0,1.25,0.0,0,0,8
1063856658,0.01,120.0,0.57,0.0,0,0,8
1063906689,0.01,120.0,1.09,0.0,0,0,8
1063956660,0.01,120.0,0.81,0.0,0,0,8
1064006894,0.01,120.0,1.03,0.0,0,0,8
1064056640,0.01,120.0,1.23,0.0,0,0,8
1064109780,0.01,120.0,0.59,0.0,0,0,8
1064159992,0.01,120.0,0.47,0.0,0,0,8
1064210841,0.01,120.0,1.37,0.0,0,0,8
1064262675,0.01,120.0,1.12,0.0,0,0,8
1064312629,0.01,120.0,1.06,0.0,0,0,8
1064363973,0.01,120.0,0.91,0.0,0,0,8
1064413998,0.01,120.0,0.83,0.0,0,0,8
1064464645,0.01,120.0,0.63,0.0,0,0,8
1064515662,0.01,120.0,0.83,0.0,0,0,8
1064566183,0.01,120.0,1.12,0.0,0,0,8
1064616629,0.01,120.0,1.02,0.0,0,0,8
1064667823,0.01,120.0,0.84,0.0,0,0,8
1064718148,0.01,120.0,0.65,0.0,0,0,8
1064771388,0.01,120.0,0.82,0.0,0,0,8
1064822364,0.01,120.0,0.88,0.0,0,0,8
1064873551,0.01,120.0,1.43,0.0,0,0,8
1064924643,0.01,120.0,1.06,0.0,0,0,8
1064975645,0.01,120.0,1.12,0.0,0,0,8
1065026071,0.01,120.0,1.05,0.0,0,0,8
1065075848,0.01,120.0,0.96,0.0,0,0,8
1065127830,0.01,120.0,1.05,0.0,0,0,8
1065177685,0.01,120.0,1.16,0.0,0,0,8
1065227674,0.01,120.0,1.05,0.0,0,0,8
1065280920,0.01,120.0,0.99,0.0,0,0,8
1065332244,0.01,120.0,0.91,0.0,0,0,8
1065383384,0.01,120.0,1.31,0.0,0,0,8
1065435435,0.01,120.0,1.18,0.0,0,0,8
1065485662,0.01,120.0,1.23,0.0,0,0,8
1065535711,0.01,120.0,1.13,0.0,0,0,8
1065585677,0.01,120.0,1.28,0.0,0,0,8
1065635677,0.01,120.0,0.91,0.0,0,0,8
1065687716,0.01,120.0,1.31,0.0,0,0,8
1065739786,0.01,120.0,1.04,0.0,0,0,8
1065792789,0.01,120.0,1.08,0.0,0,0,8
1065843689,0.01,120.0,1.41,0.0,0,0,8
1065895293,0.01,120.0,1.22,0.0,0,0,8
1065944633,0.01,120.0,0.92,0.0,0,0,8
1065995678,0.01,120.0,0.97,0.0,0,0,8
1066047584,0.01,120.0,1.14,0.0,0,0,8
1066098771,0.01,120.0,0.67,0.0,0,0,8
1066149310,0.01,120.0,0.72,0.0,0,0,8
1066199644,0.01,120.0,1.29,0.0,0,0,8
1066249700,0.01,120.0,1.05,0.0,0,0,8
1066299942,0.01,120.0,1.13,0.0,0,0,8
1066349750,0.01,120.0,1.19,0.0,0,0,8
1066401383,0.01,120.0,0.88,0.0,0,0,8
1066454190,0.01,120.0,1.06,0.0,0,0,8
1066504667,0.01,120.0,0.93,0.0,0,0,8
1066555674,0.01,120.0,1.16,0.0,0,0,8
1066605654,0.01,120.0,0.89,0.0,0,0,8
1066657332,0.01,120.0,1.14,0.0,0,0,8
1066707658,0.01,120.0,1.36,0.0,0,0,8
1066758798,0.01,120.0,0.8,0.0,0,0,8
1066809263,0.01,120.0,0.68,0.0,0,0,8
1066859668,0.01,120.0,1.08,0.0,0,0,8
1066910782,0.01,120.0,0.91,0.0,0,0,8
1066961326,0.01,120.0,0.88,0.0,0,0,8
1067014951,0.01,120.0,0.7,0.0,0,0,8
1067066972,0.01,120.0,0.92,0.0,0,0,8
1067118810,0.01,120.0,0.92,0.0,0,0,8
1067168766,0.01,120.0,0.81,0.0,0,0,8
1067219727,0.01,120.0,1.09,0.0,0,0,8
1067270711,0.01,120.0,0.7,0.0,0,0,8
1067320643,0.01,120.0,0.96,0.0,0,0,8
1067371195,0.01,120.0,0.91,0.0,0,0,8
1067420848,0.01,120.0,0.84,0.0,0,0,8
1067471266,0.01,120.0,0.98,0.0,0,0,8
1067520860,0.01,120.0,1.06,0.0,0,0,8
1067571160,0.01,120.0,0.5,0.0,0,0,8
1067620633,0.01,120.0,0.88,0.0,0,0,8
1067671374,0.01,120.0,0.99,0.0,0,0,8
1067722459,0.01,120.0,1.07,0.0,0,0,8
1067772880,0.01,120.0,1.12,0.0,0,0,8
1067824627,0.01,120.0,0.97,0.0,0,0,8
1067876077,0.01,120.0,0.97,0.0,0,0,8
1067926836,0.01,120.0,0.85,0.0,0,0,8
1067977657,0.01,120.0,1.38,0.0,0,0,8
1068028648,0.01,120.0,0.62,0.0,0,0,8
1068080345,0.01,120.0,1.26,0.0,0,0,8
1068132265,0.01,120.0,0.67,0.0,0,0,8
1068181636,0.01,120.0,0.85,0.0,0,0,8
1068232448,0.01,120.0,1.09,0.0,0,0,8
1068282761,0.01,120.0,0.94,0.0,0,0,8
1068332784,0.01,120.0,0.91,0.0,0,0,8
1068382705,0.01,120.0,1.42,0.0,0,0,8
1068433710,0.01,120.0,1.02,0.0,0,0,8
1068486043,0.01,120.0,1.26,0.0,0,0,8
1068537119,0.01,120.0,0.87,0.0,0,0,8
1068588503,0.01,120.0,0.83,0.0,0,0,8
1068641072,0.01,120.0,0.66,0.0,0,0,8
1068692273,0.01,120.0,0.86,0.0,0,0,8
1068741689,0.01,120.0,1.43,0.0,0,0,8
1068792643,0.01,120.0,0.77,0.0,0,0,8
1068844520,0.01,120.0,0.77,0.0,0,0,8
1068894675,0.01,120.0,1.66,0.0,0,0,8
1068947555,0.01,120.0,0.88,0.0,0,0,8
1068998672,0.01,120.0,0.94,0.0,0,0,8
1069049834,0.01,120.0,0.94,0.0,0,0,8
1069100688,0.01,120.0,0.82,0.0,0,0,8
1069151734,0.01,120.0,0.89,0.0,0,0,8
1069202171,0.01,120.0,0.93,0.0,0,0,8
1069251660,0.01,120.0,0.64,0.0,0,0,8
1069302771,0.01,120.0,0.64,0.0,0,0,8
1069352629,0.01,120.0,1.2,0.0,0,0,8
1069403738,0.01,120.0,0.55,0.0,0,0,8
1069453850,0.01,120.0,0.93,0.0,0,0,8
1069503630,0.01,120.0,0.58,0.0,0,0,8
1069554168,0.01,120.0,0.7,0.0,0,0,8
1069603727,0.01,120.0,0.88,0.0,0,0,8
1069654678,0.01,120.0,1.54,0.0,0,0,8
1069705793,0.01,120.0,0.93,0.0,0,0,8
1069755691,0.01,120.0,0.68,0.0,0,0,8
1069809424,0.01,120.0,0.8,0.0,0,0,8
1069860695,0.01,120.0,0.94,0.0,0,0,8
1069911644,0.01,120.0,0.85,0.0,0,0,8
1069961718,0.01,120.0,0.95,0.0,0,0,8
1070011650,0.01,120.0,0.89,0.0,0,0,8
1070063310,0.01,120.0,0.77,0.0,0,0,8
1070113682,0.01,120.0,0.93,0.0,0,0,8
1070164082,0.01,120.0,0.42,0.0,0,0,8
1070213688,0.01,120.0,0.92,0.0,0,0,8
1070264785,0.01,120.0,0.92,0.0,0,0,8
1070315365,0.01,120.0,0.83,0.0,0,0,8
1070365665,0.01,120.0,0.83,0.0,0,0,8
1070416896,0.01,120.0,1.57,0.0,0,0,8
1070469679,0.01,120.0,0.7,0.0,0,0,8
1070520548,0.01,120.0,1.25,0.0,0,0,8
1070571864,0.01,120.0,1.0,0.0,0,0,8
1070623073,0.01,120.0,0.76,0.0,0,0,8
1070673662,0.01,120.0,0.71,0.0,0,0,8
1070723733,0.01,120.0,0.82,0.0,0,0,8
1070775430,0.01,120.0,0.61,0.0,0,0,8
1070826762,0.01,120.0,0.85,0.0,0,0,8
1070876964,0.01,120.0,0.8,0.0,0,0,8
1070926668,0.01,120.0,0.58,0.0,0,0,8
1070977433,0.01,120.0,0.85,0.0,0,0,8
1071027700,0.01,120.0,0.74,0.0,0,0,8
1071081111,0.01,120.0,1.07,0.0,0,0,8
1071130946,0.01,120.0,0.92,0.0,0,0,8
1071181252,0.01,120.0,0.79,0.0,0,0,8
1071231629,0.01,120.0,0.63,0.0,0,0,8
1071282034,0.01,120.0,1.02,0.0,0,0,8
1071333371,0.01,120.0,0.75,0.0,0,0,8
1071385335,0.01,120.0,1.35,0.0,0,0,8
1071435879,0.01,120.0,0.69,0.0,0,0,8
1071486786,0.01,120.0,0.94,0.0,0,0,8
1071537681,0.01,120.0,0.24,0.0,0,0,8
1071587700,0.01,120.0,0.73,0.0,0,0,8
1071637741,0.01,120.0,0.87,0.0,0,0,8
1071687629,0.01,120.0,1.36,0.0,0,0,8
1071738689,0.01,120.0,1.3,0.0,0,0,8
1071792216,0.01,120.0,1.03,0.0,0,0,8
1071842971,0.01,120.0,0.84,0.0,0,0,8
1071894206,0.01,120.0,0.74,0.0,0,0,8
1071944790,0.01,120.0,0.97,0.0,0,0,8
1071994864,0.01,120.0,1.37,0.0,0,0,8
1072046767,0.01,120.0,0.76,0.0,0,0,8
1072096643,0.01,120.0,1.62,0.0,0,0,8
1072147789,0.01,120.0,0.74,0.0,0,0,8
1072198255,0.01,120.0,0.99,0.0,0,0,8
1072248729,0.01,120.0,0.66,0.0,0,0,8
1072299653,0.01,120.0,0.95,0.0,0,0,8
1072350815,0.01,120.0,0.79,0.0,0,0,8
1072404132,0.01,120.0,1.26,0.0,0,0,8
1072454984,0.01,120.0,0.88,0.0,0,0,8
1072506351,0.01,120.0,0.82,0.0,0,0,8
1072558473,0.01,120.0,0.1,0.0,0,0,8
1072610548,0.01,120.0,1.29,0.0,0,0,8
1072660921,0.01,120.0,0.96,0.0,0,0,8
1072710770,0.01,120.0,0.9,0.0,0,0,8
1072764976,0.01,120.0,1.06,0.0,0,0,8
1072816664,0.01,120.0,1.17,0.0,0,0,8
1072866698,0.01,120.0,0.88,0.0,0,0,8
1072917818,0.01,120.0,0.88,0.0,0,0,8
1072968237,0.01,120.0,0.94,0.0,0,0,8
1073018674,0.01,120.0,1.11,0.0,0,0,8
1073068981,0.01,120.0,0.64,0.0,0,0,8
1073118650,0.01,120.0,0.97,0.0,0,0,8
1073170017,0.01,120.0,0.97,0.0,0,0,8
1073220661,0.01,120.0,1.34,0.0,0,0,8
1073274685,0.01,120.0,0.98,0.0,0,0,8
1073325269,0.01,120.0,1.16,0.0,0,0,8
1073374859,0.01,120.0,1.16,0.0,0,0,8
1073425237,0.01,120.0,1.06,0.0,0,0,8
1073474717,0.01,120.0,1.02,0.0,0,0,8
1073525042,0.01,120.0,0.94,0.0,0,0,8
1073576470,0.01,120.0,1.17,0.0,0,0,8
1073626798,0.01,120.0,0.96,0.0,0,0,8
1073678243,0.01,120.0,1.1,0.0,0,0,8
1073728642,0.01,120.0,1.48,0.0,0,0,8
1073779672,0.01,120.0,1.21,0.0,0,0,8
1073830653,0.01,120.0,0.98,0.0,0,0,8
1073882017,0.01,120.0,1.35,0.0,0,0,8
1073932754,0.01,120.0,1.02,0.0,0,0,8
1073984609,0.01,120.0,1.02,0.0,0,0,8
1074035709,0.01,120.0,0.74,0.0,0,0,8
1074086117,0.01,120.0,1.29,0.0,0,0,8
1074137929,0.01,120.0,0.95,0.0,0,0,8
1074188647,0.01,120.0,1.26,0.0,0,0,8
1074238794,0.01,120.0,1.03,0.0,0,0,8
1074289445,0.01,120.0,0.88,0.0,0,0,8
1074340287,0.01,120.0,1.24,0.0,0,0,8
1074389826,0.01,120.0,1.15,0.0,0,0,8
1074440668,0.01,120.0,1.15,0.0,0,0,8
1074490786,0.01,120.0,1.14,0.0,0,0,8
1074542030,0.01,120.0,1.1,0.0,0,0,8
1074591630,0.01,120.0,0.94,0.0,0,0,8
1074643499,0.01,120.0,1.03,0.0,0,0,8
1074697119,0.01,120.0,0.97,0.0,0,0,8
1074747679,0.01,120.0,0.72,0.0,0,0,8
1074799780,0.01,120.0,1.03,0.0,0,0,8
1074851412,0.01,120.0,1.13,0.0,0,0,8
1074903721,0.01,120.0,0.96,0.0,0,0,8
1074953713,0.01,120.0,0.96,0.0,0,0,8
1075003770,0.01,120.0,1.32,0.0,0,0,8
1075053659,0.01,120.0,1.27,0.0,0,0,8
1075107240,0.01,120.0,0.97,0.0,0,0,8
1075156990,0.01,120.0,0.88,0.0,0,0,8
1075208066,0.01,120.0,0.31,0.0,0,0,8
1075259828,0.01,120.0,1.04,0.0,0,0,8
1075311425,0.01,120.0,1.04,0.0,0,0,8
1075361710,0.01,120.0,1.1,0.0,0,0,8
1075412649,0.01,120.0,0.83,0.0,0,0,8
1075463967,0.01,120.0,1.09,0.0,0,0,8
1075516983,0.01,120.0,1.52,0.0,0,0,8
1075568434,0.01,120.0,0.82,0.0,0,0,8
1075619927,0.01,120.0,0.82,0.0,0,0,8
1075669812,0.01,120.0,0.89,0.0,0,0,8
1075719809,0.01,120.0,0.93,0.0,0,0,8
1075769877,0.01,120.0,0.93,0.0,0,0,8
1075819700,0.01,120.0,0.54,0.0,0,0,8
1075869819,0.01,120.0,1.26,0.0,0,0,8
1075921334,0.01,120.0,1.12,0.0,0,0,8
1075971662,0.01,120.0,1.07,0.0,0,0,8
1076022959,0.01,120.0,1.27,0.0,0,0,8
1076073662,0.01,120.0,0.92,0.0,0,0,8
1076123730,0.01,120.0,0.82,0.0,0,0,8
1076174684,0.01,120.0,1.28,0.0,0,0,8
1076225667,0.01,120.0,0.89,0.0,0,0,8
1076275711,0.01,120.0,1.0,0.0,0,0,8
1076325690,0.01,120.0,0.67,0.0,0,0,8
1076375748,0.01,120.0,0.82,0.0,0,0,8
1076426639,0.01,120.0,0.93,0.0,0,0,8
1076478563,0.01,120.0,1.01,0.0,0,0,8
1076529466,0.01,120.0,0.57,0.0,0,0,8
1076580947,0.01,120.0,1.11,0.0,0,0,8
1076630840,0.01,120.0,1.0,0.0,0,0,8
1076682644,0.01,120.0,0.47,0.0,0,0,8
1076734256,0.01,120.0,0.8,0.0,0,0,8
1076784641,0.01,120.0,1.03,0.0,0,0,8
1076834990,0.01,120.0,1.11,0.0,0,0,8
1076884735,0.01,120.0,0.83,0.0,0,0,8
1076934778,0.01,120.0,0.95,0.0,0,0,8
1076986359,0.01,120.0,1.13,0.0,0,0,8
1077036742,0.01,120.0,2.32,0.0,0,0,8
1077087663,0.01,120.0,1.13,0.0,0,0,8
1077140590,0.01,120.0,1.06,0.0,0,0,8
1077190943,0.01,120.0,0.82,0.0,0,0,8
1077240649,0.01,120.0,1.01,0.0,0,0,8
1077291669,0.01,120.0,1.3,0.0,0,0,8
1077342919,0.01,120.0,1.22,0.0,0,0,8
1077394561,0.01,120.0,1.02,0.0,0,0,8
1077446455,0.01,120.0,0.79,0.0,0,0,8
1077496751,0.01,120.0,1.08,0.0,0,0,8
1077548365,0.01,120.0,1.22,0.0,0,0,8
1077602047,0.01,120.0,1.04,0.0,0,0,8
1077652662,0.01,120.0,0.76,0.0,0,0,8
1077704238,0.01,120.0,0.81,0.0,0,0,8
1077753660,0.01,120.0,0.0,0.0,0,0,8
1077804650,0.01,120.0,1.24,0.0,0,0,8
1077854656,0.01,120.0,0.68,0.0,0,0,8
1077904656,0.01,120.0,1.22,0.0,0,0,8
1077954745,0.01,120.0,0.68,0.0,0,0,8
1078004744,0.01,120.0,1.19,0.0,0,0,8
1078056481,0.01,120.0,1.03,0.0,0,0,8
1078108301,0.01,120.0,0.52,0.0,0,0,8
1078157667,0.01,120.0,0.0,0.0,0,0,8
1078208199,0.01,120.0,1.71,0.0,0,0,8
1078257820,0.01,120.0,0.78,0.0,0,0,8
1078308666,0.01,120.0,0.92,0.0,0,0,8
1078358681,0.01,120.0,0.92,0.0,0,0,8
1078408665,0.01,120.0,0.86,0.0,0,0,8
1078460478,0.01,120.0,0.94,0.0,0,0,8
1078510771,0.01,120.0,0.5,0.0,0,0,8
1078564115,0.01,120.0,1.44,0.0,0,0,8
1078614463,0.01,120.0,1.13,0.0,0,0,8
1078666219,0.01,120.0,1.05,0.0,0,0,8
1078716769,0.01,120.0,0.84,0.0,0,0,8
1078766699,0.01,120.0,1.04,0.0,0,0,8
1078816659,0.01,120.0,0.92,0.0,0,0,8
1078866972,0.01,120.0,0.12,0.0,0,0,8
1078918190,0.01,120.0,1.04,0.0,0,0,8
1078968647,0.01,120.0,1.09,0.0,0,0,8
1079019642,0.01,120.0,0.02,0.0,0,0,8
1079070788,0.01,120.0,1.15,0.0,0,0,8
1079123673,0.01,120.0,0.95,0.0,0,0,8
1079174096,0.01,120.0,1.03,0.0,0,0,8
1079223746,0.01,120.0,0.6,0.0,0,0,8
1079274691,0.01,120.0,1.09,0.0,0,0,8
1079325855,0.01,120.0,1.09,0.0,0,0,8
1079376643,0.01,120.0,1.46,0.0,0,0,8
1079427442,0.01,120.0,1.52,0.0,0,0,8
1079477683,0.01,120.0,0.76,0.0,0,0,8
1079527645,0.01,120.0,1.62,0.0,0,0,8
1079579477,0.01,120.0,1.09,0.0,0,0,8
1079629674,0.01,120.0,1.41,0.0,0,0,8
1079680642,0.01,120.0,0.86,0.0,0,0,8
1079731711,0.01,120.0,1.0,0.0,0,0,8
1079785135,0.01,120.0,1.07,0.0,0,0,8
1079835742,0.01,120.0,1.33,0.0,0,0,8
1079887474,0.01,120.0,0.65,0.0,0,0,8
1079939441,0.01,120.0,1.11,0.0,0,0,8
1079991858,0.01,120.0,0.85,0.0,0,0,8
1080041716,0.01,120.0,0.89,0.0,0,0,8
1080092981,0.01,120.0,1.48,0.0,0,0,8
1080143384,0.01,120.0,0.59,0.0,0,0,8
1080196127,0.01,120.0,0.52,0.0,0,0,8
1080247795,0.01,120.0,1.08,0.0,0,0,8
1080297686,0.01,120.0,0.98,0.0,0,0,8
1080348671,0.01,120.0,0.98,0.0,0,0,8
1080399668,0.01,120.0,1.82,0.0,0,0,8
1080449806,0.01,120.0,1.11,0.0,0,0,8
1080501015,0.01,120.0,1.11,0.0,0,0,8
1080551632,0.01,120.0,1.11,0.0,0,0,8
1080601684,0.01,120.0,0.95,0.0,0,0,8
1080653329,0.01,120.0,0.0,0.0,0,0,8
1080707183,0.01,120.0,0.94,0.0,0,0,8
1080757254,0.01,120.0,0.94,0.0,0,0,8
1080807157,0.01,120.0,1.19,0.0,0,0,8
1080857674,0.01,120.0,0.92,0.0,0,0,8
1080909394,0.01,120.0,0.98,0.0,0,0,8
1080961806,0.01,120.0,1.14,0.0,0,0,8
1081011644,0.01,120.0,0.72,0.0,0,0,8
1081062684,0.01,120.0,1.14,0.0,0,0,8
1081113680,0.01,120.0,1.24,0.0,0,0,8
1081166906,0.01,120.0,1.11,0.0,0,0,8
1081218186,0.01,120.0,1.56,0.0,0,0,8
1081269550,0.01,120.0,1.22,0.0,0,0,8
1081319734,0.01,120.0,1.53,0.0,0,0,8
1081371303,0.01,120.0,1.14,0.0,0,0,8
1081422713,0.01,120.0,1.46,0.0,0,0,8
1081474261,0.01,120.0,1.07,0.0,0,0,8
1081524629,0.01,120.0,1.26,0.0,0,0,8
1081575652,0.01,120.0,0.97,0.0,0,0,8
1081628111,0.01,120.0,1.22,0.0,0,0,8
1081679324,0.01,120.0,0.99,0.0,0,0,8
1081730822,0.01,120.0,1.16,0.0,0,0,8
1081782482,0.01,120.0,1.2,0.0,0,0,8
1081832647,0.01,120.0,1.01,0.0,0,0,8
1081882914,0.01,120.0,0.98,0.0,0,0,8
1081932642,0.01,120.0,0.92,0.0,0,0,8
1081983294,0.01,120.0,1.12,0.0,0,0,8
1082034230,0.01,120.0,0.8,0.0,0,0,8
1082084629,0.01,120.0,0.94,0.0,0,0,8
1082134782,0.01,120.0,3.31,0.0,0,0,8
1082186566,0.01,120.0,1.51,0.0,0,0,8
1082240282,0.01,120.0,0.96,0.0,0,0,8
1082290839,0.01,120.0,1.14,0.0,0,0,8
1082341055,0.01,120.0,0.93,0.0,0,0,8
1082392460,0.01,120.0,1.07,0.0,0,0,8
1082444164,0.01,120.0,1.07,0.0,0,0,8
1082493824,0.01,120.0,1.06,0.0,0,0,8
1082544195,0.01,120.0,1.25,0.0,0,0,8
1082594633,0.01,120.0,1.33,0.0,0,0,8
1082644679,0.01,120.0,1.23,0.0,0,0,8
1082694640,0.01,120.0,1.73,0.0,0,0,8
1082745855,0.01,120.0,1.3,0.0,0,0,8
1082796467,0.01,120.0,1.22,0.0,0,0,8
1082846687,0.01,120.0,0.87,0.0,0,0,8
1082897751,0.01,120.0,0.87,0.0,0,0,8
1082949898,0.01,120.0,0.95,0.0,0,0,8
1083000967,0.01,120.0,1.03,0.0,0,0,8
1083052428,0.01,120.0,0.88,0.0,0,0,8
1083104366,0.01,120.0,0.67,0.0,0,0,8
1083154766,0.01,120.0,1.1,0.0,0,0,8
1083205733,0.01,120.0,1.16,0.0,0,0,8
1083255655,0.01,120.0,0.86,0.0,0,0,8
1083306691,0.01,120.0,1.27,0.0,0,0,8
1083358262,0.01,120.0,0.9,0.0,0,0,8
1083412177,0.01,120.0,0.9,0.0,0,0,8
1083462097,0.01,120.0,0.66,0.0,0,0,8
1083512412,0.01,120.0,0.75,0.0,0,0,8
1083562995,0.01,120.0,0.86,0.0,0,0,8
1083614086,0.01,120.0,1.0,0.0,0,0,8
1083663642,0.01,120.0,0.29,0.0,0,0,8
1083714670,0.01,120.0,1.1,0.0,0,0,8
1083764641,0.01,120.0,0.97,0.0,0,0,8
1083815682,0.01,120.0,1.23,0.0,0,0,8
1083866506,0.01,120.0,1.02,0.0,0,0,8
1083916644,0.01,120.0,0.83,0.0,0,0,8
1083967727,0.01,120.0,0.99,0.0,0,0,8
1084018530,0.01,120.0,0.99,0.0,0,0,8
1084069918,0.01,120.0,1.02,0.0,0,0,8
1084119676,0.01,120.0,1.26,0.0,0,0,8
1084172082,0.01,120.0,0.77,0.0,0,0,8
1084222054,0.01,120.0,1.09,0.0,0,0,8
1084273030,0.01,120.0,0.53,0.0,0,0,8
1084323797,0.01,120.0,0.0,0.0,0,0,8
1084375379,0.01,120.0,1.03,0.0,0,0,8
1084427303,0.01,120.0,1.03,0.0,0,0,8
1084477662,0.01,120.0,0.96,0.0,0,0,8
1084527740,0.01,120.0,0.96,0.0,0,0,8
1084579712,0.01,120.0,0.63,0.0,0,0,8
1084633039,0.01,120.0,0.98,0.0,0,0,8
1084683969,0.01,120.0,0.8,0.0,0,0,8
1084735406,0.01,120.0,1.07,0.0,0,0,8
1084787160,0.01,120.0,1.07,0.0,0,0,8
1084837674,0.01,120.0,1.3,0.0,0,0,8
1084888664,0.01,120.0,1.01,0.0,0,0,8
1084939854,0.01,120.0,1.17,0.0,0,0,8
1084989676,0.01,120.0,1.07,0.0,0,0,8
1085040652,0.01,120.0,1.35,0.0,0,0,8
1085092880,0.01,120.0,1.04,0.0,0,0,8
1085144313,0.01,120.0,1.13,0.0,0,0,8
1085195827,0.01,120.0,0.79,0.0,0,0,8
1085245660,0.01,120.0,1.17,0.0,0,0,8
1085297231,0.01,120.0,0.57,0.0,0,0,8
1085346676,0.01,120.0,0.76,0.0,0,0,8
1085397152,0.01,120.0,1.26,0.0,0,0,8
1085446687,0.01,120.0,0.64,0.0,0,0,8
1085497688,0.01,120.0,0.69,0.0,0,0,8
1085547666,0.01,120.0,1.43,0.0,0,0,8
1085598633,0.01,120.0,1.78,0.0,0,0,8
1085649804,0.01,120.0,0.84,0.0,0,0,8
1085699838,0.01,120.0,1.18,0.0,0,0,8
1085750646,0.01,120.0,1.28,0.0,0,0,8
1085800989,0.01,120.0,1.13,0.0,0,0,8
1085850759,0.01,120.0,1.07,0.0,0,0,8
1085901125,0.01,120.0,1.2,0.0,0,0,8
1085950681,0.01,120.0,0.56,0.0,0,0,8
1086001737,0.01,120.0,1.3,0.0,0,0,8
1086051629,0.01,120.0,1.43,0.0,0,0,8
1086102779,0.01,120.0,1.12,0.0,0,0,8
1086152754,0.01,120.0,1.21,0.0,0,0,8
1086205442,0.01,120.0,1.06,0.0,0,0,8
1086255986,0.01,120.0,1.42,0.0,0,0,8
1086306670,0.01,120.0,1.22,0.0,0,0,8
1086356900,0.01,120.0,1.25,0.0,0,0,8
1086407637,0.01,120.0,1.38,0.0,0,0,8
1086458824,0.01,120.0,1.33,0.0,0,0,8
1086510503,0.01,120.0,1.43,0.0,0,0,8
1086562593,0.01,120.0,1.24,0.0,0,0,8
1086612630,0.01,120.0,0.96,0.0,0,0,8
1086663640,0.01,120.0,1.23,0.0,0,0,8
1086716575,0.01,120.0,1.23,0.0,0,0,8
1086767436,0.01,120.0,1.29,0.0,0,0,8
1086818254,0.01,120.0,1.55,0.0,0,0,8
1086867680,0.01,120.0,1.15,0.0,0,0,8
1086918894,0.01,120.0,1.22,0.0,0,0,8
1086971396,0.01,120.0,1.27,0.0,0,0,8
1087023354,0.01,120.0,1.36,0.0,0,0,8
1087074839,0.01,120.0,1.36,0.0,0,0,8
1087124881,0.01,120.0,0.73,0.0,0,0,8
1087174753,0.01,120.0,1.16,0.0,0,0,8
1087227136,0.01,120.0,1.4,0.0,0,0,8
1087277714,0.01,120.0,1.18,0.0,0,0,8
1087328677,0.01,120.0,1.3,0.0,0,0,8
1087380787,0.01,120.0,1.39,0.0,0,0,8
1087432355,0.01,120.0,1.25,0.0,0,0,8
1087482672,0.01,120.0,1.41,0.0,0,0,8
1087532644,0.01,120.0,1.14,0.0,0,0,8
1087584199,0.01,120.0,1.1,0.0,0,0,8
1087633654,0.01,120.0,1.32,0.0,0,0,8
1087684658,0.01,120.0,1.36,0.0,0,0,8
1087737815,0.01,120.0,1.36,0.0,0,0,8
1087788770,0.01,120.0,1.24,0.0,0,0,8
1087840597,0.01,120.0,1.24,0.0,0,0,8
1087892279,0.01,120.0,1.51,0.0,0,0,8
1087942658,0.01,120.0,1.29,0.0,0,0,8
1087992846,0.01,120.0,1.13,0.0,0,0,8
1088042779,0.01,120.0,1.31,0.0,0,0,8
1088092643,0.01,120.0,1.32,0.0,0,0,8
1088143680,0.01,120.0,1.39,0.0,0,0,8
1088193786,0.01,120.0,1.2,0.0,0,0,8
1088244643,0.01,120.0,1.06,0.0,0,0,8
1088294761,0.01,120.0,1.4,0.0,0,0,8
1088345873,0.01,120.0,1.3,0.0,0,0,8
1088396647,0.01,120.0,1.26,0.0,0,0,8
1088446677,0.01,120.0,1.33,0.0,0,0,8
1088496629,0.01,120.0,1.26,0.0,0,0,8
1088549915,0.01,120.0,1.26,0.0,0,0,8
1088599688,0.01,120.0,1.26,0.0,0,0,8
1088650675,0.01,120.0,1.34,0.0,0,0,8
1088700763,0.01,120.0,1.4,0.0,0,0,8
1088751701,0.01,120.0,1.31,0.0,0,0,8
1088802640,0.01,120.0,1.35,0.0,0,0,8
1088852751,0.01,120.0,1.43,0.0,0,0,8
1088902658,0.01,120.0,1.27,0.0,0,0,8
1088952629,0.01,120.0,1.22,0.0,0,0,8
1089002772,0.01,120.0,1.34,0.0,0,0,8
1089053674,0.01,120.0,1.35,0.0,0,0,8
1089104385,0.01,120.0,1.22,0.0,0,0,8
1089155054,0.01,120.0,1.41,0.0,0,0,8
1089205662,0.01,120.0,1.31,0.0,0,0,8
1089255798,0.01,120.0,1.37,0.0,0,0,8
1089305688,0.01,120.0,1.13,0.0,0,0,8
1089355664,0.01,120.0,1.23,0.0,0,0,8
1089405726,0.01,120.0,1.17,0.0,0,0,8
1089456736,0.01,120.0,0.83,0.0,0,0,8
1089507310,0.01,120.0,1.4,0.0,0,0,8
1089561036,0.01,120.0,1.91,0.0,0,0,8
1089612257,0.01,120.0,1.19,0.0,0,0,8
1089664099,0.01,120.0,1.73,0.0,0,0,8
1089713676,0.01,120.0,1.29,0.0,0,0,8
1089764272,0.01,120.0,1.13,0.0,0,0,8
1089815790,0.01,120.0,1.33,0.0,0,0,8
1089865703,0.01,120.0,1.17,0.0,0,0,8
1089916645,0.01,120.0,1.39,0.0,0,0,8
1089967951,0.01,120.0,1.15,0.0,0,0,8
1090018860,0.01,120.0,2.0,0.0,0,0,8
1090069068,0.01,120.0,1.25,0.0,0,0,8
1090122064,0.01,120.0,1.18,0.0,0,0,8
1090173320,0.01,120.0,1.12,0.0,0,0,8
1090225286,0.01,120.0,1.61,0.0,0,0,8
1090275629,0.01,120.0,1.23,0.0,0,0,8
1090325732,0.01,120.0,1.9,0.0,0,0,8
1090376933,0.01,120.0,0.77,0.0,0,0,8
1090427645,0.01,120.0,1.05,0.0,0,0,8
1090477742,0.01,120.0,0.56,0.0,0,0,8
1090527762,0.01,120.0,1.18,0.0,0,0,8
1090578943,0.01,120.0,1.28,0.0,0,0,8
1090629184,0.01,120.0,0.72,0.0,0,0,8
1090679700,0.01,120.0,1.36,0.0,0,0,8
1090733086,0.01,120.0,1.12,0.0,0,0,8
1090783651,0.01,120.0,0.51,0.0,0,0,8
1090834654,0.01,120.0,0.92,0.0,0,0,8
1090885704,0.01,120.0,0.99,0.0,0,0,8
1090936645,0.01,120.0,1.08,0.0,0,0,8
1090987630,0.01,120.0,0.93,0.0,0,0,8
1091038820,0.01,120.0,1.02,0.0,0,0,8
1091090667,0.01,120.0,0.99,0.0,0,0,8
1091140629,0.01,120.0,1.16,0.0,0,0,8
1091192850,0.01,120.0,0.82,0.0,0,0,8
1091244170,0.01,120.0,0.85,0.0,0,0,8
1091294657,0.01,120.0,1.25,0.0,0,0,8
1091346251,0.01,120.0,0.67,0.0,0,0,8
1091396629,0.01,120.0,0.85,0.0,0,0,8
1091447197,0.01,120.0,1.21,0.0,0,0,8
1091498726,0.01,120.0,1.11,0.0,0,0,8
1091548872,0.01,120.0,1.11,0.0,0,0,8
1091598661,0.01,120.0,1.11,0.0,0,0,8
1091650727,0.01,120.0,1.33,0.0,0,0,8
1091704337,0.01,120.0,1.33,0.0,0,0,8
1091755676,0.01,120.0,1.13,0.0,0,0,8
1091807323,0.01,120.0,1.33,0.0,0,0,8
1091858446,0.01,120.0,1.45,0.0,0,0,8
1091909673,0.01,120.0,0.19,0.0,0,0,8
1091960160,0.01,120.0,1.02,0.0,0,0,8
1092010666,0.01,120.0,1.17,0.0,0,0,8
1092060756,0.01,120.0,0.87,0.0,0,0,8
1092114088,0.01,120.0,0.97,0.0,0,0,8
1092165812,0.01,120.0,1.13,0.0,0,0,8
1092216873,0.01,120.0,0.7,0.0,0,0,8
1092268417,0.01,120.0,1.3,0.0,0,0,8
1092320448,0.01,120.0,0.73,0.0,0,0,8
1092372467,0.01,120.0,0.9,0.0,0,0,8
1092425688,0.01,120.0,1.01,0.0,0,0,8
1092476579,0.01,120.0,0.92,0.0,0,0,8
1092528871,0.01,120.0,0.92,0.0,0,0,8
1092579174,0.01,120.0,1.23,0.0,0,0,8
1092628646,0.01,120.0,1.16,0.0,0,0,8
1092679003,0.01,120.0,1.54,0.0,0,0,8
1092728645,0.01,120.0,1.15,0.0,0,0,8
1092778764,0.01,120.0,1.01,0.0,0,0,8
1092829712,0.01,120.0,0.91,0.0,0,0,8
1092880656,0.01,120.0,0.82,0.0,0,0,8
1092931656,0.01,120.0,1.06,0.0,0,0,8
1092982669,0.01,120.0,0.88,0.0,0,0,8
1093032635,0.01,120.0,1.09,0.0,0,0,8
1093083629,0.01,120.0,0.64,0.0,0,0,8
1093135724,0.01,120.0,0.93,0.0,0,0,8
1093187339,0.01,120.0,1.02,0.0,0,0,8
1093238181,0.01,120.0,1.07,0.0,0,0,8
1093288663,0.01,120.0,1.07,0.0,0,0,8
1093340664,0.01,120.0,0.89,0.0,0,0,8
1093391251,0.01,120.0,1.13,0.0,0,0,8
1093441436,0.01,120.0,0.97,0.0,0,0,8
1093492645,0.01,120.0,0.94,0.0,0,0,8
1093543645,0.01,120.0,1.21,0.0,0,0,8
1093596091,0.01,120.0,1.07,0.0,0,0,8
1093647041,0.01,120.0,1.31,0.0,0,0,8
1093696755,0.01,120.0,0.84,0.0,0,0,8
1093747641,0.01,120.0,1.94,0.0,0,0,8
1093798153,0.01,120.0,1.1,0.0,0,0,8
1093847715,0.01,120.0,0.9,0.0,0,0,8
1093897718,0.01,120.0,0.72,0.0,0,0,8
1093947825,0.01,120.0,0.8,0.0,0,0,8
1093999407,0.01,120.0,0.84,0.0,0,0,8
1094051558,0.01,120.0,0.93,0.0,0,0,8
1094101655,0.01,120.0,0.74,0.0,0,0,8
1094151714,0.01,120.0,1.02,0.0,0,0,8
1094201679,0.01,120.0,1.02,0.0,0,0,8
1094251732,0.01,120.0,0.94,0.0,0,0,8
1094301682,0.01,120.0,1.0,0.0,0,0,8
1094352642,0.01,120.0,0.75,0.0,0,0,8
1094403646,0.01,120.0,0.56,0.0,0,0,8
1094455306,0.01,120.0,1.05,0.0,0,0,8
1094508085,0.01,120.0,1.05,0.0,0,0,8
1094558234,0.01,120.0,1.21,0.0,0,0,8
1094609063,0.01,120.0,0.89,0.0,0,0,8
1094659820,0.01,120.0,1.12,0.0,0,0,8
1094711401,0.01,120.0,1.06,0.0,0,0,8
1094761733,0.01,120.0,0.82,0.0,0,0,8
1094811629,0.01,120.0,1.04,0.0,0,0,8
1094861791,0.01,120.0,0.41,0.0,0,0,8
1094911700,0.01,120.0,1.02,0.0,0,0,8
1094961720,0.01,120.0,0.87,0.0,0,0,8
1095011643,0.01,120.0,0.77,0.0,0,0,8
1095061674,0.01,120.0,0.5,0.0,0,0,8
1095113048,0.01,120.0,0.99,0.0,0,0,8
1095163836,0.01,120.0,0.61,0.0,0,0,8
1095213646,0.01,120.0,0.39,0.0,0,0,8
1095265700,0.01,120.0,0.48,0.0,0,0,8
1095318567,0.01,120.0,0.0,0.0,0,0,8
1095369709,0.01,120.0,0.63,0.0,0,0,8
1095419677,0.01,120.0,0.72,0.0,0,0,8
1095470282,0.01,120.0,1.22,0.0,0,0,8
1095519749,0.01,120.0,0.6,0.0,0,0,8
1095569925,0.01,120.0,1.0,0.0,0,0,8
1095621252,0.01,120.0,1.18,0.0,0,0,8
1095671642,0.01,120.0,1.14,0.0,0,0,8
1095722758,0.01,120.0,0.85,0.0,0,0,8
1095774471,0.01,120.0,1.56,0.0,0,0,8
1095824629,0.01,120.0,1.25,0.0,0,0,8
1095874861,0.01,120.0,0.9,0.0,0,0,8
1095924643,0.01,120.0,0.84,0.0,0,0,8
1095975766,0.01,120.0,0.88,0.0,0,0,8
1096026345,0.01,120.0,1.01,0.0,0,0,8
1096076648,0.01,120.0,1.06,0.0,0,0,8
1096126838,0.01,120.0,0.81,0.0,0,0,8
1096178246,0.01,120.0,1.02,0.0,0,0,8
1096227838,0.01,120.0,0.92,0.0,0,0,8
1096278342,0.01,120.0,1.02,0.0,0,0,8
1096331034,0.01,120.0,0.09,0.0,0,0,8
1096381388,0.01,120.0,1.01,0.0,0,0,8
1096431690,0.01,120.0,1.05,0.0,0,0,8
1096482851,0.01,120.0,1.0,0.0,0,0,8
1096534223,0.01,120.0,0.92,0.0,0,0,8
1096583630,0.01,120.0,1.04,0.0,0,0,8
1096634506,0.01,120.0,1.12,0.0,0,0,8
1096686577,0.01,120.0,0.88,0.0,0,0,8
1096736752,0.01,120.0,0.73,0.0,0,0,8
1096788344,0.01,120.0,1.26,0.0,0,0,8
1096841755,0.01,120.0,0.42,0.0,0,0,8
1096892306,0.01,120.0,0.51,0.0,0,0,8
1096941859,0.01,120.0,1.52,0.0,0,0,8
1096992532,0.01,120.0,1.02,0.0,0,0,8
1097044560,0.01,120.0,1.53,0.0,0,0,8
1097094661,0.01,120.0,1.15,0.0,0,0,8
1097145647,0.01,120.0,0.8,0.0,0,0,8
1097196645,0.01,120.0,1.02,0.0,0,0,8
1097248332,0.01,120.0,0.74,0.0,0,0,8
1097301404,0.01,120.0,0.91,0.0,0,0,8
1097353167,0.01,120.0,1.35,0.0,0,0,8
1097402757,0.01,120.0,0.98,0.0,0,0,8
1097453010,0.01,120.0,1.8,0.0,0,0,8
1097502771,0.01,120.0,0.95,0.0,0,0,8
1097553206,0.01,120.0,0.95,0.0,0,0,8
1097602787,0.01,120.0,0.95,0.0,0,0,8
1097653256,0.01,120.0,0.81,0.0,0,0,8
1097703290,0.01,120.0,1.06,0.0,0,0,8
1097752659,0.01,120.0,0.88,0.0,0,0,8
1097803944,0.01,120.0,0.98,0.0,0,0,8
1097854726,0.01,120.0,0.92,0.0,0,0,8
1097905786,0.01,120.0,0.98,0.0,0,0,8
1097955636,0.01,120.0,0.98,0.0,0,0,8
1098006254,0.01,120.0,1.22,0.0,0,0,8
1098056629,0.01,120.0,1.17,0.0,0,0,8
1098106672,0.01,120.0,0.83,0.0,0,0,8
1098158166,0.01,120.0,1.92,0.0,0,0,8
1098207642,0.01,120.0,0.67,0.0,0,0,8
1098258360,0.01,120.0,0.89,0.0,0,0,8
1098308630,0.01,120.0,0.97,0.0,0,0,8
1098359717,0.01,120.0,0.84,0.0,0,0,8
1098410038,0.01,120.0,0.97,0.0,0,0,8
1098459682,0.01,120.0,0.88,0.0,0,0,8
1098510693,0.01,120.0,0.61,0.0,0,0,8
1098560664,0.01,120.0,1.07,0.0,0,0,8
1098611683,0.01,120.0,0.82,0.0,0,0,8
1098661723,0.01,120.0,0.97,0.0,0,0,8
1098713989,0.01,120.0,1.54,0.0,0,0,8
1098765732,0.01,120.0,1.06,0.0,0,0,8
1098815682,0.01,120.0,1.41,0.0,0,0,8
1098865675,0.01,120.0,1.03,0.0,0,0,8
1098915775,0.01,120.0,1.48,0.0,0,0,8
1098967585,0.01,120.0,1.03,0.0,0,0,8
1099017740,0.01,120.0,1.03,0.0,0,0,8
1099067842,0.01,120.0,1.9,0.0,0,0,8
1099119462,0.01,120.0,1.41,0.0,0,0,8
1099171682,0.01,120.0,1.0,0.0,0,0,8
1099221678,0.01,120.0,1.18,0.0,0,0,8
1099271735,0.01,120.0,1.12,0.0,0,0,8
1099323274,0.01,120.0,1.38,0.0,0,0,8
1099372882,0.01,120.0,1.02,0.0,0,0,8
1099423693,0.01,120.0,1.02,0.0,0,0,8
1099473684,0.01,120.0,0.78,0.0,0,0,8
1099523702,0.01,120.0,1.35,0.0,0,0,8
1099576146,0.01,120.0,1.13,0.0,0,0,8
1099626512,0.01,120.0,1.22,0.0,0,0,8
1099677553,0.01,120.0,0.89,0.0,0,0,8
1099728978,0.01,120.0,1.04,0.0,0,0,8
1099779650,0.01,120.0,1.07,0.0,0,0,8
1099829706,0.01,120.0,1.07,0.0,0,0,8
1099881182,0.01,120.0,1.12,0.0,0,0,8
1099930798,0.01,120.0,1.05,0.0,0,0,8
1099981223,0.01,120.0,1.08,0.0,0,0,8
1100031629,0.01,120.0,1.04,0.0,0,0,8
1100082640,0.01,120.0,0.87,0.0,0,0,8
1100133748,0.01,120.0,1.11,0.0,0,0,8
1100186213,0.01,120.0,0.89,0.0,0,0,8
1100237879,0.01,120.0,1.1,0.0,0,0,8
1100287700,0.01,120.0,1.02,0.0,0,0,8
1100337838,0.01,120.0,0.88,0.0,0,0,8
1100387963,0.01,120.0,0.95,0.0,0,0,8
1100438698,0.01,120.0,0.99,0.0,0,0,8
1100489837,0.01,120.0,1.19,0.0,0,0,8
1100539861,0.01,120.0,0.98,0.0,0,0,8
1100590522,0.01,120.0,0.98,0.0,0,0,8
1100642560,0.01,120.0,0.9,0.0,0,0,8
1100694575,0.01,120.0,1.18,0.0,0,0,8
1100748073,0.01,120.0,0.96,0.0,0,0,8
1100798861,0.01,120.0,1.07,0.0,0,0,8
1100850214,0.01,120.0,1.01,0.0,0,0,8
1100900883,0.01,120.0,1.07,0.0,0,0,8
1100950824,0.01,120.0,0.9,0.0,0,0,8
1101003463,0.01,120.0,1.49,0.0,0,0,8
1101055006,0.01,120.0,0.25,0.0,0,0,8
1101108474,0.01,120.0,1.13,0.0,0,0,8
1101159373,0.01,120.0,1.19,0.0,0,0,8
1101210530,0.01,120.0,0.79,0.0,0,0,8
1101262655,0.01,120.0,1.15,0.0,0,0,8
1101314381,0.01,120.0,1.04,0.0,0,0,8
1101364765,0.01,120.0,0.87,0.0,0,0,8
1101414835,0.01,120.0,0.87,0.0,0,0,8
1101464656,0.01,120.0,1.14,0.0,0,0,8
1101515630,0.01,120.0,1.14,0.0,0,0,8
1101568964,0.01,120.0,0.9,0.0,0,0,8
1101618650,0.01,120.0,0.9,0.0,0,0,8
1101669651,0.01,120.0,0.84,0.0,0,0,8
1101720929,0.01,120.0,1.0,0.0,0,0,8
1101772908,0.01,120.0,0.89,0.0,0,0,8
1101822771,0.01,120.0,1.25,0.0,0,0,8
1101872658,0.01,120.0,0.89,0.0,0,0,8
1101924312,0.01,120.0,0.7,0.0,0,0,8
1101976560,0.01,120.0,1.01,0.0,0,0,8
1102029905,0.01,120.0,0.61,0.0,0,0,8
1102080529,0.01,120.0,1.0,0.0,0,0,8
1102132832,0.01,120.0,1.1,0.0,0,0,8
1102182667,0.01,120.0,1.16,0.0,0,0,8
1102233787,0.01,120.0,0.84,0.0,0,0,8
1102284267,0.01,120.0,0.84,0.0,0,0,8
1102334677,0.01,120.0,1.02,0.0,0,0,8
1102384644,0.01,120.0,0.97,0.0,0,0,8
1102434777,0.01,120.0,1.22,0.0,0,0,8
1102484787,0.01,120.0,1.04,0.0,0,0,8
1102535643,0.01,120.0,1.0,0.0,0,0,8
1102586675,0.01,120.0,1.11,0.0,0,0,8
1102636648,0.01,120.0,1.01,0.0,0,0,8
1102686661,0.01,120.0,1.18,0.0,0,0,8
1102737930,0.01,120.0,1.63,0.0,0,0,8
1102788649,0.01,120.0,0.93,0.0,0,0,8
1102838738,0.01,120.0,0.77,0.0,0,0,8
1102891167,0.01,120.0,1.05,0.0,0,0,8
1102942006,0.01,120.0,1.09,0.0,0,0,8
1102992643,0.01,120.0,0.71,0.0,0,0,8
1103043688,0.01,120.0,0.99,0.0,0,0,8
1103093975,0.01,120.0,0.99,0.0,0,0,8
1103144158,0.01,120.0,1.07,0.0,0,0,8
1103194667,0.01,120.0,0.66,0.0,0,0,8
1103244647,0.01,120.0,0.83,0.0,0,0,8
1103295629,0.01,120.0,0.7,0.0,0,0,8
1103346177,0.01,120.0,0.8,0.0,0,0,8
1103396629,0.01,120.0,1.0,0.0,0,0,8
1103446993,0.01,120.0,1.19,0.0,0,0,8
1103497695,0.01,120.0,1.0,0.0,0,0,8
1103547652,0.01,120.0,1.2,0.0,0,0,8
1103599540,0.01,120.0,0.82,0.0,0,0,8
1103653029,0.01,120.0,0.48,0.0,0,0,8
1103703755,0.01,120.0,0.99,0.0,0,0,8
1103754378,0.01,120.0,0.92,0.0,0,0,8
1103804649,0.01,120.0,0.8,0.0,0,0,8
1103855757,0.01,120.0,0.8,0.0,0,0,8
1103905678,0.01,120.0,0.89,0.0,0,0,8
1103955758,0.01,120.0,0.89,0.0,0,0,8
1104005683,0.01,120.0,0.65,0.0,0,0,8
1104055801,0.01,120.0,1.1,0.0,0,0,8
1104107398,0.01,120.0,0.91,0.0,0,0,8
1104159390,0.01,120.0,0.91,0.0,0,0,8
1104209655,0.01,120.0,0.91,0.0,0,0,8
1104260998,0.01,120.0,0.8,0.0,0,0,8
1104313676,0.01,120.0,0.94,0.0,0,0,8
1104365224,0.01,120.0,0.87,0.0,0,0,8
1104415493,0.01,120.0,0.72,0.0,0,0,8
1104465768,0.01,120.0,0.93,0.0,0,0,8
1104516968,0.01,120.0,0.82,0.0,0,0,8
1104566762,0.01,120.0,1.22,0.0,0,0,8
1104617179,0.01,120.0,1.22,0.0,0,0,8
1104667629,0.01,120.0,0.51,0.0,0,0,8
1104718871,0.01,120.0,0.84,0.0,0,0,8
1104769651,0.01,120.0,0.98,0.0,0,0,8
1104819629,0.01,120.0,0.85,0.0,0,0,8
1104869788,0.01,120.0,0.88,0.0,0,0,8
1104919708,0.01,120.0,0.81,0.0,0,0,8
1104969646,0.01,120.0,0.26,0.0,0,0,8
1105021300,0.01,120.0,0.72,0.0,0,0,8
1105070741,0.01,120.0,0.68,0.0,0,0,8
1105121659,0.01,120.0,0.61,0.0,0,0,8
1105174943,0.01,120.0,0.96,0.0,0,0,8
1105225709,0.01,120.0,0.96,0.0,0,0,8
1105277409,0.01,120.0,1.04,0.0,0,0,8
1105329163,0.01,120.0,0.58,0.0,0,0,8
1105379629,0.01,120.0,1.81,0.0,0,0,8
1105430387,0.01,120.0,0.59,0.0,0,0,8
1105482835,0.01,120.0,0.88,0.0,0,0,8
1105532646,0.01,120.0,0.6,0.0,0,0,8
1105582945,0.01,120.0,0.0,0.0,0,0,8
1105635716,0.01,120.0,0.87,0.0,0,0,8
1105687015,0.01,120.0,1.03,0.0,0,0,8
1105738198,0.01,120.0,0.56,0.0,0,0,8
1105788646,0.01,120.0,0.95,0.0,0,0,8
1105838780,0.01,120.0,1.56,0.0,0,0,8
1105890258,0.01,120.0,0.8,0.0,0,0,8
1105940581,0.01,120.0,0.29,0.0,0,0,8
1105990932,0.01,120.0,0.76,0.0,0,0,8
1106042646,0.01,120.0,0.69,0.0,0,0,8
1106095658,0.01,120.0,0.74,0.0,0,0,8
1106147657,0.01,120.0,0.75,0.0,0,0,8
1106198650,0.01,120.0,0.75,0.0,0,0,8
1106250232,0.01,120.0,0.65,0.0,0,0,8
1106300863,0.01,120.0,0.73,0.0,0,0,8
1106350927,0.01,120.0,0.81,0.0,0,0,8
1106400654,0.01,120.0,0.66,0.0,0,0,8
1106452338,0.01,120.0,0.56,0.0,0,0,8
1106502647,0.01,120.0,0.56,0.0,0,0,8
1106553654,0.01,120.0,0.75,0.0,0,0,8
1106604767,0.01,120.0,5.67,0.0,0,0,8
1106657991,0.01,120.0,0.78,0.0,0,0,8
1106708768,0.01,120.0,0.72,0.0,0,0,8
1106760455,0.01,120.0,0.63,0.0,0,0,8
1106810752,0.01,120.0,0.91,0.0,0,0,8
1106860759,0.01,120.0,0.47,0.0,0,0,8
1106912263,0.01,120.0,0.91,0.0,0,0,8
1106962675,0.01,120.0,0.71,0.0,0,0,8
1107012845,0.01,120.0,0.57,0.0,0,0,8
1107062766,0.01,120.0,0.62,0.0,0,0,8
1107113435,0.01,120.0,0.67,0.0,0,0,8
1107164650,0.01,120.0,0.79,0.0,0,0,8
1107214652,0.01,120.0,0.74,0.0,0,0,8
1107265711,0.01,120.0,0.74,0.0,0,0,8
1107316479,0.01,120.0,0.79,0.0,0,0,8
1107368287,0.01,120.0,0.99,0.0,0,0,8
1107419576,0.01,120.0,0.69,0.0,0,0,8
1107470667,0.01,120.0,0.82,0.0,0,0,8
1107521786,0.01,120.0,1.04,0.0,0,0,8
1107572759,0.01,120.0,0.71,0.0,0,0,8
1107623843,0.01,120.0,0.92,0.0,0,0,8
1107674669,0.01,120.0,0.98,0.0,0,0,8
1107724657,0.01,120.0,0.9,0.0,0,0,8
1107775155,0.01,120.0,1.17,0.0,0,0,8
1107825459,0.01,120.0,0.82,0.0,0,0,8
1107875762,0.01,120.0,0.83,0.0,0,0,8
1107926196,0.01,120.0,0.79,0.0,0,0,8
1107976645,0.01,120.0,1.09,0.0,0,0,8
1108027667,0.01,120.0,0.87,0.0,0,0,8
1108079701,0.01,120.0,0.82,0.0,0,0,8
1108130579,0.01,120.0,0.98,0.0,0,0,8
1108180643,0.01,120.0,0.92,0.0,0,0,8
1108230945,0.01,120.0,0.84,0.0,0,0,8
1108282123,0.01,120.0,0.84,0.0,0,0,8
1108332742,0.01,120.0,0.71,0.0,0,0,8
1108384258,0.01,120.0,0.89,0.0,0,0,8
1108433714,0.01,120.0,0.47,0.0,0,0,8
1108484171,0.01,120.0,1.0,0.0,0,0,8
1108535460,0.01,120.0,1.07,0.0,0,0,8
1108585695,0.01,120.0,0.65,0.0,0,0,8
1108635687,0.01,120.0,1.29,0.0,0,0,8
1108687343,0.01,120.0,0.94,0.0,0,0,8
1108740924,0.01,120.0,2.1,0.0,0,0,8
1108792364,0.01,120.0,1.73,0.0,0,0,8
1108843312,0.01,120.0,0.89,0.0,0,0,8
1108895383,0.01,120.0,1.17,0.0,0,0,8
1108948097,0.01,120.0,0.75,0.0,0,0,8
1108997656,0.01,120.0,0.78,0.0,0,0,8
1109048658,0.01,120.0,0.98,0.0,0,0,8
1109101230,0.01,120.0,0.84,0.0,0,0,8
1109152538,0.01,120.0,1.14,0.0,0,0,8
1109203396,0.01,120.0,1.0,0.0,0,0,8
1109255516,0.01,120.0,0.0,0.0,0,0,8
1109305742,0.01,120.0,0.84,0.0,0,0,8
1109357251,0.01,120.0,0.81,0.0,0,0,8
1109407629,0.01,120.0,0.94,0.0,0,0,8
1109457855,0.01,120.0,0.0,0.0,0,0,8
1109509088,0.01,120.0,0.6,0.0,0,0,8
1109559670,0.01,120.0,1.28,0.0,0,0,8
1109609777,0.01,120.0,0.33,0.0,0,0,8
1109662484,0.01,120.0,1.0,0.0,0,0,8
1109713858,0.01,120.0,0.63,0.0,0,0,8
1109765384,0.01,120.0,0.57,0.0,0,0,8
1109817222,0.01,120.0,1.07,0.0,0,0,8
1109867668,0.01,120.0,1.03,0.0,0,0,8
1109918796,0.01,120.0,1.03,0.0,0,0,8
1109970052,0.01,120.0,0.34,0.0,0,0,8
1110022712,0.01,120.0,0.77,0.0,0,0,8
1110074490,0.01,120.0,0.77,0.0,0,0,8
1110125748,0.01,120.0,1.02,0.0,0,0,8
1110177426,0.01,120.0,2.2,0.0,0,0,8
1110229098,0.01,120.0,0.87,0.0,0,0,8
1110278806,0.01,120.0,0.54,0.0,0,0,8
1110330626,0.01,120.0,0.18,0.0,0,0,8
1110383944,0.01,120.0,0.83,0.0,0,0,8
1110434882,0.01,120.0,0.83,0.0,0,0,8
1110486947,0.01,120.0,0.4,0.0,0,0,8
1110536629,0.01,120.0,0.92,0.0,0,0,8
1110587005,0.01,120.0,0.99,0.0,0,0,8
1110638196,0.01,120.0,1.18,0.0,0,0,8
1110687635,0.01,120.0,0.97,0.0,0,0,8
1110738215,0.01,120.0,0.97,0.0,0,0,8
1110788668,0.01,120.0,0.97,0.0,0,0,8
1110838694,0.01,120.0,0.56,0.0,0,0,8
1110888630,0.01,120.0,1.04,0.0,0,0,8
1110939647,0.01,120.0,0.81,0.0,0,0,8
1110990484,0.01,120.0,0.53,0.0,0,0,8
1111042475,0.01,120.0,0.94,0.0,0,0,8
1111095327,0.01,120.0,0.82,0.0,0,0,8
1111147186,0.01,120.0,0.7,0.0,0,0,8
1111196950,0.01,120.0,1.24,0.0,0,0,8
1111248189,0.01,120.0,0.82,0.0,0,0,8
1111297677,0.01,120.0,1.2,0.0,0,0,8
1111348756,0.01,120.0,0.87,0.0,0,0,8
1111400372,0.01,120.0,0.75,0.0,0,0,8
1111452789,0.01,120.0,1.01,0.0,0,0,8
1111502716,0.01,120.0,0.96,0.0,0,0,8
1111556359,0.01,120.0,1.0,0.0,0,0,8
1111608586,0.01,120.0,0.98,0.0,0,0,8
1111658653,0.01,120.0,1.26,0.0,0,0,8
1111708663,0.01,120.0,0.73,0.0,0,0,8
1111758672,0.01,120.0,1.21,0.0,0,0,8
1111808757,0.01,120.0,0.89,0.0,0,0,8
1111858836,0.01,120.0,1.16,0.0,0,0,8
1111909008,0.01,120.0,0.8,0.0,0,0,8
1111960324,0.01,120.0,1.46,0.0,0,0,8
1112010815,0.01,120.0,0.88,0.0,0,0,8
1112060757,0.01,120.0,0.61,0.0,0,0,8
1112112935,0.01,120.0,0.57,0.0,0,0,8
1112166146,0.01,120.0,1.0,0.0,0,0,8
1112216629,0.01,120.0,0.91,0.0,0,0,8
1112267298,0.01,120.0,0.82,0.0,0,0,8
1112317856,0.01,120.0,0.87,0.0,0,0,8
1112367984,0.01,120.0,1.05,0.0,0,0,8
1112418065,0.01,120.0,0.02,0.0,0,0,8
1112467820,0.01,120.0,0.81,0.0,0,0,8
1112518107,0.01,120.0,0.75,0.0,0,0,8
1112568650,0.01,120.0,0.31,0.0,0,0,8
1112619643,0.01,120.0,0.64,0.0,0,0,8
1112670647,0.01,120.0,1.09,0.0,0,0,8
1112720640,0.01,120.0,0.0,0.0,0,0,8
1112771651,0.01,120.0,0.78,0.0,0,0,8
1112822818,0.01,120.0,0.89,0.0,0,0,8
1112872653,0.01,120.0,0.94,0.0,0,0,8
1112922833,0.01,120.0,0.58,0.0,0,0,8
1112972642,0.01,120.0,0.74,0.0,0,0,8
1113023679,0.01,120.0,0.56,0.0,0,0,8
1113074896,0.01,120.0,0.9,0.0,0,0,8
1113125878,0.01,120.0,1.39,0.0,0,0,8
1113175668,0.01,120.0,0.63,0.0,0,0,8
1113228896,0.01,120.0,0.98,0.0,0,0,8
1113279787,0.01,120.0,0.76,0.0,0,0,8
1113331322,0.01,120.0,1.16,0.0,0,0,8
1113383598,0.01,120.0,0.7,0.0,0,0,8
1113433946,0.01,120.0,0.7,0.0,0,0,8
1113483781,0.01,120.0,0.97,0.0,0,0,8
1113533661,0.01,120.0,1.72,0.0,0,0,8
1113584648,0.01,120.0,0.91,0.0,0,0,8
1113635642,0.01,120.0,0.86,0.0,0,0,8
1113891297,0.01,120.0,0.47,0.0,0,0,8
1113941743,0.01,120.0,0.6,0.0,0,0,8
1113991647,0.01,120.0,0.67,0.0,0,0,8
1114041751,0.01,120.0,0.67,0.0,0,0,8
1114092746,0.01,120.0,0.41,0.0,0,0,8
1114143650,0.01,120.0,0.72,0.0,0,0,8
1114193686,0.01,120.0,0.12,0.0,0,0,8
1114245269,0.01,120.0,0.35,0.0,0,0,8
1114295630,0.01,120.0,0.17,0.0,0,0,8
1114345846,0.01,120.0,0.57,0.0,0,0,8
1114395640,0.01,120.0,0.36,0.0,0,0,8
1114445754,0.01,120.0,0.68,0.0,0,0,8
1114497219,0.01,120.0,1.0,0.0,0,0,8
1114547631,0.01,120.0,0.67,0.0,0,0,8
1114601243,0.01,120.0,0.49,0.0,0,0,8
1114650885,0.01,120.0,0.96,0.0,0,0,8
1114701767,0.01,120.0,0.68,0.0,0,0,8
1114753224,0.01,120.0,1.05,0.0,0,0,8
1114803645,0.01,120.0,1.38,0.0,0,0,8
1114853732,0.01,120.0,0.8,0.0,0,0,8
1114905417,0.01,120.0,0.9,0.0,0,0,8
1114955642,0.01,120.0,1.49,0.0,0,0,8
1115005885,0.01,120.0,1.19,0.0,0,0,8
1115057324,0.01,120.0,0.98,0.0,0,0,8
1115108728,0.01,120.0,1.07,0.0,0,0,8
1115160581,0.01,120.0,0.83,0.0,0,0,8
1115212746,0.01,120.0,0.88,0.0,0,0,8
1115262903,0.01,120.0,1.09,0.0,0,0,8
1115312888,0.01,120.0,0.85,0.0,0,0,8
1115363291,0.01,120.0,0.95,0.0,0,0,8
1115412980,0.01,120.0,0.89,0.0,0,0,8
1115462986,0.01,120.0,1.0,0.0,0,0,8
1115512931,0.01,120.0,0.8,0.0,0,0,8
1115563335,0.01,120.0,1.06,0.0,0,0,8
1115615256,0.01,120.0,1.06,0.0,0,0,8
1115666877,0.01,120.0,1.35,0.0,0,0,8
1115718494,0.01,120.0,1.04,0.0,0,0,8
1115768788,0.01,120.0,1.08,0.0,0,0,8
1115819692,0.01,120.0,1.24,0.0,0,0,8
1115873337,0.01,120.0,0.64,0.0,0,0,8
1115923679,0.01,120.0,1.09,0.0,0,0,8
1115975313,0.01,120.0,0.71,0.0,0,0,8
1116026422,0.01,120.0,0.66,0.0,0,0,8
1116078329,0.01,120.0,0.99,0.0,0,0,8
1116128960,0.01,120.0,0.69,0.0,0,0,8
1116180224,0.01,120.0,0.95,0.0,0,0,8
1116229660,0.01,120.0,0.95,0.0,0,0,8
1116280195,0.01,120.0,0.81,0.0,0,0,8
1116330726,0.01,120.0,0.86,0.0,0,0,8
1116382562,0.01,120.0,1.05,0.0,0,0,8
1116434064,0.01,120.0,0.79,0.0,0,0,8
1116484662,0.01,120.0,0.97,0.0,0,0,8
1116536198,0.01,120.0,0.97,0.0,0,0,8
1116586770,0.01,120.0,0.97,0.0,0,0,8
1116636724,0.01,120.0,0.75,0.0,0,0,8
1116686693,0.01,120.0,0.74,0.0,0,0,8
1116737793,0.01,120.0,0.95,0.0,0,0,8
1116788645,0.01,120.0,0.9,0.0,0,0,8
1116840297,0.01,120.0,0.79,0.0,0,0,8
1116890752,0.01,120.0,1.04,0.0,0,0,8
1116941735,0.01,120.0,0.82,0.0,0,0,8
1116994238,0.01,120.0,1.02,0.0,0,0,8
1117046043,0.01,120.0,0.55,0.0,0,0,8
1117095663,0.01,120.0,0.85,0.0,0,0,8
1117146785,0.01,120.0,0.0,0.0,0,0,8
1117197794,0.01,120.0,1.91,0.0,0,0,8
1117247629,0.01,120.0,0.82,0.0,0,0,8
1117297927,0.01,120.0,1.02,0.0,0,0,8
1117348630,0.01,120.0,0.83,0.0,0,0,8
1117398645,0.01,120.0,1.43,0.0,0,0,8
1117448648,0.01,120.0,1.02,0.0,0,0,8
1117499789,0.01,120.0,1.02,0.0,0,0,8
1117550473,0.01,120.0,1.02,0.0,0,0,8
1117600648,0.01,120.0,0.97,0.0,0,0,8
1117651640,0.01,120.0,0.93,0.0,0,0,8
1117702674,0.01,120.0,1.06,0.0,0,0,8
1117754935,0.01,120.0,1.06,0.0,0,0,8
1117807067,0.01,120.0,0.77,0.0,0,0,8
1117856769,0.01,120.0,1.47,0.0,0,0,8
1117907292,0.01,120.0,1.0,0.0,0,0,8
1117956629,0.01,120.0,1.07,0.0,0,0,8
1118007328,0.01,120.0,1.15,0.0,0,0,8
1118057753,0.01,120.0,0.38,0.0,0,0,8
1118107650,0.01,120.0,1.33,0.0,0,0,8
1118159666,0.01,120.0,0.82,0.0,0,0,8
1118209682,0.01,120.0,1.3,0.0,0,0,8
1118260650,0.01,120.0,0.82,0.0,0,0,8
1118311431,0.01,120.0,0.62,0.0,0,0,8
1118363392,0.01,120.0,0.89,0.0,0,0,8
1118416872,0.01,120.0,0.95,0.0,0,0,8
1118467703,0.01,120.0,1.03,0.0,0,0,8
1118519654,0.01,120.0,0.91,0.0,0,0,8
1118572245,0.01,120.0,0.77,0.0,0,0,8
1118621674,0.01,120.0,1.01,0.0,0,0,8
1118671862,0.01,120.0,0.8,0.0,0,0,8
1118721655,0.01,120.0,1.03,0.0,0,0,8
1118772651,0.01,120.0,1.08,0.0,0,0,8
1118823735,0.01,120.0,1.0,0.0,0,0,8
1118877019,0.01,120.0,1.19,0.0,0,0,8
1118928131,0.01,120.0,0.68,0.0,0,0,8
1118979266,0.01,120.0,1.02,0.0,0,0,8
1119029692,0.01,120.0,1.49,0.0,0,0,8
1119079630,0.01,120.0,1.4,0.0,0,0,8
1119129699,0.01,120.0,0.49,0.0,0,0,8
1119179660,0.01,120.0,1.67,0.0,0,0,8
1119230009,0.01,120.0,0.98,0.0,0,0,8
1119281382,0.01,120.0,0.98,0.0,0,0,8
1119333043,0.01,120.0,1.05,0.0,0,0,8
1119383776,0.01,120.0,1.22,0.0,0,0,8
1119434200,0.01,120.0,1.29,0.0,0,0,8
1119483643,0.01,120.0,2.13,0.0,0,0,8
1119533711,0.01,120.0,1.57,0.0,0,0,8
1119583718,0.01,120.0,1.14,0.0,0,0,8
1119634684,0.01,120.0,0.9,0.0,0,0,8
1119685263,0.01,120.0,0.95,0.0,0,0,8
1119735629,0.01,120.0,0.99,0.0,0,0,8
1119787655,0.01,120.0,0.77,0.0,0,0,8
1119838486,0.01,120.0,1.0,0.0,0,0,8
1119889710,0.01,120.0,1.0,0.0,0,0,8
1119941258,0.01,120.0,0.9,0.0,0,0,8
1119990879,0.01,120.0,1.35,0.0,0,0,8
1120042690,0.01,120.0,0.94,0.0,0,0,8
1120092629,0.01,120.0,1.07,0.0,0,0,8
1120142908,0.01,120.0,1.14,0.0,0,0,8
1120194262,0.01,120.0,1.24,0.0,0,0,8
1120244948,0.01,120.0,1.16,0.0,0,0,8
1120294805,0.01,120.0,1.29,0.0,0,0,8
1120344940,0.01,120.0,1.29,0.0,0,0,8
1120395695,0.01,120.0,1.06,0.0,0,0,8
1120446370,0.01,120.0,1.02,0.0,0,0,8
1120496879,0.01,120.0,1.02,0.0,0,0,8
1120547162,0.01,120.0,1.06,0.0,0,0,8
1120599829,0.01,120.0,1.0,0.0,0,0,8
1120650252,0.01,120.0,1.11,0.0,0,0,8
1120700518,0.01,120.0,0.85,0.0,0,0,8
1120750768,0.01,120.0,0.85,0.0,0,0,8
1120800642,0.01,120.0,1.23,0.0,0,0,8
1120851158,0.01,120.0,1.35,0.0,0,0,8
1120902703,0.01,120.0,1.1,0.0,0,0,8
1120952750,0.01,120.0,1.14,0.0,0,0,8
1121004402,0.01,120.0,1.43,0.0,0,0,8
1121056467,0.01,120.0,1.25,0.0,0,0,8
1121106652,0.01,120.0,1.18,0.0,0,0,8
1121156647,0.01,120.0,1.29,0.0,0,0,8
1121208238,0.01,120.0,0.93,0.0,0,0,8
1121258753,0.01,120.0,1.34,0.0,0,0,8
1121311084,0.01,120.0,1.35,0.0,0,0,8
1121361865,0.01,120.0,1.09,0.0,0,0,8
1121412635,0.01,120.0,1.09,0.0,0,0,8
1121464583,0.01,120.0,1.16,0.0,0,0,8
1121516429,0.01,120.0,1.36,0.0,0,0,8
1121566778,0.01,120.0,0.92,0.0,0,0,8
1121617741,0.01,120.0,1.19,0.0,0,0,8
1121668234,0.01,120.0,1.36,0.0,0,0,8
1121718789,0.01,120.0,1.36,0.0,0,0,8
1121769801,0.01,120.0,1.13,0.0,0,0,8
1121822079,0.01,120.0,1.39,0.0,0,0,8
1121873203,0.01,120.0,0.84,0.0,0,0,8
1121923643,0.01,120.0,1.34,0.0,0,0,8
1121974732,0.01,120.0,1.34,0.0,0,0,8
1122026507,0.01,120.0,1.46,0.0,0,0,8
1122076629,0.01,120.0,1.17,0.0,0,0,8
1122127866,0.01,120.0,1.35,0.0,0,0,8
1122177776,0.01,120.0,1.18,0.0,0,0,8
1122227643,0.01,120.0,1.36,0.0,0,0,8
1122278177,0.01,120.0,1.1,0.0,0,0,8
1122327795,0.01,120.0,1.15,0.0,0,0,8
1122378676,0.01,120.0,1.02,0.0,0,0,8
1122429825,0.01,120.0,1.18,0.0,0,0,8
1122480630,0.01,120.0,0.91,0.0,0,0,8
1122534135,0.01,120.0,1.24,0.0,0,0,8
1122583690,0.01,120.0,0.98,0.0,0,0,8
1122634585,0.01,120.0,0.82,0.0,0,0,8
1122686146,0.01,120.0,1.12,0.0,0,0,8
1122737743,0.01,120.0,1.29,0.0,0,0,8
1122787720,0.01,120.0,1.46,0.0,0,0,8
1122838388,0.01,120.0,1.08,0.0,0,0,8
1122888740,0.01,120.0,1.22,0.0,0,0,8
1122939445,0.01,120.0,1.38,0.0,0,0,8
1122989672,0.01,120.0,1.06,0.0,0,0,8
1123040647,0.01,120.0,1.06,0.0,0,0,8
1123091202,0.01,120.0,1.2,0.0,0,0,8
1123141651,0.01,120.0,1.23,0.0,0,0,8
1123193798,0.01,120.0,1.24,0.0,0,0,8
1123245401,0.01,120.0,1.02,0.0,0,0,8
1123295776,0.01,120.0,1.13,0.0,0,0,8
1123347569,0.01,120.0,1.35,0.0,0,0,8
1123397675,0.01,120.0,1.14,0.0,0,0,8
1123448197,0.01,120.0,1.14,0.0,0,0,8
1123499320,0.01,120.0,1.08,0.0,0,0,8
1123551383,0.01,120.0,1.29,0.0,0,0,8
1123601674,0.01,120.0,1.57,0.0,0,0,8
1123652853,0.01,120.0,1.14,0.0,0,0,8
1123705228,0.01,120.0,1.11,0.0,0,0,8
1123756389,0.01,120.0,1.52,0.0,0,0,8
1123808164,0.01,120.0,1.14,0.0,0,0,8
1123859195,0.01,120.0,1.22,0.0,0,0,8
1123909272,0.01,120.0,1.14,0.0,0,0,8
1123958655,0.01,120.0,1.09,0.0,0,0,8
1124009391,0.01,120.0,0.98,0.0,0,0,8
1124061214,0.01,120.0,1.37,0.0,0,0,8
1124111663,0.01,120.0,1.07,0.0,0,0,8
1124162691,0.01,120.0,0.95,0.0,0,0,8
1124213176,0.01,120.0,1.05,0.0,0,0,8
1124262790,0.01,120.0,0.96,0.0,0,0,8
1124313340,0.01,120.0,1.12,0.0,0,0,8
1124366534,0.01,120.0,1.04,0.0,0,0,8
1124417662,0.01,120.0,1.04,0.0,0,0,8
1124469734,0.01,120.0,1.19,0.0,0,0,8
1124521011,0.01,120.0,1.02,0.0,0,0,8
1124571639,0.01,120.0,1.25,0.0,0,0,8
1124622956,0.01,120.0,1.07,0.0,0,0,8
1124673768,0.01,120.0,1.22,0.0,0,0,8
1124723643,0.01,120.0,1.36,0.0,0,0,8
1124774776,0.01,120.0,1.22,0.0,0,0,8
1124826929,0.01,120.0,1.22,0.0,0,0,8
1124877054,0.01,120.0,1.22,0.0,0,0,8
1124927791,0.01,120.0,1.49,0.0,0,0,8
1124978523,0.01,120.0,1.24,0.0,0,0,8
1125030517,0.01,120.0,1.18,0.0,0,0,8
1125082882,0.01,120.0,1.42,0.0,0,0,8
1125134561,0.01,120.0,1.1,0.0,0,0,8
1125187994,0.01,120.0,0.86,0.0,0,0,8
1125238699,0.01,120.0,0.96,0.0,0,0,8
1125290480,0.01,120.0,0.86,0.0,0,0,8
1125342516,0.01,120.0,1.31,0.0,0,0,8
1125394214,0.01,120.0,1.21,0.0,0,0,8
1125444673,0.01,120.0,1.6,0.0,0,0,8
1125495643,0.01,120.0,1.07,0.0,0,0,8
1125548088,0.01,120.0,1.12,0.0,0,0,8
1125598430,0.01,120.0,1.32,0.0,0,0,8
1125650486,0.01,120.0,1.06,0.0,0,0,8
1125700658,0.01,120.0,1.07,0.0,0,0,8
1125751404,0.01,120.0,1.14,0.0,0,0,8
1125802359,0.01,120.0,1.19,0.0,0,0,8
1125852643,0.01,120.0,1.27,0.0,0,0,8
1125904390,0.01,120.0,1.33,0.0,0,0,8
1125954762,0.01,120.0,1.11,0.0,0,0,8
1126005237,0.01,120.0,1.11,0.0,0,0,8
1126056319,0.01,120.0,1.24,0.0,0,0,8
1126106667,0.01,120.0,1.05,0.0,0,0,8
1126159201,0.01,120.0,0.83,0.0,0,0,8
1126210508,0.01,120.0,1.08,0.0,0,0,8
1126261756,0.01,120.0,1.08,0.0,0,0,8
1126312604,0.01,120.0,1.17,0.0,0,0,8
1126364343,0.01,120.0,1.25,0.0,0,0,8
1126416546,0.01,120.0,1.22,0.0,0,0,8
1126470043,0.01,120.0,1.21,0.0,0,0,8
1126520903,0.01,120.0,1.09,0.0,0,0,8
1126572989,0.01,120.0,1.47,0.0,0,0,8
1126624142,0.01,120.0,1.43,0.0,0,0,8
1126674773,0.01,120.0,1.07,0.0,0,0,8
1126725690,0.01,120.0,0.97,0.0,0,0,8
1126776807,0.01,120.0,1.01,0.0,0,0,8
1126826678,0.01,120.0,1.65,0.0,0,0,8
1126876640,0.01,120.0,1.22,0.0,0,0,8
1126926782,0.01,120.0,1.23,0.0,0,0,8
1126977429,0.01,120.0,1.17,0.0,0,0,8
1127030937,0.01,120.0,1.17,0.0,0,0,8
1127080638,0.01,120.0,1.1,0.0,0,0,8
1127131806,0.01,120.0,0.92,0.0,0,0,8
1127182642,0.01,120.0,0.88,0.0,0,0,8
1127233946,0.01,120.0,1.01,0.0,0,0,8
1127283690,0.01,120.0,0.94,0.0,0,0,8
1127334654,0.01,120.0,1.17,0.0,0,0,8
1127385771,0.01,120.0,0.91,0.0,0,0,8
1127436644,0.01,120.0,1.14,0.0,0,0,8
1127486666,0.01,120.0,0.75,0.0,0,0,8
1127536639,0.01,120.0,1.07,0.0,0,0,8
1127587783,0.01,120.0,0.96,0.0,0,0,8
1127638656,0.01,120.0,0.96,0.0,0,0,8
1127688640,0.01,120.0,1.03,0.0,0,0,8
1127739638,0.01,120.0,1.03,0.0,0,0,8
1127792299,0.01,120.0,0.94,0.0,0,0,8
1127843509,0.01,120.0,1.36,0.0,0,0,8
1127895312,0.01,120.0,0.85,0.0,0,0,8
1127947511,0.01,120.0,0.81,0.0,0,0,8
1127997676,0.01,120.0,1.34,0.0,0,0,8
1128047696,0.01,120.0,1.11,0.0,0,0,8
1128097697,0.01,120.0,0.71,0.0,0,0,8
1128147750,0.01,120.0,0.97,0.0,0,0,8
1128197678,0.01,120.0,1.29,0.0,0,0,8
1128247727,0.01,120.0,0.93,0.0,0,0,8
1128297662,0.01,120.0,0.98,0.0,0,0,8
1128348425,0.01,120.0,0.94,0.0,0,0,8
1128399725,0.01,120.0,0.94,0.0,0,0,8
1128449700,0.01,120.0,0.94,0.0,0,0,8
1128500633,0.01,120.0,0.85,0.0,0,0,8
1128553055,0.01,120.0,0.89,0.0,0,0,8
1128603989,0.01,120.0,1.04,0.0,0,0,8
1128653753,0.01,120.0,0.87,0.0,0,0,8
1128704355,0.01,120.0,0.61,0.0,0,0,8
1128755202,0.01,120.0,1.07,0.0,0,0,8
1128805408,0.01,120.0,1.07,0.0,0,0,8
1128857388,0.01,120.0,1.27,0.0,0,0,8
1128909066,0.01,120.0,1.33,0.0,0,0,8
1128959700,0.01,120.0,1.01,0.0,0,0,8
1129009779,0.01,120.0,0.93,0.0,0,0,8
1129061177,0.01,120.0,0.98,0.0,0,0,8
1129111719,0.01,120.0,1.11,0.0,0,0,8
1129165764,0.01,120.0,0.86,0.0,0,0,8
1129217544,0.01,120.0,0.86,0.0,0,0,8
1129268960,0.01,120.0,1.47,0.0,0,0,8
1129319643,0.01,120.0,1.02,0.0,0,0,8
1129369701,0.01,120.0,0.95,0.0,0,0,8
1129419629,0.01,120.0,1.34,0.0,0,0,8
1129470755,0.01,120.0,1.02,0.0,0,0,8
1129521310,0.01,120.0,1.01,0.0,0,0,8
1129575816,0.01,120.0,0.96,0.0,0,0,8
1129625831,0.01,120.0,1.01,0.0,0,0,8
1129675665,0.01,120.0,1.14,0.0,0,0,8
1129726682,0.01,120.0,0.8,0.0,0,0,8
1129777222,0.01,120.0,1.07,0.0,0,0,8
1129826927,0.01,120.0,0.92,0.0,0,0,8
1129878656,0.01,120.0,1.46,0.0,0,0,8
1129930553,0.01,120.0,0.88,0.0,0,0,8
1129980891,0.01,120.0,0.99,0.0,0,0,8
1130030984,0.01,120.0,0.0,0.0,0,0,8
1130082384,0.01,120.0,0.97,0.0,0,0,8
1130132856,0.01,120.0,0.97,0.0,0,0,8
1130182843,0.01,120.0,1.3,0.0,0,0,8
1130232629,0.01,120.0,0.84,0.0,0,0,8
1130283650,0.01,120.0,1.05,0.0,0,0,8
1130336078,0.01,120.0,0.96,0.0,0,0,8
1130387274,0.01,120.0,1.07,0.0,0,0,8
1130438649,0.01,120.0,1.46,0.0,0,0,8
1130490344,0.01,120.0,0.99,0.0,0,0,8
1130540629,0.01,120.0,1.1,0.0,0,0,8
1130590969,0.01,120.0,1.07,0.0,0,0,8
1130640763,0.01,120.0,0.95,0.0,0,0,8
1130690715,0.01,120.0,0.99,0.0,0,0,8
1130741814,0.01,120.0,1.02,0.0,0,0,8
1130792554,0.01,120.0,1.05,0.0,0,0,8
1130844232,0.01,120.0,1.05,0.0,0,0,8
1130894756,0.01,120.0,0.98,0.0,0,0,8
1130944660,0.01,120.0,1.15,0.0,0,0,8
1130998064,0.01,120.0,1.02,0.0,0,0,8
1131048701,0.01,120.0,0.81,0.0,0,0,8
1131100333,0.01,120.0,0.98,0.0,0,0,8
1131150738,0.01,120.0,0.97,0.0,0,0,8
1131201746,0.01,120.0,1.04,0.0,0,0,8
1131252642,0.01,120.0,1.04,0.0,0,0,8
1131302686,0.01,120.0,1.05,0.0,0,0,8
1131353803,0.01,120.0,0.95,0.0,0,0,8
1131404609,0.01,120.0,1.06,0.0,0,0,8
1131457375,0.01,120.0,1.03,0.0,0,0,8
1131509785,0.01,120.0,1.19,0.0,0,0,8
1131560649,0.01,120.0,0.98,0.0,0,0,8
1131612476,0.01,120.0,1.07,0.0,0,0,8
1131662780,0.01,120.0,1.02,0.0,0,0,8
1131712741,0.01,120.0,1.02,0.0,0,0,8
1131763678,0.01,120.0,0.92,0.0,0,0,8
1131814696,0.01,120.0,1.26,0.0,0,0,8
1131866153,0.01,120.0,1.12,0.0,0,0,8
1131916668,0.01,120.0,1.06,0.0,0,0,8
1131968782,0.01,120.0,1.02,0.0,0,0,8
1132019265,0.01,120.0,0.97,0.0,0,0,8
1132070424,0.01,120.0,1.02,0.0,0,0,8
1132121888,0.01,120.0,0.98,0.0,0,0,8
1132173915,0.01,120.0,1.11,0.0,0,0,8
1132224648,0.01,120.0,1.11,0.0,0,0,8
1132274657,0.01,120.0,1.05,0.0,0,0,8
1132325760,0.01,120.0,1.05,0.0,0,0,8
1132375817,0.01,120.0,1.2,0.0,0,0,8
1132425862,0.01,120.0,1.06,0.0,0,0,8
1132476642,0.01,120.0,1.19,0.0,0,0,8
1132527647,0.01,120.0,1.13,0.0,0,0,8
1132579616,0.01,120.0,1.06,0.0,0,0,8
1132630680,0.01,120.0,1.18,0.0,0,0,8
1132680738,0.01,120.0,0.98,0.0,0,0,8
1132731648,0.01,120.0,1.12,0.0,0,0,8
1132783480,0.01,120.0,1.23,0.0,0,0,8
1132835165,0.01,120.0,1.08,0.0,0,0,8
1132885675,0.01,120.0,1.08,0.0,0,0,8
1132935786,0.01,120.0,1.08,0.0,0,0,8
1132987541,0.01,120.0,1.08,0.0,0,0,8
1133037680,0.01,120.0,1.0,0.0,0,0,8
1133090219,0.01,120.0,1.07,0.0,0,0,8
1133141356,0.01,120.0,1.08,0.0,0,0,8
1133191716,0.01,120.0,1.07,0.0,0,0,8
1133243466,0.01,120.0,1.07,0.0,0,0,8
1133293678,0.01,120.0,1.07,0.0,0,0,8
1133343648,0.01,120.0,1.03,0.0,0,0,8
1133395499,0.01,120.0,1.14,0.0,0,0,8
1133447825,0.01,120.0,1.04,0.0,0,0,8
1133497653,0.01,120.0,1.04,0.0,0,0,8
1133548788,0.01,120.0,1.04,0.0,0,0,8
1133600952,0.01,120.0,1.08,0.0,0,0,8
1133652285,0.01,120.0,1.01,0.0,0,0,8
1133702420,0.01,120.0,1.01,0.0,0,0,8
1133753686,0.01,120.0,1.04,0.0,0,0,8
1133805107,0.01,120.0,0.97,0.0,0,0,8
1133855638,0.01,120.0,1.06,0.0,0,0,8
1133905713,0.01,120.0,0.94,0.0,0,0,8
1133956973,0.01,120.0,0.99,0.0,0,0,8
1134007682,0.01,120.0,0.99,0.0,0,0,8
1134058670,0.01,120.0,0.92,0.0,0,0,8
1134109358,0.01,120.0,0.97,0.0,0,0,8
1134162555,0.01,120.0,0.97,0.0,0,0,8
1134213686,0.01,120.0,0.86,0.0,0,0,8
1134263678,0.01,120.0,0.9,0.0,0,0,8
1134313748,0.01,120.0,0.9,0.0,0,0,8
1134365390,0.01,120.0,0.9,0.0,0,0,8
1134417199,0.01,120.0,1.0,0.0,0,0,8
1134467678,0.01,120.0,0.89,0.0,0,0,8
1134518658,0.01,120.0,0.99,0.0,0,0,8
1134569465,0.01,120.0,0.94,0.0,0,0,8
1134620963,0.01,120.0,0.9,0.0,0,0,8
1134670681,0.01,120.0,0.93,0.0,0,0,8
1134720901,0.01,120.0,0.71,0.0,0,0,8
1134773317,0.01,120.0,0.81,0.0,0,0,8
1134824634,0.01,120.0,0.85,0.0,0,0,8
1134875366,0.01,120.0,0.76,0.0,0,0,8
1134926970,0.01,120.0,0.85,0.0,0,0,8
1134978476,0.01,120.0,0.72,0.0,0,0,8
1135028880,0.01,120.0,0.84,0.0,0,0,8
1135079197,0.01,120.0,0.89,0.0,0,0,8
1135130700,0.01,120.0,0.89,0.0,0,0,8
1135184120,0.01,120.0,0.83,0.0,0,0,8
1135234825,0.01,120.0,0.72,0.0,0,0,8
1135286593,0.01,120.0,0.84,0.0,0,0,8
1135338242,0.01,120.0,0.84,0.0,0,0,8
1135387730,0.01,120.0,0.69,0.0,0,0,8
1135438631,0.01,120.0,0.73,0.0,0,0,8
1135490657,0.01,120.0,0.73,0.0,0,0,8
1135540668,0.01,120.0,0.73,0.0,0,0,8
1135591642,0.01,120.0,0.61,0.0,0,0,8
1135641643,0.01,120.0,0.71,0.0,0,0,8
1135692650,0.01,120.0,0.78,0.0,0,0,8
1135745627,0.01,120.0,0.66,0.0,0,0,8
1135796280,0.01,120.0,0.79,0.0,0,0,8
1135845855,0.01,120.0,0.66,0.0,0,0,8
1135896766,0.01,120.0,0.97,0.0,0,0,8
1135948571,0.01,120.0,0.6,0.0,0,0,8
1136000304,0.01,120.0,0.67,0.0,0,0,8
1136050806,0.01,120.0,0.67,0.0,0,0,8
1136101657,0.01,120.0,0.62,0.0,0,0,8
1136152394,0.01,120.0,0.62,0.0,0,0,8
1136202773,0.01,120.0,0.7,0.0,0,0,8
1136253927,0.01,120.0,0.7,0.0,0,0,8
1136306354,0.01,120.0,0.77,0.0,0,0,8
1136356953,0.01,120.0,0.7,0.0,0,0,8
1136408997,0.01,120.0,0.8,0.0,0,0,8
1136460290,0.01,120.0,0.75,0.0,0,0,8
1136510691,0.01,120.0,0.71,0.0,0,0,8
1136562142,0.01,120.0,0.9,0.0,0,0,8
1136612291,0.01,120.0,0.71,0.0,0,0,8
1136661989,0.01,120.0,0.74,0.0,0,0,8
1136712747,0.01,120.0,0.78,0.0,0,0,8
1136763652,0.01,120.0,0.78,0.0,0,0,8
1136814359,0.01,120.0,0.72,0.0,0,0,8
1136867715,0.01,120.0,0.72,0.0,0,0,8
1136918790,0.01,120.0,0.72,0.0,0,0,8
1136970304,0.01,120.0,0.75,0.0,0,0,8
1137020629,0.01,120.0,0.7,0.0,0,0,8
1137071688,0.01,120.0,0.64,0.0,0,0,8
1137122040,0.01,120.0,0.75,0.0,0,0,8
1137172646,0.01,120.0,0.64,0.0,0,0,8
1137223737,0.01,120.0,0.65,0.0,0,0,8
1137274667,0.01,120.0,0.73,0.0,0,0,8
1137327306,0.01,120.0,0.73,0.0,0,0,8
1137378483,0.01,120.0,0.73,0.0,0,0,8
1137430107,0.01,120.0,0.77,0.0,0,0,8
1137480640,0.01,120.0,0.9,0.0,0,0,8
1137531655,0.01,120.0,0.29,0.0,0,0,8
1137581783,0.01,120.0,0.76,0.0,0,0,8
1137631654,0.01,120.0,0.84,0.0,0,0,8
1137683341,0.01,120.0,0.67,0.0,0,0,8
1137733676,0.01,120.0,0.81,0.0,0,0,8
1137783734,0.01,120.0,0.69,0.0,0,0,8
1137833706,0.01,120.0,0.69,0.0,0,0,8
1137884957,0.01,120.0,0.69,0.0,0,0,8
1137935751,0.01,120.0,0.6,0.0,0,0,8
1137988530,0.01,120.0,0.6,0.0,0,0,8
1138039511,0.01,120.0,0.79,0.0,0,0,8
1138091437,0.01,120.0,0.67,0.0,0,0,8
1138143810,0.01,120.0,0.67,0.0,0,0,8
1138193713,0.01,120.0,0.73,0.0,0,0,8
1138244645,0.01,120.0,0.69,0.0,0,0,8
1138295153,0.01,120.0,0.64,0.0,0,0,8
1138345683,0.01,120.0,0.64,0.0,0,0,8
1138395761,0.01,120.0,0.61,0.0,0,0,8
1138445682,0.01,120.0,0.61,0.0,0,0,8
1138496629,0.01,120.0,0.65,0.0,0,0,8
1138547692,0.01,120.0,0.65,0.0,0,0,8
1138597703,0.01,120.0,1.01,0.0,0,0,8
1138650746,0.01,120.0,0.85,0.0,0,0,8
1138701720,0.01,120.0,1.38,0.0,0,0,8
1138753235,0.01,120.0,0.31,0.0,0,0,8
1138802670,0.01,120.0,0.59,0.0,0,0,8
1138852969,0.01,120.0,0.79,0.0,0,0,8
1138903700,0.01,120.0,0.71,0.0,0,0,8
1138953642,0.01,120.0,0.67,0.0,0,0,8
1139005498,0.01,120.0,1.05,0.0,0,0,8
1139057141,0.01,120.0,0.67,0.0,0,0,8
1139106814,0.01,120.0,0.67,0.0,0,0,8
1139156967,0.01,120.0,0.71,0.0,0,0,8
1139206682,0.01,120.0,0.79,0.0,0,0,8
1139257719,0.01,120.0,0.82,0.0,0,0,8
1139308970,0.01,120.0,1.13,0.0,0,0,8
1139361800,0.01,120.0,0.52,0.0,0,0,8
1139411646,0.01,120.0,0.72,0.0,0,0,8
1139462116,0.01,120.0,0.63,0.0,0,0,8
1139512935,0.01,120.0,0.7,0.0,0,0,8
1139563663,0.01,120.0,0.66,0.0,0,0,8
1139614947,0.01,120.0,0.8,0.0,0,0,8
1139666637,0.01,120.0,0.59,0.0,0,0,8
1139716651,0.01,120.0,0.78,0.0,0,0,8
1139767792,0.01,120.0,0.64,0.0,0,0,8
1139818522,0.01,120.0,0.75,0.0,0,0,8
1139868648,0.01,120.0,0.73,0.0,0,0,8
1139918983,0.01,120.0,0.67,0.0,0,0,8
1139968841,0.01,120.0,0.74,0.0,0,0,8
1140020089,0.01,120.0,0.68,0.0,0,0,8
1140072584,0.01,120.0,0.79,0.0,0,0,8
1140123743,0.01,120.0,0.89,0.0,0,0,8
1140175234,0.01,120.0,0.71,0.0,0,0,8
1140224638,0.01,120.0,0.82,0.0,0,0,8
1140274956,0.01,120.0,0.78,0.0,0,0,8
1140326580,0.01,120.0,0.85,0.0,0,0,8
1140376893,0.01,120.0,0.72,0.0,0,0,8
1140426993,0.01,120.0,0.84,0.0,0,0,8
1140478621,0.01,120.0,0.71,0.0,0,0,8
1140530648,0.01,120.0,0.84,0.0,0,0,8
1140583759,0.01,120.0,0.76,0.0,0,0,8
1140633692,0.01,120.0,0.82,0.0,0,0,8
1140683970,0.01,120.0,0.72,0.0,0,0,8
1140735355,0.01,120.0,0.72,0.0,0,0,8
1140787663,0.01,120.0,0.64,0.0,0,0,8
1140839488,0.01,120.0,0.74,0.0,0,0,8
1140889652,0.01,120.0,0.68,0.0,0,0,8
1140940641,0.01,120.0,0.57,0.0,0,0,8
1140991304,0.01,120.0,0.71,0.0,0,0,8
1141043837,0.01,120.0,0.76,0.0,0,0,8
1141093704,0.01,120.0,0.71,0.0,0,0,8
1141144859,0.01,120.0,0.93,0.0,0,0,8
1141196071,0.01,120.0,0.66,0.0,0,0,8
1141247604,0.01,120.0,0.62,0.0,0,0,8
1141297728,0.01,120.0,0.67,0.0,0,0,8
1141347936,0.01,120.0,0.8,0.0,0,0,8
1141397657,0.01,120.0,0.73,0.0,0,0,8
1141448153,0.01,120.0,0.73,0.0,0,0,8
1141497713,0.01,120.0,0.73,0.0,0,0,8
1141547779,0.01,120.0,0.73,0.0,0,0,8
1141597675,0.01,120.0,0.73,0.0,0,0,8
1141648068,0.01,120.0,0.73,0.0,0,0,8
1141699341,0.01,120.0,0.73,0.0,0,0,8
1141749673,0.01,120.0,0.93,0.0,0,0,8
1141800636,0.01,120.0,0.7,0.0,0,0,8
1141851712,0.01,120.0,0.82,0.0,0,0,8
1141902082,0.01,120.0,0.82,0.0,0,0,8
1141952998,0.01,120.0,0.74,0.0,0,0,8
1142006124,0.01,120.0,1.0,0.0,0,0,8
1142055744,0.01,120.0,0.65,0.0,0,0,8
1142106254,0.01,120.0,0.65,0.0,0,0,8
1142156986,0.01,120.0,0.97,0.0,0,0,8
1142207492,0.01,120.0,0.63,0.0,0,0,8
1142257753,0.01,120.0,0.75,0.0,0,0,8
1142309339,0.01,120.0,0.83,0.0,0,0,8
1142361460,0.01,120.0,0.7,0.0,0,0,8
1142413331,0.01,120.0,0.7,0.0,0,0,8
1142467531,0.01,120.0,0.7,0.0,0,0,8
1142518915,0.01,120.0,0.7,0.0,0,0,8
1142568990,0.01,120.0,0.54,0.0,0,0,8
1142619636,0.01,120.0,0.74,0.0,0,0,8
1142669653,0.01,120.0,0.62,0.0,0,0,8
1142719685,0.01,120.0,0.62,0.0,0,0,8
1142769753,0.01,120.0,0.48,0.0,0,0,8
1142819786,0.01,120.0,0.56,0.0,0,0,8
1142870802,0.01,120.0,0.77,0.0,0,0,8
1142922517,0.01,120.0,0.59,0.0,0,0,8
1142974546,0.01,120.0,0.64,0.0,0,0,8
1143027935,0.01,120.0,0.56,0.0,0,0,8
1143078832,0.01,120.0,0.63,0.0,0,0,8
1143129106,0.01,120.0,0.67,0.0,0,0,8
1143179688,0.01,120.0,0.79,0.0,0,0,8
1143230689,0.01,120.0,0.75,0.0,0,0,8
1143282588,0.01,120.0,0.63,0.0,0,0,8
1143332655,0.01,120.0,0.77,0.0,0,0,8
1143383671,0.01,120.0,0.61,0.0,0,0,8
1143434265,0.01,120.0,0.85,0.0,0,0,8
1143487732,0.01,120.0,0.76,0.0,0,0,8
1143538149,0.01,120.0,0.85,0.0,0,0,8
1143588262,0.01,120.0,0.61,0.0,0,0,8
1143638740,0.01,120.0,0.72,0.0,0,0,8
1143690247,0.01,120.0,0.6,0.0,0,0,8
1143740629,0.01,120.0,0.79,0.0,0,0,8
1143790761,0.01,120.0,0.71,0.0,0,0,8
1143842547,0.01,120.0,0.67,0.0,0,0,8
1143893697,0.01,120.0,0.66,0.0,0,0,8
1143945163,0.01,120.0,0.66,0.0,0,0,8
1143994681,0.01,120.0,0.47,0.0,0,0,8
1144045699,0.01,120.0,0.77,0.0,0,0,8
1144096694,0.01,120.0,0.57,0.0,0,0,8
1144146802,0.01,120.0,0.65,0.0,0,0,8
1144200098,0.01,120.0,0.65,0.0,0,0,8
1144250509,0.01,120.0,0.65,0.0,0,0,8
1144300664,0.01,120.0,0.76,0.0,0,0,8
1144352252,0.01,120.0,1.08,0.0,0,0,8
1144402716,0.01,120.0,1.08,0.0,0,0,8
1144453676,0.01,120.0,1.9,0.0,0,0,8
1144504872,0.01,120.0,1.07,0.0,0,0,8
1144556539,0.01,120.0,0.56,0.0,0,0,8
1144606691,0.01,120.0,0.44,0.0,0,0,8
1144657701,0.01,120.0,1.04,0.0,0,0,8
1144709823,0.01,120.0,0.74,0.0,0,0,8
1144761151,0.01,120.0,0.64,0.0,0,0,8
1144812572,0.01,120.0,0.73,0.0,0,0,8
1144863699,0.01,120.0,0.83,0.0,0,0,8
1144913821,0.01,120.0,0.69,0.0,0,0,8
1144964642,0.01,120.0,1.03,0.0,0,0,8
1145015675,0.01,120.0,0.93,0.0,0,0,8
1145066745,0.01,120.0,0.62,0.0,0,0,8
1145116663,0.01,120.0,0.87,0.0,0,0,8
1145167643,0.01,120.0,0.75,0.0,0,0,8
1145218099,0.01,120.0,0.8,0.0,0,0,8
1145267782,0.01,120.0,0.7,0.0,0,0,8
1145317909,0.01,120.0,0.75,0.0,0,0,8
1145367715,0.01,120.0,0.69,0.0,0,0,8
1145418707,0.01,120.0,0.69,0.0,0,0,8
1145468647,0.01,120.0,0.69,0.0,0,0,8
1145519686,0.01,120.0,0.69,0.0,0,0,8
1145571666,0.01,120.0,0.62,0.0,0,0,8
1145622698,0.01,120.0,0.88,0.0,0,0,8
1145674081,0.01,120.0,0.51,0.0,0,0,8
1145725986,0.01,120.0,0.77,0.0,0,0,8
1145776629,0.01,120.0,0.72,0.0,0,0,8
1145827696,0.01,120.0,0.89,0.0,0,0,8
1145879542,0.01,120.0,0.81,0.0,0,0,8
1145933287,0.01,120.0,0.73,0.0,0,0,8
1145983717,0.01,120.0,0.55,0.0,0,0,8
1146035339,0.01,120.0,0.77,0.0,0,0,8
1146085723,0.01,120.0,0.69,0.0,0,0,8
1146135648,0.01,120.0,0.85,0.0,0,0,8
1146187574,0.01,120.0,1.22,0.0,0,0,8
1146237680,0.01,120.0,0.78,0.0,0,0,8
1146288648,0.01,120.0,0.48,0.0,0,0,8
1146339192,0.01,120.0,0.67,0.0,0,0,8
1146389882,0.01,120.0,0.63,0.0,0,0,8
1146440643,0.01,120.0,2.25,0.0,0,0,8
1146492917,0.01,120.0,0.64,0.0,0,0,8
1146544783,0.01,120.0,0.59,0.0,0,0,8
1146595650,0.01,120.0,0.9,0.0,0,0,8
1146647949,0.01,120.0,1.11,0.0,0,0,8
1146699326,0.01,120.0,0.73,0.0,0,0,8
1146751373,0.01,120.0,0.93,0.0,0,0,8
1146804311,0.01,120.0,0.65,0.0,0,0,8
1146856791,0.01,120.0,0.08,0.0,0,0,8
1146906653,0.01,120.0,0.71,0.0,0,0,8
1146957674,0.01,120.0,0.8,0.0,0,0,8
1147008968,0.01,120.0,0.17,0.0,0,0,8
1147058670,0.01,120.0,0.51,0.0,0,0,8
1147109122,0.01,120.0,0.71,0.0,0,0,8
1147158865,0.01,120.0,0.59,0.0,0,0,8
1147209809,0.01,120.0,0.69,0.0,0,0,8
1147261181,0.01,120.0,0.76,0.0,0,0,8
1147310791,0.01,120.0,0.65,0.0,0,0,8
1147361717,0.01,120.0,0.71,0.0,0,0,8
1147413104,0.01,120.0,0.77,0.0,0,0,8
1147462827,0.01,120.0,0.84,0.0,0,0,8
1147514934,0.01,120.0,0.46,0.0,0,0,8
1147566626,0.01,120.0,0.56,0.0,0,0,8
1147617660,0.01,120.0,0.81,0.0,0,0,8
1147667642,0.01,120.0,0.62,0.0,0,0,8
1147717731,0.01,120.0,0.58,0.0,0,0,8
1147769737,0.01,120.0,0.87,0.0,0,0,8
1147821674,0.01,120.0,0.66,0.0,0,0,8
1147872646,0.01,120.0,0.63,0.0,0,0,8
1147923691,0.01,120.0,0.63,0.0,0,0,8
1147975736,0.01,120.0,0.86,0.0,0,0,8
1148027271,0.01,120.0,0.86,0.0,0,0,8
1148078360,0.01,120.0,0.99,0.0,0,0,8
1148130258,0.01,120.0,0.98,0.0,0,0,8
1148180250,0.01,120.0,0.74,0.0,0,0,8
1148230359,0.01,120.0,0.78,0.0,0,0,8
1148282548,0.01,120.0,0.94,0.0,0,0,8
1148332650,0.01,120.0,0.61,0.0,0,0,8
1148383651,0.01,120.0,0.73,0.0,0,0,8
1148434515,0.01,120.0,0.65,0.0,0,0,8
1148484648,0.01,120.0,0.72,0.0,0,0,8
1148536900,0.01,120.0,0.72,0.0,0,0,8
1148587715,0.01,120.0,0.71,0.0,0,0,8
1148638660,0.01,120.0,0.8,0.0,0,0,8
1148690356,0.01,120.0,0.79,0.0,0,0,8
1148742639,0.01,120.0,0.71,0.0,0,0,8
1148792630,0.01,120.0,1.07,0.0,0,0,8
1148843746,0.01,120.0,0.69,0.0,0,0,8
1148894792,0.01,120.0,0.69,0.0,0,0,8
1148945661,0.01,120.0,0.69,0.0,0,0,8
1148998067,0.01,120.0,0.76,0.0,0,0,8
1149048894,0.01,120.0,0.67,0.0,0,0,8
1149100429,0.01,120.0,1.07,0.0,0,0,8
1149150680,0.01,120.0,0.53,0.0,0,0,8
1149200659,0.01,120.0,0.75,0.0,0,0,8
1149252970,0.01,120.0,0.6,0.0,0,0,8
1149302656,0.01,120.0,0.79,0.0,0,0,8
1149353749,0.01,120.0,0.65,0.0,0,0,8
1149404759,0.01,120.0,0.91,0.0,0,0,8
1149456536,0.01,120.0,1.08,0.0,0,0,8
1149509827,0.01,120.0,0.73,0.0,0,0,8
1149560185,0.01,120.0,0.82,0.0,0,0,8
1149609871,0.01,120.0,0.78,0.0,0,0,8
1149660466,0.01,120.0,0.85,0.0,0,0,8
1149712612,0.01,120.0,0.85,0.0,0,0,8
1149764928,0.01,120.0,0.73,0.0,0,0,8
1149816572,0.01,120.0,0.66,0.0,0,0,8
1149869692,0.01,120.0,0.97,0.0,0,0,8
1149921806,0.01,120.0,0.83,0.0,0,0,8
1149972648,0.01,120.0,0.77,0.0,0,0,8
1150023648,0.01,120.0,0.82,0.0,0,0,8
1150074346,0.01,120.0,0.76,0.0,0,0,8
1150124764,0.01,120.0,1.02,0.0,0,0,8
1150175693,0.01,120.0,0.86,0.0,0,0,8
1150226769,0.01,120.0,0.72,0.0,0,0,8
1150279679,0.01,120.0,0.89,0.0,0,0,8
1150330868,0.01,120.0,0.84,0.0,0,0,8
1150382114,0.01,120.0,0.69,0.0,0,0,8
1150432659,0.01,120.0,0.95,0.0,0,0,8
1150483644,0.01,120.0,0.77,0.0,0,0,8
1150534232,0.01,120.0,1.13,0.0,0,0,8
1150584640,0.01,120.0,0.71,0.0,0,0,8
1150635684,0.01,120.0,0.67,0.0,0,0,8
1150686167,0.01,120.0,0.78,0.0,0,0,8
1150735650,0.01,120.0,0.67,0.0,0,0,8
1150786687,0.01,120.0,0.54,0.0,0,0,8
1150837675,0.01,120.0,0.68,0.0,0,0,8
1150888658,0.01,120.0,0.94,0.0,0,0,8
1150940948,0.01,120.0,0.94,0.0,0,0,8
1150991321,0.01,120.0,0.47,0.0,0,0,8
1151043535,0.01,120.0,0.68,0.0,0,0,8
1151095367,0.01,120.0,0.68,0.0,0,0,8
1151147353,0.01,120.0,0.68,0.0,0,0,8
1151197673,0.01,120.0,0.6,0.0,0,0,8
1151247798,0.01,120.0,0.67,0.0,0,0,8
1151301145,0.01,120.0,0.8,0.0,0,0,8
1151352059,0.01,120.0,0.8,0.0,0,0,8
1151403712,0.01,120.0,0.76,0.0,0,0,8
1151455787,0.01,120.0,0.92,0.0,0,0,8
1151505706,0.01,120.0,0.16,0.0,0,0,8
1151555831,0.01,120.0,0.3,0.0,0,0,8
1151607381,0.01,120.0,0.65,0.0,0,0,8
1152114746,0.01,120.0,0.85,0.0,0,0,8
1152165690,0.01,120.0,0.85,0.0,0,0,8
1152215655,0.01,120.0,0.77,0.0,0,0,8
1152265668,0.01,120.0,0.84,0.0,0,0,8
1152316977,0.01,120.0,0.76,0.0,0,0,8
1152367857,0.01,120.0,0.77,0.0,0,0,8
1152418224,0.01,120.0,0.93,0.0,0,0,8
1152469547,0.01,120.0,0.81,0.0,0,0,8
1152519685,0.01,120.0,0.69,0.0,0,0,8
1152570734,0.01,120.0,0.76,0.0,0,0,8
1152620978,0.01,120.0,0.85,0.0,0,0,8
1152670774,0.01,120.0,0.89,0.0,0,0,8
1152721454,0.01,120.0,0.74,0.0,0,0,8
1152771652,0.01,120.0,0.7,0.0,0,0,8
1152823479,0.01,120.0,0.82,0.0,0,0,8
1152874393,0.01,120.0,0.81,0.0,0,0,8
1152926615,0.01,120.0,0.63,0.0,0,0,8
1152977004,0.01,120.0,1.16,0.0,0,0,8
1153027484,0.01,120.0,0.79,0.0,0,0,8
1153078526,0.01,120.0,0.66,0.0,0,0,8
1153130716,0.01,120.0,0.61,0.0,0,0,8
1153180668,0.01,120.0,0.1,0.0,0,0,8
1153231630,0.01,120.0,0.6,0.0,0,0,8
1153284091,0.01,120.0,0.54,0.0,0,0,8
1153335374,0.01,120.0,0.55,0.0,0,0,8
1153386914,0.01,120.0,0.69,0.0,0,0,8
1153436685,0.01,120.0,0.19,0.0,0,0,8
1153486730,0.01,120.0,0.69,0.0,0,0,8
1153538362,0.01,120.0,2.34,0.0,0,0,8
1153590510,0.01,120.0,0.64,0.0,0,0,8
1153642701,0.01,120.0,0.39,0.0,0,0,8
1153695984,0.01,120.0,0.9,0.0,0,0,8
1153747158,0.01,120.0,0.64,0.0,0,0,8
1153798263,0.01,120.0,0.84,0.0,0,0,8
1153848935,0.01,120.0,0.88,0.0,0,0,8
1153898703,0.01,120.0,1.08,0.0,0,0,8
1153948872,0.01,120.0,0.52,0.0,0,0,8
1154000465,0.01,120.0,0.77,0.0,0,0,8
1154052484,0.01,120.0,0.95,0.0,0,0,8
1154106153,0.01,120.0,0.14,0.0,0,0,8
1154156376,0.01,120.0,0.54,0.0,0,0,8
1154206797,0.01,120.0,0.54,0.0,0,0,8
1154256932,0.01,120.0,0.0,0.0,0,0,8
1154308238,0.01,120.0,1.76,0.0,0,0,8
1154358678,0.01,120.0,1.01,0.0,0,0,8
1154408757,0.01,120.0,0.32,0.0,0,0,8
1154460169,0.01,120.0,0.46,0.0,0,0,8
1154510668,0.01,120.0,0.63,0.0,0,0,8
1154561685,0.01,120.0,0.46,0.0,0,0,8
1154612755,0.01,120.0,1.42,0.0,0,0,8
1154662676,0.01,120.0,0.61,0.0,0,0,8
1154712902,0.01,120.0,0.0,0.0,0,0,8
1154762764,0.01,120.0,0.85,0.0,0,0,8
1154812629,0.01,120.0,0.41,0.0,0,0,8
1154862819,0.01,120.0,0.92,0.0,0,0,8
1154912746,0.01,120.0,0.18,0.0,0,0,8
1154963767,0.01,120.0,0.63,0.0,0,0,8
1155014669,0.01,120.0,0.37,0.0,0,0,8
1155067040,0.01,120.0,0.06,0.0,0,0,8
1155118787,0.01,120.0,0.94,0.0,0,0,8
1155170176,0.01,120.0,0.17,0.0,0,0,8
1155220666,0.01,120.0,2.55,0.0,0,0,8
1155271725,0.01,120.0,0.52,0.0,0,0,8
1155322129,0.01,120.0,1.34,0.0,0,0,8
1155372645,0.01,120.0,0.71,0.0,0,0,8
1155422834,0.01,120.0,0.64,0.0,0,0,8
1155472646,0.01,120.0,0.92,0.0,0,0,8
1155523659,0.01,120.0,0.68,0.0,0,0,8
1155574691,0.01,120.0,0.81,0.0,0,0,8
1155626261,0.01,120.0,0.87,0.0,0,0,8
1155678709,0.01,120.0,0.66,0.0,0,0,8
1155728661,0.01,120.0,0.82,0.0,0,0,8
1155779322,0.01,120.0,0.57,0.0,0,0,8
1155830719,0.01,120.0,1.28,0.0,0,0,8
1155882646,0.01,120.0,0.71,0.0,0,0,8
1155932630,0.01,120.0,0.71,0.0,0,0,8
1155983789,0.01,120.0,0.77,0.0,0,0,8
1156034847,0.01,120.0,0.69,0.0,0,0,8
1156085077,0.01,120.0,0.98,0.0,0,0,8
1156135637,0.01,120.0,0.78,0.0,0,0,8
1156186782,0.01,120.0,1.01,0.0,0,0,8
1156236658,0.01,120.0,0.66,0.0,0,0,8
1156286856,0.01,120.0,0.75,0.0,0,0,8
1156339687,0.01,120.0,0.75,0.0,0,0,8
1156390537,0.01,120.0,0.47,0.0,0,0,8
1156442640,0.01,120.0,1.1,0.0,0,0,8
1156494775,0.01,120.0,1.47,0.0,0,0,8
1156546188,0.01,120.0,0.88,0.0,0,0,8
1156596639,0.01,120.0,0.81,0.0,0,0,8
1156647217,0.01,120.0,0.9,0.0,0,0,8
1156696642,0.01,120.0,0.74,0.0,0,0,8
1156747645,0.01,120.0,0.75,0.0,0,0,8
1156800152,0.01,120.0,0.79,0.0,0,0,8
1156850468,0.01,120.0,0.6,0.0,0,0,8
1156902389,0.01,120.0,0.67,0.0,0,0,8
1156954324,0.01,120.0,0.96,0.0,0,0,8
1157006366,0.01,120.0,0.98,0.0,0,0,8
1157056643,0.01,120.0,0.87,0.0,0,0,8
1157107309,0.01,120.0,0.96,0.0,0,0,8
1157158726,0.01,120.0,0.75,0.0,0,0,8
1157211037,0.01,120.0,0.75,0.0,0,0,8
1157262534,0.01,120.0,0.75,0.0,0,0,8
1157312877,0.01,120.0,0.75,0.0,0,0,8
1157363177,0.01,120.0,0.68,0.0,0,0,8
1157413675,0.01,120.0,0.68,0.0,0,0,8
1157464913,0.01,120.0,1.2,0.0,0,0,8
1157514765,0.01,120.0,0.72,0.0,0,0,8
1157564643,0.01,120.0,0.91,0.0,0,0,8
1157616178,0.01,120.0,1.11,0.0,0,0,8
1157666190,0.01,120.0,0.74,0.0,0,0,8
1157716808,0.01,120.0,0.63,0.0,0,0,8
1157766689,0.01,120.0,0.83,0.0,0,0,8
1157817664,0.01,120.0,0.66,0.0,0,0,8
1157868388,0.01,120.0,0.69,0.0,0,0,8
1157921567,0.01,120.0,0.87,0.0,0,0,8
1157974371,0.01,120.0,0.71,0.0,0,0,8
1158025708,0.01,120.0,0.49,0.0,0,0,8
1158076934,0.01,120.0,0.59,0.0,0,0,8
1158128773,0.01,120.0,0.44,0.0,0,0,8
1158178705,0.01,120.0,1.67,0.0,0,0,8
1158229795,0.01,120.0,0.58,0.0,0,0,8
1158279629,0.01,120.0,0.17,0.0,0,0,8
1158329733,0.01,120.0,0.57,0.0,0,0,8
1158382999,0.01,120.0,0.57,0.0,0,0,8
1158434596,0.01,120.0,0.81,0.0,0,0,8
1158486820,0.01,120.0,0.65,0.0,0,0,8
1158537772,0.01,120.0,0.16,0.0,0,0,8
1158588648,0.01,120.0,0.67,0.0,0,0,8
1158639709,0.01,120.0,0.8,0.0,0,0,8
1158690672,0.01,120.0,0.69,0.0,0,0,8
1158743267,0.01,120.0,0.73,0.0,0,0,8
1158794664,0.01,120.0,1.0,0.0,0,0,8
1158846511,0.01,120.0,1.19,0.0,0,0,8
1158896672,0.01,120.0,1.28,0.0,0,0,8
1158947732,0.01,120.0,0.9,0.0,0,0,8
1158998653,0.01,120.0,0.69,0.0,0,0,8
1159050060,0.01,120.0,0.98,0.0,0,0,8
1159100719,0.01,120.0,0.9,0.0,0,0,8
1159151085,0.01,120.0,0.0,0.0,0,0,8
1159201692,0.01,120.0,0.75,0.0,0,0,8
1159255311,0.01,120.0,0.44,0.0,0,0,8
1159307462,0.01,120.0,0.69,0.0,0,0,8
1159357743,0.01,120.0,0.52,0.0,0,0,8
1159407813,0.01,120.0,0.81,0.0,0,0,8
1159459543,0.01,120.0,0.62,0.0,0,0,8
1159509680,0.01,120.0,0.74,0.0,0,0,8
1159560904,0.01,120.0,0.67,0.0,0,0,8
1159611183,0.01,120.0,0.67,0.0,0,0,8
1159660629,0.01,120.0,0.86,0.0,0,0,8
1159711842,0.01,120.0,0.78,0.0,0,0,8
1159765446,0.01,120.0,0.84,0.0,0,0,8
1159816224,0.01,120.0,0.0,0.0,0,0,8
1159866370,0.01,120.0,0.03,0.0,0,0,8
1159917686,0.01,120.0,0.41,0.0,0,0,8
1159968651,0.01,120.0,0.67,0.0,0,0,8
1160019381,0.01,120.0,0.91,0.0,0,0,8
1160071831,0.01,120.0,0.95,0.0,0,0,8
1160123186,0.01,120.0,0.46,0.0,0,0,8
1160173775,0.01,120.0,1.85,0.0,0,0,8
1160223643,0.01,120.0,0.41,0.0,0,0,8
1160275967,0.01,120.0,0.91,0.0,0,0,8
1160326725,0.01,120.0,0.08,0.0,0,0,8
1160377368,0.01,120.0,0.54,0.0,0,0,8
1160429373,0.01,120.0,0.54,0.0,0,0,8
1160481330,0.01,120.0,0.81,0.0,0,0,8
1160531672,0.01,120.0,0.74,0.0,0,0,8
1160581647,0.01,120.0,0.56,0.0,0,0,8
1160631638,0.01,120.0,0.82,0.0,0,0,8
1160682787,0.01,120.0,1.24,0.0,0,0,8
1160733372,0.01,120.0,1.62,0.0,0,0,8
1160786619,0.01,120.0,1.09,0.0,0,0,8
1160837861,0.01,120.0,1.93,0.0,0,0,8
1160888991,0.01,120.0,0.94,0.0,0,0,8
1160939681,0.01,120.0,0.68,0.0,0,0,8
1160990795,0.01,120.0,0.68,0.0,0,0,8
1161041269,0.01,120.0,0.0,0.0,0,0,8
1161090697,0.01,120.0,0.87,0.0,0,0,8
1161141690,0.01,120.0,0.0,0.0,0,0,8
1161192643,0.01,120.0,1.21,0.0,0,0,8
1161242884,0.01,120.0,0.83,0.0,0,0,8
1161294253,0.01,120.0,1.2,0.0,0,0,8
1161343651,0.01,120.0,0.78,0.0,0,0,8
1161394540,0.01,120.0,0.62,0.0,0,0,8
1161444646,0.01,120.0,0.85,0.0,0,0,8
1161495737,0.01,120.0,0.22,0.0,0,0,8
1161547732,0.01,120.0,0.68,0.0,0,0,8
1161599293,0.01,120.0,1.27,0.0,0,0,8
1161648647,0.01,120.0,0.53,0.0,0,0,8
1161699365,0.01,120.0,0.45,0.0,0,0,8
1161750452,0.01,120.0,0.88,0.0,0,0,8
1161802497,0.01,120.0,0.0,0.0,0,0,8
1161853289,0.01,120.0,1.7,0.0,0,0,8
1161902958,0.01,120.0,0.81,0.0,0,0,8
1161952832,0.01,120.0,0.24,0.0,0,0,8
1162003695,0.01,120.0,0.0,0.0,0,0,8
1162054242,0.01,120.0,0.56,0.0,0,0,8
1162104996,0.01,120.0,0.45,0.0,0,0,8
1162155644,0.01,120.0,1.0,0.0,0,0,8
1162205743,0.01,120.0,0.69,0.0,0,0,8
1162256787,0.01,120.0,1.05,0.0,0,0,8
1162310063,0.01,120.0,1.34,0.0,0,0,8
1162360667,0.01,120.0,1.25,0.0,0,0,8
1162410779,0.01,120.0,0.43,0.0,0,0,8
1162461857,0.01,120.0,0.89,0.0,0,0,8
1162512666,0.01,120.0,0.39,0.0,0,0,8
1162562766,0.01,120.0,0.73,0.0,0,0,8
1162612767,0.01,120.0,0.87,0.0,0,0,8
1162662765,0.01,120.0,0.75,0.0,0,0,8
1162712855,0.01,120.0,0.81,0.0,0,0,8
1162762724,0.01,120.0,0.54,0.0,0,0,8
1162812784,0.01,120.0,1.13,0.0,0,0,8
1162864651,0.01,120.0,0.39,0.0,0,0,8
1162914674,0.01,120.0,0.67,0.0,0,0,8
1162965882,0.01,120.0,1.54,0.0,0,0,8
1163016630,0.01,120.0,0.63,0.0,0,0,8
1163068489,0.01,120.0,0.68,0.0,0,0,8
1163120973,0.01,120.0,0.3,0.0,0,0,8
1163171726,0.01,120.0,0.9,0.0,0,0,8
1163222252,0.01,120.0,1.04,0.0,0,0,8
1163271642,0.01,120.0,0.85,0.0,0,0,8
1163322179,0.01,120.0,0.46,0.0,0,0,8
1163371889,0.01,120.0,0.68,0.0,0,0,8
1163422125,0.01,120.0,0.28,0.0,0,0,8
1163472656,0.01,120.0,0.58,0.0,0,0,8
1163523646,0.01,120.0,0.9,0.0,0,0,8
1163574366,0.01,120.0,0.6,0.0,0,0,8
1163626047,0.01,120.0,0.89,0.0,0,0,8
1163676633,0.01,120.0,0.56,0.0,0,0,8
1163726790,0.01,120.0,0.39,0.0,0,0,8
1163776642,0.01,120.0,0.46,0.0,0,0,8
1163826794,0.01,120.0,0.64,0.0,0,0,8
1163877788,0.01,120.0,0.71,0.0,0,0,8
1163928658,0.01,120.0,0.71,0.0,0,0,8
1163978712,0.01,120.0,0.71,0.0,0,0,8
1164028629,0.01,120.0,0.86,0.0,0,0,8
1164079733,0.01,120.0,0.86,0.0,0,0,8
1164132474,0.01,120.0,0.86,0.0,0,0,8
1164183443,0.01,120.0,1.25,0.0,0,0,8
1164235414,0.01,120.0,1.59,0.0,0,0,8
1164285681,0.01,120.0,0.77,0.0,0,0,8
1164335700,0.01,120.0,0.9,0.0,0,0,8
1164387574,0.01,120.0,0.9,0.0,0,0,8
1164439517,0.01,120.0,0.75,0.0,0,0,8
1164492873,0.01,120.0,0.88,0.0,0,0,8
1164543853,0.01,120.0,0.77,0.0,0,0,8
1164595335,0.01,120.0,0.99,0.0,0,0,8
1164647474,0.01,120.0,0.95,0.0,0,0,8
1164699191,0.01,120.0,0.56,0.0,0,0,8
1164749684,0.01,120.0,0.38,0.0,0,0,8
1164799938,0.01,120.0,0.71,0.0,0,0,8
1164849655,0.01,120.0,1.24,0.0,0,0,8
1164900663,0.01,120.0,1.05,0.0,0,0,8
1164951651,0.01,120.0,0.59,0.0,0,0,8
1165004283,0.01,120.0,0.71,0.0,0,0,8
1165055693,0.01,120.0,0.95,0.0,0,0,8
1165107739,0.01,120.0,0.82,0.0,0,0,8
1165158650,0.01,120.0,0.73,0.0,0,0,8
1165209680,0.01,120.0,0.35,0.0,0,0,8
1165260948,0.01,120.0,0.0,0.0,0,0,8
1165310827,0.01,120.0,0.74,0.0,0,0,8
1165361677,0.01,120.0,3.15,0.0,0,0,8
1165414823,0.01,120.0,0.0,0.0,0,0,8
1165465289,0.01,120.0,1.16,0.0,0,0,8
1165515071,0.01,120.0,0.75,0.0,0,0,8
1165565565,0.01,120.0,1.04,0.0,0,0,8
1165617479,0.01,120.0,0.93,0.0,0,0,8
1165669080,0.01,120.0,1.59,0.0,0,0,8
1165719652,0.01,120.0,0.83,0.0,0,0,8
1165770694,0.01,120.0,1.37,0.0,0,0,8
1165821096,0.01,120.0,1.04,0.0,0,0,8
1165870870,0.01,120.0,0.74,0.0,0,0,8
1165921218,0.01,120.0,1.27,0.0,0,0,8
1165971645,0.01,120.0,1.17,0.0,0,0,8
1166022786,0.01,120.0,1.28,0.0,0,0,8
1166075682,0.01,120.0,0.99,0.0,0,0,8
1166126342,0.01,120.0,1.9,0.0,0,0,8
1166178195,0.01,120.0,0.77,0.0,0,0,8
1166228630,0.01,120.0,0.69,0.0,0,0,8
1166278711,0.01,120.0,0.99,0.0,0,0,8
1166330559,0.01,120.0,0.99,0.0,0,0,8
1166380662,0.01,120.0,0.92,0.0,0,0,8
1166431666,0.01,120.0,0.32,0.0,0,0,8
1166482534,0.01,120.0,0.72,0.0,0,0,8
1166535946,0.01,120.0,0.17,0.0,0,0,8
1166587188,0.01,120.0,0.0,0.0,0,0,8
1166637271,0.01,120.0,0.73,0.0,0,0,8
1166687261,0.01,120.0,1.43,0.0,0,0,8
1166738254,0.01,120.0,1.09,0.0,0,0,8
1166787735,0.01,120.0,0.57,0.0,0,0,8
1166838680,0.01,120.0,0.37,0.0,0,0,8
1166890225,0.01,120.0,1.0,0.0,0,0,8
1166939703,0.01,120.0,0.67,0.0,0,0,8
1166990385,0.01,120.0,1.12,0.0,0,0,8
1167042468,0.01,120.0,0.61,0.0,0,0,8
1167092638,0.01,120.0,0.68,0.0,0,0,8
1167143643,0.01,120.0,0.61,0.0,0,0,8
1167194652,0.01,120.0,1.49,0.0,0,0,8
1167248324,0.01,120.0,1.72,0.0,0,0,8
1167298990,0.01,120.0,1.14,0.0,0,0,8
1167348665,0.01,120.0,0.41,0.0,0,0,8
1167400326,0.01,120.0,1.74,0.0,0,0,8
1167450666,0.01,120.0,0.34,0.0,0,0,8
1167501768,0.01,120.0,0.49,0.0,0,0,8
1167552272,0.01,120.0,0.94,0.0,0,0,8
1167601687,0.01,120.0,0.6,0.0,0,0,8
1167652836,0.01,120.0,0.77,0.0,0,0,8
1167704168,0.01,120.0,0.0,0.0,0,0,8
1167754698,0.01,120.0,0.57,0.0,0,0,8
1167805684,0.01,120.0,0.26,0.0,0,0,8
1167858011,0.01,120.0,0.42,0.0,0,0,8
1167909814,0.01,120.0,0.57,0.0,0,0,8
1167960639,0.01,120.0,0.44,0.0,0,0,8
1168012257,0.01,120.0,0.36,0.0,0,0,8
1168062660,0.01,120.0,0.77,0.0,0,0,8
1168113686,0.01,120.0,0.77,0.0,0,0,8
1168164777,0.01,120.0,0.73,0.0,0,0,8
1168214815,0.01,120.0,0.19,0.0,0,0,8
1168266260,0.01,120.0,0.76,0.0,0,0,8
1168315629,0.01,120.0,0.58,0.0,0,0,8
1168366721,0.01,120.0,0.68,0.0,0,0,8
1168416645,0.01,120.0,0.48,0.0,0,0,8
1168470111,0.01,120.0,0.4,0.0,0,0,8
1168519666,0.01,120.0,0.41,0.0,0,0,8
1168570213,0.01,120.0,0.4,0.0,0,0,8
1168620654,0.01,120.0,0.33,0.0,0,0,8
1168671658,0.01,120.0,1.0,0.0,0,0,8
1168722033,0.01,120.0,0.41,0.0,0,0,8
1168773833,0.01,120.0,0.59,0.0,0,0,8
1168825935,0.01,120.0,0.09,0.0,0,0,8
1168876629,0.01,120.0,1.25,0.0,0,0,8
1168926703,0.01,120.0,0.64,0.0,0,0,8
1168979280,0.01,120.0,0.58,0.0,0,0,8
1169030255,0.01,120.0,0.83,0.0,0,0,8
1169079645,0.01,120.0,0.34,0.0,0,0,8
1169130548,0.01,120.0,0.68,0.0,0,0,8
1169182182,0.01,120.0,0.0,0.0,0,0,8
1169232120,0.01,120.0,0.35,0.0,0,0,8
1169283646,0.01,120.0,0.6,0.0,0,0,8
1169335197,0.01,120.0,0.6,0.0,0,0,8
1169385675,0.01,120.0,0.53,0.0,0,0,8
1169435651,0.01,120.0,0.49,0.0,0,0,8
1169485727,0.01,120.0,0.61,0.0,0,0,8
1169535732,0.01,120.0,0.97,0.0,0,0,8
1169585750,0.01,120.0,0.53,0.0,0,0,8
1169636889,0.01,120.0,0.68,0.0,0,0,8
1169687453,0.01,120.0,0.63,0.0,0,0,8
1169740426,0.01,120.0,0.0,0.0,0,0,8
1169791754,0.01,120.0,0.09,0.0,0,0,8
1169843456,0.01,120.0,1.2,0.0,0,0,8
1169895370,0.01,120.0,0.58,0.0,0,0,8
1169945755,0.01,120.0,0.31,0.0,0,0,8
1169996629,0.01,120.0,0.9,0.0,0,0,8
1170047322,0.01,120.0,0.69,0.0,0,0,8
1170097715,0.01,120.0,0.43,0.0,0,0,8
1170148104,0.01,120.0,0.57,0.0,0,0,8
1170197680,0.01,120.0,0.23,0.0,0,0,8
1170249350,0.01,120.0,0.59,0.0,0,0,8
1170299644,0.01,120.0,2.33,0.0,0,0,8
1170351486,0.01,120.0,0.24,0.0,0,0,8
1170403646,0.01,120.0,0.56,0.0,0,0,8
1170454881,0.01,120.0,0.7,0.0,0,0,8
1170505750,0.01,120.0,0.5,0.0,0,0,8
1170557254,0.01,120.0,0.89,0.0,0,0,8
1170607657,0.01,120.0,1.02,0.0,0,0,8
1170658787,0.01,120.0,0.84,0.0,0,0,8
1170709114,0.01,120.0,0.35,0.0,0,0,8
1170759629,0.01,120.0,0.88,0.0,0,0,8
1170809650,0.01,120.0,0.71,0.0,0,0,8
1170859649,0.01,120.0,1.34,0.0,0,0,8
1170910799,0.01,120.0,0.91,0.0,0,0,8
1170963967,0.01,120.0,0.91,0.0,0,0,8
1171014237,0.01,120.0,0.59,0.0,0,0,8
1171063642,0.01,120.0,1.69,0.0,0,0,8
1171114675,0.01,120.0,1.14,0.0,0,0,8
1171165013,0.01,120.0,1.31,0.0,0,0,8
1171215407,0.01,120.0,1.01,0.0,0,0,8
1171267248,0.01,120.0,1.08,0.0,0,0,8
1171318231,0.01,120.0,0.82,0.0,0,0,8
1171368058,0.01,120.0,0.86,0.0,0,0,8
1171418929,0.01,120.0,0.0,0.0,0,0,8
1171470983,0.01,120.0,0.71,0.0,0,0,8
1171520630,0.01,120.0,0.56,0.0,0,0,8
1171571305,0.01,120.0,0.72,0.0,0,0,8
1171620629,0.01,120.0,0.67,0.0,0,0,8
1171671688,0.01,120.0,0.37,0.0,0,0,8
1171723963,0.01,120.0,0.63,0.0,0,0,8
1171775630,0.01,120.0,0.59,0.0,0,0,8
1171826683,0.01,120.0,0.66,0.0,0,0,8
1171878346,0.01,120.0,0.55,0.0,0,0,8
1171930501,0.01,120.0,0.27,0.0,0,0,8
1171980645,0.01,120.0,0.81,0.0,0,0,8
1172030949,0.01,120.0,0.61,0.0,0,0,8
1172080654,0.01,120.0,0.73,0.0,0,0,8
1172130654,0.01,120.0,0.5,0.0,0,0,8
1172182477,0.01,120.0,0.6,0.0,0,0,8
1172235184,0.01,120.0,0.95,0.0,0,0,8
1172285828,0.01,120.0,1.6,0.0,0,0,8
1172336163,0.01,120.0,0.73,0.0,0,0,8
1172385854,0.01,120.0,0.69,0.0,0,0,8
1172436302,0.01,120.0,0.43,0.0,0,0,8
1172486683,0.01,120.0,0.98,0.0,0,0,8
1172537629,0.01,120.0,0.54,0.0,0,0,8
1172588782,0.01,120.0,0.67,0.0,0,0,8
1172638660,0.01,120.0,0.61,0.0,0,0,8
1172688950,0.01,120.0,0.46,0.0,0,0,8
1172740485,0.01,120.0,0.66,0.0,0,0,8
1172792260,0.01,120.0,0.61,0.0,0,0,8
1172842810,0.01,120.0,0.32,0.0,0,0,8
1172892632,0.01,120.0,1.06,0.0,0,0,8
1172942777,0.01,120.0,0.83,0.0,0,0,8
1172992638,0.01,120.0,0.62,0.0,0,0,8
1173042668,0.01,120.0,0.53,0.0,0,0,8
1173092742,0.01,120.0,0.3,0.0,0,0,8
1173142660,0.01,120.0,0.18,0.0,0,0,8
1173193714,0.01,120.0,0.32,0.0,0,0,8
1173246584,0.01,120.0,0.45,0.0,0,0,8
1173296774,0.01,120.0,0.53,0.0,0,0,8
1173347866,0.01,120.0,0.31,0.0,0,0,8
1173397978,0.01,120.0,0.81,0.0,0,0,8
1173447640,0.01,120.0,0.43,0.0,0,0,8
1173498118,0.01,120.0,1.31,0.0,0,0,8
1173547861,0.01,120.0,0.22,0.0,0,0,8
1173598240,0.01,120.0,0.47,0.0,0,0,8
1173647807,0.01,120.0,0.76,0.0,0,0,8
1173698571,0.01,120.0,0.3,0.0,0,0,8
1173748649,0.01,120.0,0.13,0.0,0,0,8
1173798653,0.01,120.0,0.32,0.0,0,0,8
1173849779,0.01,120.0,0.21,0.0,0,0,8
1173900642,0.01,120.0,0.29,0.0,0,0,8
1173950790,0.01,120.0,0.26,0.0,0,0,8
1174000756,0.01,120.0,0.09,0.0,0,0,8
1174051682,0.01,120.0,0.44,0.0,0,0,8
1174102866,0.01,120.0,0.0,0.0,0,0,8
1174152642,0.01,120.0,0.05,0.0,0,0,8
1174203658,0.01,120.0,0.0,0.0,0,0,8
1174255183,0.01,120.0,0.1,0.0,0,0,8
1174305917,0.01,120.0,0.0,0.0,0,0,8
1174356639,0.01,120.0,0.0,0.0,0,0,8
1174409446,0.01,120.0,0.22,0.0,0,0,8
1174460629,0.01,120.0,0.22,0.0,0,0,8
1174511171,0.01,120.0,0.05,0.0,0,0,8
1174561712,0.01,120.0,0.01,0.0,0,0,8
1174611776,0.01,120.0,0.01,0.0,0,0,8
1174661710,0.01,120.0,0.01,0.0,0,0,8
1174712217,0.01,120.0,0.01,0.0,0,0,8
1174763198,0.01,120.0,0.09,0.0,0,0,8
1174813704,0.01,120.0,0.03,0.0,0,0,8
1174863703,0.01,120.0,0.23,0.0,0,0,8
1174915502,0.01,120.0,0.0,0.0,0,0,8
1174967405,0.01,120.0,0.42,0.0,0,0,8
1175017669,0.01,120.0,0.0,0.0,0,0,8
1175070042,0.01,120.0,0.0,0.0,0,0,8
1175120765,0.01,120.0,0.4,0.0,0,0,8
1175171717,0.01,120.0,0.21,0.0,0,0,8
1175223646,0.01,120.0,0.0,0.0,0,0,8
1175273698,0.01,120.0,0.09,0.0,0,0,8
1175323696,0.01,120.0,0.26,0.0,0,0,8
1175373742,0.01,120.0,0.4,0.0,0,0,8
1175423629,0.01,120.0,0.44,0.0,0,0,8
1175473705,0.01,120.0,0.0,0.0,0,0,8
1175523711,0.01,120.0,0.35,0.0,0,0,8
1175573734,0.01,120.0,0.3,0.0,0,0,8
1175623662,0.01,120.0,0.52,0.0,0,0,8
1175675165,0.01,120.0,0.16,0.0,0,0,8
1175725050,0.01,120.0,0.0,0.0,0,0,8
1175774777,0.01,120.0,0.12,0.0,0,0,8
1175825403,0.01,120.0,0.12,0.0,0,0,8
1175877348,0.01,120.0,0.24,0.0,0,0,8
1175927629,0.01,120.0,0.2,0.0,0,0,8
1175978796,0.01,120.0,0.12,0.0,0,0,8
1176030937,0.01,120.0,0.27,0.0,0,0,8
1176082103,0.01,120.0,0.23,0.0,0,0,8
1176133236,0.01,120.0,0.04,0.0,0,0,8
1176183645,0.01,120.0,0.16,0.0,0,0,8
1176234667,0.01,120.0,0.21,0.0,0,0,8
1176284749,0.01,120.0,0.09,0.0,0,0,8
1176335727,0.01,120.0,0.0,0.0,0,0,8
1176386241,0.01,120.0,0.29,0.0,0,0,8
1176435643,0.01,120.0,0.07,0.0,0,0,8
1176486513,0.01,120.0,0.21,0.0,0,0,8
1176538488,0.01,120.0,0.0,0.0,0,0,8
1176588643,0.01,120.0,0.0,0.0,0,0,8
1176639633,0.01,120.0,0.04,0.0,0,0,8
1176692251,0.01,120.0,0.2,0.0,0,0,8
1176742730,0.01,120.0,0.04,0.0,0,0,8
1176794629,0.01,120.0,0.33,0.0,0,0,8
1176846204,0.01,120.0,0.08,0.0,0,0,8
1176896634,0.01,120.0,0.0,0.0,0,0,8
1176947647,0.01,120.0,0.6,0.0,0,0,8
1176998679,0.01,120.0,0.0,0.0,0,0,8
1177048646,0.01,120.0,0.0,0.0,0,0,8
1177099668,0.01,120.0,0.1,0.0,0,0,8
1177150747,0.01,120.0,0.1,0.0,0,0,8
1177200653,0.01,120.0,0.25,0.0,0,0,8
1177253029,0.01,120.0,0.47,0.0,0,0,8
